source_table,resource_type,resource_id,resource_name,driver_id,vehicle_class,transmission,skill_or_requirement,schedule_note,slot_index,slot_start_min,slot_end_min,slot_start,slot_end,raw_value,is_available
driver_availability,driver,박빈정,박빈정,DRV_001,,,111,,0,0,5,00:00,00:05,T,True
driver_availability,driver,박빈정,박빈정,DRV_001,,,111,,1,5,10,00:05,00:10,T,True
driver_availability,driver,박빈정,박빈정,DRV_001,,,111,,2,10,15,00:10,00:15,T,True
driver_availability,driver,박빈정,박빈정,DRV_001,,,111,,3,15,20,00:15,00:20,T,True
driver_availability,driver,박빈정,박빈정,DRV_001,,,111,,4,20,25,00:20,00:25,T,True
driver_availability,driver,박빈정,박빈정,DRV_001,,,111,,5,25,30,00:25,00:30,T,True
driver_availability,driver,박빈정,박빈정,DRV_001,,,111,,6,30,35,00:30,00:35,T,True
driver_availability,driver,박빈정,박빈정,DRV_001,,,111,,7,35,40,00:35,00:40,T,True
driver_availability,driver,박빈정,박빈정,DRV_001,,,111,,8,40,45,00:40,00:45,T,True
driver_availability,driver,박빈정,박빈정,DRV_001,,,111,,9,45,50,00:45,00:50,T,True
driver_availability,driver,박빈정,박빈정,DRV_001,,,111,,10,50,55,00:50,00:55,T,True
driver_availability,driver,박빈정,박빈정,DRV_001,,,111,,11,55,60,00:55,01:00,T,True
driver_availability,driver,박빈정,박빈정,DRV_001,,,111,,12,60,65,01:00,01:05,T,True
driver_availability,driver,박빈정,박빈정,DRV_001,,,111,,13,65,70,01:05,01:10,T,True
driver_availability,driver,박빈정,박빈정,DRV_001,,,111,,14,70,75,01:10,01:15,T,True
driver_availability,driver,박빈정,박빈정,DRV_001,,,111,,15,75,80,01:15,01:20,T,True
driver_availability,driver,박빈정,박빈정,DRV_001,,,111,,16,80,85,01:20,01:25,T,True
driver_availability,driver,박빈정,박빈정,DRV_001,,,111,,17,85,90,01:25,01:30,T,True
driver_availability,driver,박빈정,박빈정,DRV_001,,,111,,18,90,95,01:30,01:35,T,True
driver_availability,driver,박빈정,박빈정,DRV_001,,,111,,19,95,100,01:35,01:40,T,True
driver_availability,driver,박빈정,박빈정,DRV_001,,,111,,20,100,105,01:40,01:45,T,True
driver_availability,driver,박빈정,박빈정,DRV_001,,,111,,21,105,110,01:45,01:50,T,True
driver_availability,driver,박빈정,박빈정,DRV_001,,,111,,22,110,115,01:50,01:55,T,True
driver_availability,driver,박빈정,박빈정,DRV_001,,,111,,23,115,120,01:55,02:00,T,True
driver_availability,driver,박빈정,박빈정,DRV_001,,,111,,24,120,125,02:00,02:05,T,True
driver_availability,driver,박빈정,박빈정,DRV_001,,,111,,25,125,130,02:05,02:10,T,True
driver_availability,driver,박빈정,박빈정,DRV_001,,,111,,26,130,135,02:10,02:15,T,True
driver_availability,driver,박빈정,박빈정,DRV_001,,,111,,27,135,140,02:15,02:20,T,True
driver_availability,driver,박빈정,박빈정,DRV_001,,,111,,28,140,145,02:20,02:25,T,True
driver_availability,driver,박빈정,박빈정,DRV_001,,,111,,29,145,150,02:25,02:30,T,True
driver_availability,driver,박빈정,박빈정,DRV_001,,,111,,30,150,155,02:30,02:35,T,True
driver_availability,driver,박빈정,박빈정,DRV_001,,,111,,31,155,160,02:35,02:40,T,True
driver_availability,driver,박빈정,박빈정,DRV_001,,,111,,32,160,165,02:40,02:45,T,True
driver_availability,driver,박빈정,박빈정,DRV_001,,,111,,33,165,170,02:45,02:50,T,True
driver_availability,driver,박빈정,박빈정,DRV_001,,,111,,34,170,175,02:50,02:55,T,True
driver_availability,driver,박빈정,박빈정,DRV_001,,,111,,35,175,180,02:55,03:00,T,True
driver_availability,driver,박빈정,박빈정,DRV_001,,,111,,36,180,185,03:00,03:05,T,True
driver_availability,driver,박빈정,박빈정,DRV_001,,,111,,37,185,190,03:05,03:10,T,True
driver_availability,driver,박빈정,박빈정,DRV_001,,,111,,38,190,195,03:10,03:15,T,True
driver_availability,driver,박빈정,박빈정,DRV_001,,,111,,39,195,200,03:15,03:20,T,True
driver_availability,driver,박빈정,박빈정,DRV_001,,,111,,40,200,205,03:20,03:25,T,True
driver_availability,driver,박빈정,박빈정,DRV_001,,,111,,41,205,210,03:25,03:30,T,True
driver_availability,driver,박빈정,박빈정,DRV_001,,,111,,42,210,215,03:30,03:35,T,True
driver_availability,driver,박빈정,박빈정,DRV_001,,,111,,43,215,220,03:35,03:40,T,True
driver_availability,driver,박빈정,박빈정,DRV_001,,,111,,44,220,225,03:40,03:45,T,True
driver_availability,driver,박빈정,박빈정,DRV_001,,,111,,45,225,230,03:45,03:50,T,True
driver_availability,driver,박빈정,박빈정,DRV_001,,,111,,46,230,235,03:50,03:55,T,True
driver_availability,driver,박빈정,박빈정,DRV_001,,,111,,47,235,240,03:55,04:00,T,True
driver_availability,driver,박빈정,박빈정,DRV_001,,,111,,48,240,245,04:00,04:05,T,True
driver_availability,driver,박빈정,박빈정,DRV_001,,,111,,49,245,250,04:05,04:10,T,True
driver_availability,driver,박빈정,박빈정,DRV_001,,,111,,50,250,255,04:10,04:15,T,True
driver_availability,driver,박빈정,박빈정,DRV_001,,,111,,51,255,260,04:15,04:20,T,True
driver_availability,driver,박빈정,박빈정,DRV_001,,,111,,52,260,265,04:20,04:25,T,True
driver_availability,driver,박빈정,박빈정,DRV_001,,,111,,53,265,270,04:25,04:30,T,True
driver_availability,driver,박빈정,박빈정,DRV_001,,,111,,54,270,275,04:30,04:35,T,True
driver_availability,driver,박빈정,박빈정,DRV_001,,,111,,55,275,280,04:35,04:40,T,True
driver_availability,driver,박빈정,박빈정,DRV_001,,,111,,56,280,285,04:40,04:45,T,True
driver_availability,driver,박빈정,박빈정,DRV_001,,,111,,57,285,290,04:45,04:50,T,True
driver_availability,driver,박빈정,박빈정,DRV_001,,,111,,58,290,295,04:50,04:55,T,True
driver_availability,driver,박빈정,박빈정,DRV_001,,,111,,59,295,300,04:55,05:00,T,True
driver_availability,driver,박빈정,박빈정,DRV_001,,,111,,60,300,305,05:00,05:05,T,True
driver_availability,driver,박빈정,박빈정,DRV_001,,,111,,61,305,310,05:05,05:10,T,True
driver_availability,driver,박빈정,박빈정,DRV_001,,,111,,62,310,315,05:10,05:15,T,True
driver_availability,driver,박빈정,박빈정,DRV_001,,,111,,63,315,320,05:15,05:20,T,True
driver_availability,driver,박빈정,박빈정,DRV_001,,,111,,64,320,325,05:20,05:25,T,True
driver_availability,driver,박빈정,박빈정,DRV_001,,,111,,65,325,330,05:25,05:30,T,True
driver_availability,driver,박빈정,박빈정,DRV_001,,,111,,66,330,335,05:30,05:35,T,True
driver_availability,driver,박빈정,박빈정,DRV_001,,,111,,67,335,340,05:35,05:40,T,True
driver_availability,driver,박빈정,박빈정,DRV_001,,,111,,68,340,345,05:40,05:45,T,True
driver_availability,driver,박빈정,박빈정,DRV_001,,,111,,69,345,350,05:45,05:50,T,True
driver_availability,driver,박빈정,박빈정,DRV_001,,,111,,70,350,355,05:50,05:55,T,True
driver_availability,driver,박빈정,박빈정,DRV_001,,,111,,71,355,360,05:55,06:00,T,True
driver_availability,driver,박빈정,박빈정,DRV_001,,,111,,72,360,365,06:00,06:05,T,True
driver_availability,driver,박빈정,박빈정,DRV_001,,,111,,73,365,370,06:05,06:10,T,True
driver_availability,driver,박빈정,박빈정,DRV_001,,,111,,74,370,375,06:10,06:15,T,True
driver_availability,driver,박빈정,박빈정,DRV_001,,,111,,75,375,380,06:15,06:20,T,True
driver_availability,driver,박빈정,박빈정,DRV_001,,,111,,76,380,385,06:20,06:25,T,True
driver_availability,driver,박빈정,박빈정,DRV_001,,,111,,77,385,390,06:25,06:30,T,True
driver_availability,driver,박빈정,박빈정,DRV_001,,,111,,78,390,395,06:30,06:35,T,True
driver_availability,driver,박빈정,박빈정,DRV_001,,,111,,79,395,400,06:35,06:40,T,True
driver_availability,driver,박빈정,박빈정,DRV_001,,,111,,80,400,405,06:40,06:45,T,True
driver_availability,driver,박빈정,박빈정,DRV_001,,,111,,81,405,410,06:45,06:50,T,True
driver_availability,driver,박빈정,박빈정,DRV_001,,,111,,82,410,415,06:50,06:55,T,True
driver_availability,driver,박빈정,박빈정,DRV_001,,,111,,83,415,420,06:55,07:00,T,True
driver_availability,driver,박빈정,박빈정,DRV_001,,,111,,84,420,425,07:00,07:05,T,True
driver_availability,driver,박빈정,박빈정,DRV_001,,,111,,85,425,430,07:05,07:10,T,True
driver_availability,driver,박빈정,박빈정,DRV_001,,,111,,86,430,435,07:10,07:15,T,True
driver_availability,driver,박빈정,박빈정,DRV_001,,,111,,87,435,440,07:15,07:20,T,True
driver_availability,driver,박빈정,박빈정,DRV_001,,,111,,88,440,445,07:20,07:25,T,True
driver_availability,driver,박빈정,박빈정,DRV_001,,,111,,89,445,450,07:25,07:30,T,True
driver_availability,driver,박빈정,박빈정,DRV_001,,,111,,90,450,455,07:30,07:35,T,True
driver_availability,driver,박빈정,박빈정,DRV_001,,,111,,91,455,460,07:35,07:40,T,True
driver_availability,driver,박빈정,박빈정,DRV_001,,,111,,92,460,465,07:40,07:45,T,True
driver_availability,driver,박빈정,박빈정,DRV_001,,,111,,93,465,470,07:45,07:50,T,True
driver_availability,driver,박빈정,박빈정,DRV_001,,,111,,94,470,475,07:50,07:55,T,True
driver_availability,driver,박빈정,박빈정,DRV_001,,,111,,95,475,480,07:55,08:00,T,True
driver_availability,driver,박빈정,박빈정,DRV_001,,,111,,96,480,485,08:00,08:05,F,False
driver_availability,driver,박빈정,박빈정,DRV_001,,,111,,97,485,490,08:05,08:10,F,False
driver_availability,driver,박빈정,박빈정,DRV_001,,,111,,98,490,495,08:10,08:15,F,False
driver_availability,driver,박빈정,박빈정,DRV_001,,,111,,99,495,500,08:15,08:20,F,False
driver_availability,driver,박빈정,박빈정,DRV_001,,,111,,100,500,505,08:20,08:25,F,False
driver_availability,driver,박빈정,박빈정,DRV_001,,,111,,101,505,510,08:25,08:30,F,False
driver_availability,driver,박빈정,박빈정,DRV_001,,,111,,102,510,515,08:30,08:35,F,False
driver_availability,driver,박빈정,박빈정,DRV_001,,,111,,103,515,520,08:35,08:40,F,False
driver_availability,driver,박빈정,박빈정,DRV_001,,,111,,104,520,525,08:40,08:45,F,False
driver_availability,driver,박빈정,박빈정,DRV_001,,,111,,105,525,530,08:45,08:50,F,False
driver_availability,driver,박빈정,박빈정,DRV_001,,,111,,106,530,535,08:50,08:55,F,False
driver_availability,driver,박빈정,박빈정,DRV_001,,,111,,107,535,540,08:55,09:00,F,False
driver_availability,driver,박빈정,박빈정,DRV_001,,,111,,108,540,545,09:00,09:05,F,False
driver_availability,driver,박빈정,박빈정,DRV_001,,,111,,109,545,550,09:05,09:10,F,False
driver_availability,driver,박빈정,박빈정,DRV_001,,,111,,110,550,555,09:10,09:15,F,False
driver_availability,driver,박빈정,박빈정,DRV_001,,,111,,111,555,560,09:15,09:20,F,False
driver_availability,driver,박빈정,박빈정,DRV_001,,,111,,112,560,565,09:20,09:25,F,False
driver_availability,driver,박빈정,박빈정,DRV_001,,,111,,113,565,570,09:25,09:30,F,False
driver_availability,driver,박빈정,박빈정,DRV_001,,,111,,114,570,575,09:30,09:35,F,False
driver_availability,driver,박빈정,박빈정,DRV_001,,,111,,115,575,580,09:35,09:40,F,False
driver_availability,driver,박빈정,박빈정,DRV_001,,,111,,116,580,585,09:40,09:45,F,False
driver_availability,driver,박빈정,박빈정,DRV_001,,,111,,117,585,590,09:45,09:50,F,False
driver_availability,driver,박빈정,박빈정,DRV_001,,,111,,118,590,595,09:50,09:55,F,False
driver_availability,driver,박빈정,박빈정,DRV_001,,,111,,119,595,600,09:55,10:00,F,False
driver_availability,driver,박빈정,박빈정,DRV_001,,,111,,120,600,605,10:00,10:05,F,False
driver_availability,driver,박빈정,박빈정,DRV_001,,,111,,121,605,610,10:05,10:10,F,False
driver_availability,driver,박빈정,박빈정,DRV_001,,,111,,122,610,615,10:10,10:15,F,False
driver_availability,driver,박빈정,박빈정,DRV_001,,,111,,123,615,620,10:15,10:20,F,False
driver_availability,driver,박빈정,박빈정,DRV_001,,,111,,124,620,625,10:20,10:25,F,False
driver_availability,driver,박빈정,박빈정,DRV_001,,,111,,125,625,630,10:25,10:30,F,False
driver_availability,driver,박빈정,박빈정,DRV_001,,,111,,126,630,635,10:30,10:35,F,False
driver_availability,driver,박빈정,박빈정,DRV_001,,,111,,127,635,640,10:35,10:40,F,False
driver_availability,driver,박빈정,박빈정,DRV_001,,,111,,128,640,645,10:40,10:45,F,False
driver_availability,driver,박빈정,박빈정,DRV_001,,,111,,129,645,650,10:45,10:50,F,False
driver_availability,driver,박빈정,박빈정,DRV_001,,,111,,130,650,655,10:50,10:55,F,False
driver_availability,driver,박빈정,박빈정,DRV_001,,,111,,131,655,660,10:55,11:00,F,False
driver_availability,driver,박빈정,박빈정,DRV_001,,,111,,132,660,665,11:00,11:05,F,False
driver_availability,driver,박빈정,박빈정,DRV_001,,,111,,133,665,670,11:05,11:10,F,False
driver_availability,driver,박빈정,박빈정,DRV_001,,,111,,134,670,675,11:10,11:15,F,False
driver_availability,driver,박빈정,박빈정,DRV_001,,,111,,135,675,680,11:15,11:20,F,False
driver_availability,driver,박빈정,박빈정,DRV_001,,,111,,136,680,685,11:20,11:25,F,False
driver_availability,driver,박빈정,박빈정,DRV_001,,,111,,137,685,690,11:25,11:30,F,False
driver_availability,driver,박빈정,박빈정,DRV_001,,,111,,138,690,695,11:30,11:35,F,False
driver_availability,driver,박빈정,박빈정,DRV_001,,,111,,139,695,700,11:35,11:40,F,False
driver_availability,driver,박빈정,박빈정,DRV_001,,,111,,140,700,705,11:40,11:45,F,False
driver_availability,driver,박빈정,박빈정,DRV_001,,,111,,141,705,710,11:45,11:50,F,False
driver_availability,driver,박빈정,박빈정,DRV_001,,,111,,142,710,715,11:50,11:55,F,False
driver_availability,driver,박빈정,박빈정,DRV_001,,,111,,143,715,720,11:55,12:00,F,False
driver_availability,driver,박빈정,박빈정,DRV_001,,,111,,144,720,725,12:00,12:05,F,False
driver_availability,driver,박빈정,박빈정,DRV_001,,,111,,145,725,730,12:05,12:10,F,False
driver_availability,driver,박빈정,박빈정,DRV_001,,,111,,146,730,735,12:10,12:15,F,False
driver_availability,driver,박빈정,박빈정,DRV_001,,,111,,147,735,740,12:15,12:20,F,False
driver_availability,driver,박빈정,박빈정,DRV_001,,,111,,148,740,745,12:20,12:25,F,False
driver_availability,driver,박빈정,박빈정,DRV_001,,,111,,149,745,750,12:25,12:30,F,False
driver_availability,driver,박빈정,박빈정,DRV_001,,,111,,150,750,755,12:30,12:35,F,False
driver_availability,driver,박빈정,박빈정,DRV_001,,,111,,151,755,760,12:35,12:40,F,False
driver_availability,driver,박빈정,박빈정,DRV_001,,,111,,152,760,765,12:40,12:45,F,False
driver_availability,driver,박빈정,박빈정,DRV_001,,,111,,153,765,770,12:45,12:50,F,False
driver_availability,driver,박빈정,박빈정,DRV_001,,,111,,154,770,775,12:50,12:55,F,False
driver_availability,driver,박빈정,박빈정,DRV_001,,,111,,155,775,780,12:55,13:00,F,False
driver_availability,driver,박빈정,박빈정,DRV_001,,,111,,156,780,785,13:00,13:05,F,False
driver_availability,driver,박빈정,박빈정,DRV_001,,,111,,157,785,790,13:05,13:10,F,False
driver_availability,driver,박빈정,박빈정,DRV_001,,,111,,158,790,795,13:10,13:15,F,False
driver_availability,driver,박빈정,박빈정,DRV_001,,,111,,159,795,800,13:15,13:20,F,False
driver_availability,driver,박빈정,박빈정,DRV_001,,,111,,160,800,805,13:20,13:25,F,False
driver_availability,driver,박빈정,박빈정,DRV_001,,,111,,161,805,810,13:25,13:30,F,False
driver_availability,driver,박빈정,박빈정,DRV_001,,,111,,162,810,815,13:30,13:35,F,False
driver_availability,driver,박빈정,박빈정,DRV_001,,,111,,163,815,820,13:35,13:40,F,False
driver_availability,driver,박빈정,박빈정,DRV_001,,,111,,164,820,825,13:40,13:45,F,False
driver_availability,driver,박빈정,박빈정,DRV_001,,,111,,165,825,830,13:45,13:50,F,False
driver_availability,driver,박빈정,박빈정,DRV_001,,,111,,166,830,835,13:50,13:55,F,False
driver_availability,driver,박빈정,박빈정,DRV_001,,,111,,167,835,840,13:55,14:00,F,False
driver_availability,driver,박빈정,박빈정,DRV_001,,,111,,168,840,845,14:00,14:05,F,False
driver_availability,driver,박빈정,박빈정,DRV_001,,,111,,169,845,850,14:05,14:10,F,False
driver_availability,driver,박빈정,박빈정,DRV_001,,,111,,170,850,855,14:10,14:15,F,False
driver_availability,driver,박빈정,박빈정,DRV_001,,,111,,171,855,860,14:15,14:20,F,False
driver_availability,driver,박빈정,박빈정,DRV_001,,,111,,172,860,865,14:20,14:25,F,False
driver_availability,driver,박빈정,박빈정,DRV_001,,,111,,173,865,870,14:25,14:30,F,False
driver_availability,driver,박빈정,박빈정,DRV_001,,,111,,174,870,875,14:30,14:35,F,False
driver_availability,driver,박빈정,박빈정,DRV_001,,,111,,175,875,880,14:35,14:40,F,False
driver_availability,driver,박빈정,박빈정,DRV_001,,,111,,176,880,885,14:40,14:45,F,False
driver_availability,driver,박빈정,박빈정,DRV_001,,,111,,177,885,890,14:45,14:50,F,False
driver_availability,driver,박빈정,박빈정,DRV_001,,,111,,178,890,895,14:50,14:55,F,False
driver_availability,driver,박빈정,박빈정,DRV_001,,,111,,179,895,900,14:55,15:00,F,False
driver_availability,driver,박빈정,박빈정,DRV_001,,,111,,180,900,905,15:00,15:05,F,False
driver_availability,driver,박빈정,박빈정,DRV_001,,,111,,181,905,910,15:05,15:10,F,False
driver_availability,driver,박빈정,박빈정,DRV_001,,,111,,182,910,915,15:10,15:15,F,False
driver_availability,driver,박빈정,박빈정,DRV_001,,,111,,183,915,920,15:15,15:20,F,False
driver_availability,driver,박빈정,박빈정,DRV_001,,,111,,184,920,925,15:20,15:25,F,False
driver_availability,driver,박빈정,박빈정,DRV_001,,,111,,185,925,930,15:25,15:30,F,False
driver_availability,driver,박빈정,박빈정,DRV_001,,,111,,186,930,935,15:30,15:35,F,False
driver_availability,driver,박빈정,박빈정,DRV_001,,,111,,187,935,940,15:35,15:40,F,False
driver_availability,driver,박빈정,박빈정,DRV_001,,,111,,188,940,945,15:40,15:45,F,False
driver_availability,driver,박빈정,박빈정,DRV_001,,,111,,189,945,950,15:45,15:50,F,False
driver_availability,driver,박빈정,박빈정,DRV_001,,,111,,190,950,955,15:50,15:55,F,False
driver_availability,driver,박빈정,박빈정,DRV_001,,,111,,191,955,960,15:55,16:00,F,False
driver_availability,driver,박빈정,박빈정,DRV_001,,,111,,192,960,965,16:00,16:05,F,False
driver_availability,driver,박빈정,박빈정,DRV_001,,,111,,193,965,970,16:05,16:10,F,False
driver_availability,driver,박빈정,박빈정,DRV_001,,,111,,194,970,975,16:10,16:15,F,False
driver_availability,driver,박빈정,박빈정,DRV_001,,,111,,195,975,980,16:15,16:20,F,False
driver_availability,driver,박빈정,박빈정,DRV_001,,,111,,196,980,985,16:20,16:25,F,False
driver_availability,driver,박빈정,박빈정,DRV_001,,,111,,197,985,990,16:25,16:30,F,False
driver_availability,driver,박빈정,박빈정,DRV_001,,,111,,198,990,995,16:30,16:35,F,False
driver_availability,driver,박빈정,박빈정,DRV_001,,,111,,199,995,1000,16:35,16:40,F,False
driver_availability,driver,박빈정,박빈정,DRV_001,,,111,,200,1000,1005,16:40,16:45,F,False
driver_availability,driver,박빈정,박빈정,DRV_001,,,111,,201,1005,1010,16:45,16:50,F,False
driver_availability,driver,박빈정,박빈정,DRV_001,,,111,,202,1010,1015,16:50,16:55,F,False
driver_availability,driver,박빈정,박빈정,DRV_001,,,111,,203,1015,1020,16:55,17:00,F,False
driver_availability,driver,박빈정,박빈정,DRV_001,,,111,,204,1020,1025,17:00,17:05,T,True
driver_availability,driver,박빈정,박빈정,DRV_001,,,111,,205,1025,1030,17:05,17:10,T,True
driver_availability,driver,박빈정,박빈정,DRV_001,,,111,,206,1030,1035,17:10,17:15,T,True
driver_availability,driver,박빈정,박빈정,DRV_001,,,111,,207,1035,1040,17:15,17:20,T,True
driver_availability,driver,박빈정,박빈정,DRV_001,,,111,,208,1040,1045,17:20,17:25,T,True
driver_availability,driver,박빈정,박빈정,DRV_001,,,111,,209,1045,1050,17:25,17:30,T,True
driver_availability,driver,박빈정,박빈정,DRV_001,,,111,,210,1050,1055,17:30,17:35,T,True
driver_availability,driver,박빈정,박빈정,DRV_001,,,111,,211,1055,1060,17:35,17:40,T,True
driver_availability,driver,박빈정,박빈정,DRV_001,,,111,,212,1060,1065,17:40,17:45,T,True
driver_availability,driver,박빈정,박빈정,DRV_001,,,111,,213,1065,1070,17:45,17:50,T,True
driver_availability,driver,박빈정,박빈정,DRV_001,,,111,,214,1070,1075,17:50,17:55,T,True
driver_availability,driver,박빈정,박빈정,DRV_001,,,111,,215,1075,1080,17:55,18:00,T,True
driver_availability,driver,박빈정,박빈정,DRV_001,,,111,,216,1080,1085,18:00,18:05,T,True
driver_availability,driver,박빈정,박빈정,DRV_001,,,111,,217,1085,1090,18:05,18:10,T,True
driver_availability,driver,박빈정,박빈정,DRV_001,,,111,,218,1090,1095,18:10,18:15,T,True
driver_availability,driver,박빈정,박빈정,DRV_001,,,111,,219,1095,1100,18:15,18:20,T,True
driver_availability,driver,박빈정,박빈정,DRV_001,,,111,,220,1100,1105,18:20,18:25,T,True
driver_availability,driver,박빈정,박빈정,DRV_001,,,111,,221,1105,1110,18:25,18:30,T,True
driver_availability,driver,박빈정,박빈정,DRV_001,,,111,,222,1110,1115,18:30,18:35,T,True
driver_availability,driver,박빈정,박빈정,DRV_001,,,111,,223,1115,1120,18:35,18:40,T,True
driver_availability,driver,박빈정,박빈정,DRV_001,,,111,,224,1120,1125,18:40,18:45,T,True
driver_availability,driver,박빈정,박빈정,DRV_001,,,111,,225,1125,1130,18:45,18:50,T,True
driver_availability,driver,박빈정,박빈정,DRV_001,,,111,,226,1130,1135,18:50,18:55,T,True
driver_availability,driver,박빈정,박빈정,DRV_001,,,111,,227,1135,1140,18:55,19:00,T,True
driver_availability,driver,박빈정,박빈정,DRV_001,,,111,,228,1140,1145,19:00,19:05,T,True
driver_availability,driver,박빈정,박빈정,DRV_001,,,111,,229,1145,1150,19:05,19:10,T,True
driver_availability,driver,박빈정,박빈정,DRV_001,,,111,,230,1150,1155,19:10,19:15,T,True
driver_availability,driver,박빈정,박빈정,DRV_001,,,111,,231,1155,1160,19:15,19:20,T,True
driver_availability,driver,박빈정,박빈정,DRV_001,,,111,,232,1160,1165,19:20,19:25,T,True
driver_availability,driver,박빈정,박빈정,DRV_001,,,111,,233,1165,1170,19:25,19:30,T,True
driver_availability,driver,박빈정,박빈정,DRV_001,,,111,,234,1170,1175,19:30,19:35,T,True
driver_availability,driver,박빈정,박빈정,DRV_001,,,111,,235,1175,1180,19:35,19:40,T,True
driver_availability,driver,박빈정,박빈정,DRV_001,,,111,,236,1180,1185,19:40,19:45,T,True
driver_availability,driver,박빈정,박빈정,DRV_001,,,111,,237,1185,1190,19:45,19:50,T,True
driver_availability,driver,박빈정,박빈정,DRV_001,,,111,,238,1190,1195,19:50,19:55,T,True
driver_availability,driver,박빈정,박빈정,DRV_001,,,111,,239,1195,1200,19:55,20:00,T,True
driver_availability,driver,박빈정,박빈정,DRV_001,,,111,,240,1200,1205,20:00,20:05,T,True
driver_availability,driver,박빈정,박빈정,DRV_001,,,111,,241,1205,1210,20:05,20:10,T,True
driver_availability,driver,박빈정,박빈정,DRV_001,,,111,,242,1210,1215,20:10,20:15,T,True
driver_availability,driver,박빈정,박빈정,DRV_001,,,111,,243,1215,1220,20:15,20:20,T,True
driver_availability,driver,박빈정,박빈정,DRV_001,,,111,,244,1220,1225,20:20,20:25,T,True
driver_availability,driver,박빈정,박빈정,DRV_001,,,111,,245,1225,1230,20:25,20:30,T,True
driver_availability,driver,박빈정,박빈정,DRV_001,,,111,,246,1230,1235,20:30,20:35,T,True
driver_availability,driver,박빈정,박빈정,DRV_001,,,111,,247,1235,1240,20:35,20:40,T,True
driver_availability,driver,박빈정,박빈정,DRV_001,,,111,,248,1240,1245,20:40,20:45,T,True
driver_availability,driver,박빈정,박빈정,DRV_001,,,111,,249,1245,1250,20:45,20:50,T,True
driver_availability,driver,박빈정,박빈정,DRV_001,,,111,,250,1250,1255,20:50,20:55,T,True
driver_availability,driver,박빈정,박빈정,DRV_001,,,111,,251,1255,1260,20:55,21:00,T,True
driver_availability,driver,박빈정,박빈정,DRV_001,,,111,,252,1260,1265,21:00,21:05,T,True
driver_availability,driver,박빈정,박빈정,DRV_001,,,111,,253,1265,1270,21:05,21:10,T,True
driver_availability,driver,박빈정,박빈정,DRV_001,,,111,,254,1270,1275,21:10,21:15,T,True
driver_availability,driver,박빈정,박빈정,DRV_001,,,111,,255,1275,1280,21:15,21:20,T,True
driver_availability,driver,박빈정,박빈정,DRV_001,,,111,,256,1280,1285,21:20,21:25,T,True
driver_availability,driver,박빈정,박빈정,DRV_001,,,111,,257,1285,1290,21:25,21:30,T,True
driver_availability,driver,박빈정,박빈정,DRV_001,,,111,,258,1290,1295,21:30,21:35,T,True
driver_availability,driver,박빈정,박빈정,DRV_001,,,111,,259,1295,1300,21:35,21:40,T,True
driver_availability,driver,박빈정,박빈정,DRV_001,,,111,,260,1300,1305,21:40,21:45,T,True
driver_availability,driver,박빈정,박빈정,DRV_001,,,111,,261,1305,1310,21:45,21:50,T,True
driver_availability,driver,박빈정,박빈정,DRV_001,,,111,,262,1310,1315,21:50,21:55,T,True
driver_availability,driver,박빈정,박빈정,DRV_001,,,111,,263,1315,1320,21:55,22:00,T,True
driver_availability,driver,박빈정,박빈정,DRV_001,,,111,,264,1320,1325,22:00,22:05,T,True
driver_availability,driver,박빈정,박빈정,DRV_001,,,111,,265,1325,1330,22:05,22:10,T,True
driver_availability,driver,박빈정,박빈정,DRV_001,,,111,,266,1330,1335,22:10,22:15,T,True
driver_availability,driver,박빈정,박빈정,DRV_001,,,111,,267,1335,1340,22:15,22:20,T,True
driver_availability,driver,박빈정,박빈정,DRV_001,,,111,,268,1340,1345,22:20,22:25,T,True
driver_availability,driver,박빈정,박빈정,DRV_001,,,111,,269,1345,1350,22:25,22:30,T,True
driver_availability,driver,박빈정,박빈정,DRV_001,,,111,,270,1350,1355,22:30,22:35,T,True
driver_availability,driver,박빈정,박빈정,DRV_001,,,111,,271,1355,1360,22:35,22:40,T,True
driver_availability,driver,박빈정,박빈정,DRV_001,,,111,,272,1360,1365,22:40,22:45,T,True
driver_availability,driver,박빈정,박빈정,DRV_001,,,111,,273,1365,1370,22:45,22:50,T,True
driver_availability,driver,박빈정,박빈정,DRV_001,,,111,,274,1370,1375,22:50,22:55,T,True
driver_availability,driver,박빈정,박빈정,DRV_001,,,111,,275,1375,1380,22:55,23:00,T,True
driver_availability,driver,박빈정,박빈정,DRV_001,,,111,,276,1380,1385,23:00,23:05,T,True
driver_availability,driver,박빈정,박빈정,DRV_001,,,111,,277,1385,1390,23:05,23:10,T,True
driver_availability,driver,박빈정,박빈정,DRV_001,,,111,,278,1390,1395,23:10,23:15,T,True
driver_availability,driver,박빈정,박빈정,DRV_001,,,111,,279,1395,1400,23:15,23:20,T,True
driver_availability,driver,박빈정,박빈정,DRV_001,,,111,,280,1400,1405,23:20,23:25,T,True
driver_availability,driver,박빈정,박빈정,DRV_001,,,111,,281,1405,1410,23:25,23:30,T,True
driver_availability,driver,박빈정,박빈정,DRV_001,,,111,,282,1410,1415,23:30,23:35,T,True
driver_availability,driver,박빈정,박빈정,DRV_001,,,111,,283,1415,1420,23:35,23:40,T,True
driver_availability,driver,박빈정,박빈정,DRV_001,,,111,,284,1420,1425,23:40,23:45,T,True
driver_availability,driver,박빈정,박빈정,DRV_001,,,111,,285,1425,1430,23:45,23:50,T,True
driver_availability,driver,박빈정,박빈정,DRV_001,,,111,,286,1430,1435,23:50,23:55,T,True
driver_availability,driver,박빈정,박빈정,DRV_001,,,111,,287,1435,1440,23:55,24:00,T,True
driver_availability,driver,임영재,임영재,DRV_002,,,111,OFF (00:00 - 24:00),0,0,5,00:00,00:05,F,False
driver_availability,driver,임영재,임영재,DRV_002,,,111,OFF (00:00 - 24:00),1,5,10,00:05,00:10,F,False
driver_availability,driver,임영재,임영재,DRV_002,,,111,OFF (00:00 - 24:00),2,10,15,00:10,00:15,F,False
driver_availability,driver,임영재,임영재,DRV_002,,,111,OFF (00:00 - 24:00),3,15,20,00:15,00:20,F,False
driver_availability,driver,임영재,임영재,DRV_002,,,111,OFF (00:00 - 24:00),4,20,25,00:20,00:25,F,False
driver_availability,driver,임영재,임영재,DRV_002,,,111,OFF (00:00 - 24:00),5,25,30,00:25,00:30,F,False
driver_availability,driver,임영재,임영재,DRV_002,,,111,OFF (00:00 - 24:00),6,30,35,00:30,00:35,F,False
driver_availability,driver,임영재,임영재,DRV_002,,,111,OFF (00:00 - 24:00),7,35,40,00:35,00:40,F,False
driver_availability,driver,임영재,임영재,DRV_002,,,111,OFF (00:00 - 24:00),8,40,45,00:40,00:45,F,False
driver_availability,driver,임영재,임영재,DRV_002,,,111,OFF (00:00 - 24:00),9,45,50,00:45,00:50,F,False
driver_availability,driver,임영재,임영재,DRV_002,,,111,OFF (00:00 - 24:00),10,50,55,00:50,00:55,F,False
driver_availability,driver,임영재,임영재,DRV_002,,,111,OFF (00:00 - 24:00),11,55,60,00:55,01:00,F,False
driver_availability,driver,임영재,임영재,DRV_002,,,111,OFF (00:00 - 24:00),12,60,65,01:00,01:05,F,False
driver_availability,driver,임영재,임영재,DRV_002,,,111,OFF (00:00 - 24:00),13,65,70,01:05,01:10,F,False
driver_availability,driver,임영재,임영재,DRV_002,,,111,OFF (00:00 - 24:00),14,70,75,01:10,01:15,F,False
driver_availability,driver,임영재,임영재,DRV_002,,,111,OFF (00:00 - 24:00),15,75,80,01:15,01:20,F,False
driver_availability,driver,임영재,임영재,DRV_002,,,111,OFF (00:00 - 24:00),16,80,85,01:20,01:25,F,False
driver_availability,driver,임영재,임영재,DRV_002,,,111,OFF (00:00 - 24:00),17,85,90,01:25,01:30,F,False
driver_availability,driver,임영재,임영재,DRV_002,,,111,OFF (00:00 - 24:00),18,90,95,01:30,01:35,F,False
driver_availability,driver,임영재,임영재,DRV_002,,,111,OFF (00:00 - 24:00),19,95,100,01:35,01:40,F,False
driver_availability,driver,임영재,임영재,DRV_002,,,111,OFF (00:00 - 24:00),20,100,105,01:40,01:45,F,False
driver_availability,driver,임영재,임영재,DRV_002,,,111,OFF (00:00 - 24:00),21,105,110,01:45,01:50,F,False
driver_availability,driver,임영재,임영재,DRV_002,,,111,OFF (00:00 - 24:00),22,110,115,01:50,01:55,F,False
driver_availability,driver,임영재,임영재,DRV_002,,,111,OFF (00:00 - 24:00),23,115,120,01:55,02:00,F,False
driver_availability,driver,임영재,임영재,DRV_002,,,111,OFF (00:00 - 24:00),24,120,125,02:00,02:05,F,False
driver_availability,driver,임영재,임영재,DRV_002,,,111,OFF (00:00 - 24:00),25,125,130,02:05,02:10,F,False
driver_availability,driver,임영재,임영재,DRV_002,,,111,OFF (00:00 - 24:00),26,130,135,02:10,02:15,F,False
driver_availability,driver,임영재,임영재,DRV_002,,,111,OFF (00:00 - 24:00),27,135,140,02:15,02:20,F,False
driver_availability,driver,임영재,임영재,DRV_002,,,111,OFF (00:00 - 24:00),28,140,145,02:20,02:25,F,False
driver_availability,driver,임영재,임영재,DRV_002,,,111,OFF (00:00 - 24:00),29,145,150,02:25,02:30,F,False
driver_availability,driver,임영재,임영재,DRV_002,,,111,OFF (00:00 - 24:00),30,150,155,02:30,02:35,F,False
driver_availability,driver,임영재,임영재,DRV_002,,,111,OFF (00:00 - 24:00),31,155,160,02:35,02:40,F,False
driver_availability,driver,임영재,임영재,DRV_002,,,111,OFF (00:00 - 24:00),32,160,165,02:40,02:45,F,False
driver_availability,driver,임영재,임영재,DRV_002,,,111,OFF (00:00 - 24:00),33,165,170,02:45,02:50,F,False
driver_availability,driver,임영재,임영재,DRV_002,,,111,OFF (00:00 - 24:00),34,170,175,02:50,02:55,F,False
driver_availability,driver,임영재,임영재,DRV_002,,,111,OFF (00:00 - 24:00),35,175,180,02:55,03:00,F,False
driver_availability,driver,임영재,임영재,DRV_002,,,111,OFF (00:00 - 24:00),36,180,185,03:00,03:05,F,False
driver_availability,driver,임영재,임영재,DRV_002,,,111,OFF (00:00 - 24:00),37,185,190,03:05,03:10,F,False
driver_availability,driver,임영재,임영재,DRV_002,,,111,OFF (00:00 - 24:00),38,190,195,03:10,03:15,F,False
driver_availability,driver,임영재,임영재,DRV_002,,,111,OFF (00:00 - 24:00),39,195,200,03:15,03:20,F,False
driver_availability,driver,임영재,임영재,DRV_002,,,111,OFF (00:00 - 24:00),40,200,205,03:20,03:25,F,False
driver_availability,driver,임영재,임영재,DRV_002,,,111,OFF (00:00 - 24:00),41,205,210,03:25,03:30,F,False
driver_availability,driver,임영재,임영재,DRV_002,,,111,OFF (00:00 - 24:00),42,210,215,03:30,03:35,F,False
driver_availability,driver,임영재,임영재,DRV_002,,,111,OFF (00:00 - 24:00),43,215,220,03:35,03:40,F,False
driver_availability,driver,임영재,임영재,DRV_002,,,111,OFF (00:00 - 24:00),44,220,225,03:40,03:45,F,False
driver_availability,driver,임영재,임영재,DRV_002,,,111,OFF (00:00 - 24:00),45,225,230,03:45,03:50,F,False
driver_availability,driver,임영재,임영재,DRV_002,,,111,OFF (00:00 - 24:00),46,230,235,03:50,03:55,F,False
driver_availability,driver,임영재,임영재,DRV_002,,,111,OFF (00:00 - 24:00),47,235,240,03:55,04:00,F,False
driver_availability,driver,임영재,임영재,DRV_002,,,111,OFF (00:00 - 24:00),48,240,245,04:00,04:05,F,False
driver_availability,driver,임영재,임영재,DRV_002,,,111,OFF (00:00 - 24:00),49,245,250,04:05,04:10,F,False
driver_availability,driver,임영재,임영재,DRV_002,,,111,OFF (00:00 - 24:00),50,250,255,04:10,04:15,F,False
driver_availability,driver,임영재,임영재,DRV_002,,,111,OFF (00:00 - 24:00),51,255,260,04:15,04:20,F,False
driver_availability,driver,임영재,임영재,DRV_002,,,111,OFF (00:00 - 24:00),52,260,265,04:20,04:25,F,False
driver_availability,driver,임영재,임영재,DRV_002,,,111,OFF (00:00 - 24:00),53,265,270,04:25,04:30,F,False
driver_availability,driver,임영재,임영재,DRV_002,,,111,OFF (00:00 - 24:00),54,270,275,04:30,04:35,F,False
driver_availability,driver,임영재,임영재,DRV_002,,,111,OFF (00:00 - 24:00),55,275,280,04:35,04:40,F,False
driver_availability,driver,임영재,임영재,DRV_002,,,111,OFF (00:00 - 24:00),56,280,285,04:40,04:45,F,False
driver_availability,driver,임영재,임영재,DRV_002,,,111,OFF (00:00 - 24:00),57,285,290,04:45,04:50,F,False
driver_availability,driver,임영재,임영재,DRV_002,,,111,OFF (00:00 - 24:00),58,290,295,04:50,04:55,F,False
driver_availability,driver,임영재,임영재,DRV_002,,,111,OFF (00:00 - 24:00),59,295,300,04:55,05:00,F,False
driver_availability,driver,임영재,임영재,DRV_002,,,111,OFF (00:00 - 24:00),60,300,305,05:00,05:05,F,False
driver_availability,driver,임영재,임영재,DRV_002,,,111,OFF (00:00 - 24:00),61,305,310,05:05,05:10,F,False
driver_availability,driver,임영재,임영재,DRV_002,,,111,OFF (00:00 - 24:00),62,310,315,05:10,05:15,F,False
driver_availability,driver,임영재,임영재,DRV_002,,,111,OFF (00:00 - 24:00),63,315,320,05:15,05:20,F,False
driver_availability,driver,임영재,임영재,DRV_002,,,111,OFF (00:00 - 24:00),64,320,325,05:20,05:25,F,False
driver_availability,driver,임영재,임영재,DRV_002,,,111,OFF (00:00 - 24:00),65,325,330,05:25,05:30,F,False
driver_availability,driver,임영재,임영재,DRV_002,,,111,OFF (00:00 - 24:00),66,330,335,05:30,05:35,F,False
driver_availability,driver,임영재,임영재,DRV_002,,,111,OFF (00:00 - 24:00),67,335,340,05:35,05:40,F,False
driver_availability,driver,임영재,임영재,DRV_002,,,111,OFF (00:00 - 24:00),68,340,345,05:40,05:45,F,False
driver_availability,driver,임영재,임영재,DRV_002,,,111,OFF (00:00 - 24:00),69,345,350,05:45,05:50,F,False
driver_availability,driver,임영재,임영재,DRV_002,,,111,OFF (00:00 - 24:00),70,350,355,05:50,05:55,F,False
driver_availability,driver,임영재,임영재,DRV_002,,,111,OFF (00:00 - 24:00),71,355,360,05:55,06:00,F,False
driver_availability,driver,임영재,임영재,DRV_002,,,111,OFF (00:00 - 24:00),72,360,365,06:00,06:05,F,False
driver_availability,driver,임영재,임영재,DRV_002,,,111,OFF (00:00 - 24:00),73,365,370,06:05,06:10,F,False
driver_availability,driver,임영재,임영재,DRV_002,,,111,OFF (00:00 - 24:00),74,370,375,06:10,06:15,F,False
driver_availability,driver,임영재,임영재,DRV_002,,,111,OFF (00:00 - 24:00),75,375,380,06:15,06:20,F,False
driver_availability,driver,임영재,임영재,DRV_002,,,111,OFF (00:00 - 24:00),76,380,385,06:20,06:25,F,False
driver_availability,driver,임영재,임영재,DRV_002,,,111,OFF (00:00 - 24:00),77,385,390,06:25,06:30,F,False
driver_availability,driver,임영재,임영재,DRV_002,,,111,OFF (00:00 - 24:00),78,390,395,06:30,06:35,F,False
driver_availability,driver,임영재,임영재,DRV_002,,,111,OFF (00:00 - 24:00),79,395,400,06:35,06:40,F,False
driver_availability,driver,임영재,임영재,DRV_002,,,111,OFF (00:00 - 24:00),80,400,405,06:40,06:45,F,False
driver_availability,driver,임영재,임영재,DRV_002,,,111,OFF (00:00 - 24:00),81,405,410,06:45,06:50,F,False
driver_availability,driver,임영재,임영재,DRV_002,,,111,OFF (00:00 - 24:00),82,410,415,06:50,06:55,F,False
driver_availability,driver,임영재,임영재,DRV_002,,,111,OFF (00:00 - 24:00),83,415,420,06:55,07:00,F,False
driver_availability,driver,임영재,임영재,DRV_002,,,111,OFF (00:00 - 24:00),84,420,425,07:00,07:05,F,False
driver_availability,driver,임영재,임영재,DRV_002,,,111,OFF (00:00 - 24:00),85,425,430,07:05,07:10,F,False
driver_availability,driver,임영재,임영재,DRV_002,,,111,OFF (00:00 - 24:00),86,430,435,07:10,07:15,F,False
driver_availability,driver,임영재,임영재,DRV_002,,,111,OFF (00:00 - 24:00),87,435,440,07:15,07:20,F,False
driver_availability,driver,임영재,임영재,DRV_002,,,111,OFF (00:00 - 24:00),88,440,445,07:20,07:25,F,False
driver_availability,driver,임영재,임영재,DRV_002,,,111,OFF (00:00 - 24:00),89,445,450,07:25,07:30,F,False
driver_availability,driver,임영재,임영재,DRV_002,,,111,OFF (00:00 - 24:00),90,450,455,07:30,07:35,F,False
driver_availability,driver,임영재,임영재,DRV_002,,,111,OFF (00:00 - 24:00),91,455,460,07:35,07:40,F,False
driver_availability,driver,임영재,임영재,DRV_002,,,111,OFF (00:00 - 24:00),92,460,465,07:40,07:45,F,False
driver_availability,driver,임영재,임영재,DRV_002,,,111,OFF (00:00 - 24:00),93,465,470,07:45,07:50,F,False
driver_availability,driver,임영재,임영재,DRV_002,,,111,OFF (00:00 - 24:00),94,470,475,07:50,07:55,F,False
driver_availability,driver,임영재,임영재,DRV_002,,,111,OFF (00:00 - 24:00),95,475,480,07:55,08:00,F,False
driver_availability,driver,임영재,임영재,DRV_002,,,111,OFF (00:00 - 24:00),96,480,485,08:00,08:05,F,False
driver_availability,driver,임영재,임영재,DRV_002,,,111,OFF (00:00 - 24:00),97,485,490,08:05,08:10,F,False
driver_availability,driver,임영재,임영재,DRV_002,,,111,OFF (00:00 - 24:00),98,490,495,08:10,08:15,F,False
driver_availability,driver,임영재,임영재,DRV_002,,,111,OFF (00:00 - 24:00),99,495,500,08:15,08:20,F,False
driver_availability,driver,임영재,임영재,DRV_002,,,111,OFF (00:00 - 24:00),100,500,505,08:20,08:25,F,False
driver_availability,driver,임영재,임영재,DRV_002,,,111,OFF (00:00 - 24:00),101,505,510,08:25,08:30,F,False
driver_availability,driver,임영재,임영재,DRV_002,,,111,OFF (00:00 - 24:00),102,510,515,08:30,08:35,F,False
driver_availability,driver,임영재,임영재,DRV_002,,,111,OFF (00:00 - 24:00),103,515,520,08:35,08:40,F,False
driver_availability,driver,임영재,임영재,DRV_002,,,111,OFF (00:00 - 24:00),104,520,525,08:40,08:45,F,False
driver_availability,driver,임영재,임영재,DRV_002,,,111,OFF (00:00 - 24:00),105,525,530,08:45,08:50,F,False
driver_availability,driver,임영재,임영재,DRV_002,,,111,OFF (00:00 - 24:00),106,530,535,08:50,08:55,F,False
driver_availability,driver,임영재,임영재,DRV_002,,,111,OFF (00:00 - 24:00),107,535,540,08:55,09:00,F,False
driver_availability,driver,임영재,임영재,DRV_002,,,111,OFF (00:00 - 24:00),108,540,545,09:00,09:05,F,False
driver_availability,driver,임영재,임영재,DRV_002,,,111,OFF (00:00 - 24:00),109,545,550,09:05,09:10,F,False
driver_availability,driver,임영재,임영재,DRV_002,,,111,OFF (00:00 - 24:00),110,550,555,09:10,09:15,F,False
driver_availability,driver,임영재,임영재,DRV_002,,,111,OFF (00:00 - 24:00),111,555,560,09:15,09:20,F,False
driver_availability,driver,임영재,임영재,DRV_002,,,111,OFF (00:00 - 24:00),112,560,565,09:20,09:25,F,False
driver_availability,driver,임영재,임영재,DRV_002,,,111,OFF (00:00 - 24:00),113,565,570,09:25,09:30,F,False
driver_availability,driver,임영재,임영재,DRV_002,,,111,OFF (00:00 - 24:00),114,570,575,09:30,09:35,F,False
driver_availability,driver,임영재,임영재,DRV_002,,,111,OFF (00:00 - 24:00),115,575,580,09:35,09:40,F,False
driver_availability,driver,임영재,임영재,DRV_002,,,111,OFF (00:00 - 24:00),116,580,585,09:40,09:45,F,False
driver_availability,driver,임영재,임영재,DRV_002,,,111,OFF (00:00 - 24:00),117,585,590,09:45,09:50,F,False
driver_availability,driver,임영재,임영재,DRV_002,,,111,OFF (00:00 - 24:00),118,590,595,09:50,09:55,F,False
driver_availability,driver,임영재,임영재,DRV_002,,,111,OFF (00:00 - 24:00),119,595,600,09:55,10:00,F,False
driver_availability,driver,임영재,임영재,DRV_002,,,111,OFF (00:00 - 24:00),120,600,605,10:00,10:05,F,False
driver_availability,driver,임영재,임영재,DRV_002,,,111,OFF (00:00 - 24:00),121,605,610,10:05,10:10,F,False
driver_availability,driver,임영재,임영재,DRV_002,,,111,OFF (00:00 - 24:00),122,610,615,10:10,10:15,F,False
driver_availability,driver,임영재,임영재,DRV_002,,,111,OFF (00:00 - 24:00),123,615,620,10:15,10:20,F,False
driver_availability,driver,임영재,임영재,DRV_002,,,111,OFF (00:00 - 24:00),124,620,625,10:20,10:25,F,False
driver_availability,driver,임영재,임영재,DRV_002,,,111,OFF (00:00 - 24:00),125,625,630,10:25,10:30,F,False
driver_availability,driver,임영재,임영재,DRV_002,,,111,OFF (00:00 - 24:00),126,630,635,10:30,10:35,F,False
driver_availability,driver,임영재,임영재,DRV_002,,,111,OFF (00:00 - 24:00),127,635,640,10:35,10:40,F,False
driver_availability,driver,임영재,임영재,DRV_002,,,111,OFF (00:00 - 24:00),128,640,645,10:40,10:45,F,False
driver_availability,driver,임영재,임영재,DRV_002,,,111,OFF (00:00 - 24:00),129,645,650,10:45,10:50,F,False
driver_availability,driver,임영재,임영재,DRV_002,,,111,OFF (00:00 - 24:00),130,650,655,10:50,10:55,F,False
driver_availability,driver,임영재,임영재,DRV_002,,,111,OFF (00:00 - 24:00),131,655,660,10:55,11:00,F,False
driver_availability,driver,임영재,임영재,DRV_002,,,111,OFF (00:00 - 24:00),132,660,665,11:00,11:05,F,False
driver_availability,driver,임영재,임영재,DRV_002,,,111,OFF (00:00 - 24:00),133,665,670,11:05,11:10,F,False
driver_availability,driver,임영재,임영재,DRV_002,,,111,OFF (00:00 - 24:00),134,670,675,11:10,11:15,F,False
driver_availability,driver,임영재,임영재,DRV_002,,,111,OFF (00:00 - 24:00),135,675,680,11:15,11:20,F,False
driver_availability,driver,임영재,임영재,DRV_002,,,111,OFF (00:00 - 24:00),136,680,685,11:20,11:25,F,False
driver_availability,driver,임영재,임영재,DRV_002,,,111,OFF (00:00 - 24:00),137,685,690,11:25,11:30,F,False
driver_availability,driver,임영재,임영재,DRV_002,,,111,OFF (00:00 - 24:00),138,690,695,11:30,11:35,F,False
driver_availability,driver,임영재,임영재,DRV_002,,,111,OFF (00:00 - 24:00),139,695,700,11:35,11:40,F,False
driver_availability,driver,임영재,임영재,DRV_002,,,111,OFF (00:00 - 24:00),140,700,705,11:40,11:45,F,False
driver_availability,driver,임영재,임영재,DRV_002,,,111,OFF (00:00 - 24:00),141,705,710,11:45,11:50,F,False
driver_availability,driver,임영재,임영재,DRV_002,,,111,OFF (00:00 - 24:00),142,710,715,11:50,11:55,F,False
driver_availability,driver,임영재,임영재,DRV_002,,,111,OFF (00:00 - 24:00),143,715,720,11:55,12:00,F,False
driver_availability,driver,임영재,임영재,DRV_002,,,111,OFF (00:00 - 24:00),144,720,725,12:00,12:05,F,False
driver_availability,driver,임영재,임영재,DRV_002,,,111,OFF (00:00 - 24:00),145,725,730,12:05,12:10,F,False
driver_availability,driver,임영재,임영재,DRV_002,,,111,OFF (00:00 - 24:00),146,730,735,12:10,12:15,F,False
driver_availability,driver,임영재,임영재,DRV_002,,,111,OFF (00:00 - 24:00),147,735,740,12:15,12:20,F,False
driver_availability,driver,임영재,임영재,DRV_002,,,111,OFF (00:00 - 24:00),148,740,745,12:20,12:25,F,False
driver_availability,driver,임영재,임영재,DRV_002,,,111,OFF (00:00 - 24:00),149,745,750,12:25,12:30,F,False
driver_availability,driver,임영재,임영재,DRV_002,,,111,OFF (00:00 - 24:00),150,750,755,12:30,12:35,F,False
driver_availability,driver,임영재,임영재,DRV_002,,,111,OFF (00:00 - 24:00),151,755,760,12:35,12:40,F,False
driver_availability,driver,임영재,임영재,DRV_002,,,111,OFF (00:00 - 24:00),152,760,765,12:40,12:45,F,False
driver_availability,driver,임영재,임영재,DRV_002,,,111,OFF (00:00 - 24:00),153,765,770,12:45,12:50,F,False
driver_availability,driver,임영재,임영재,DRV_002,,,111,OFF (00:00 - 24:00),154,770,775,12:50,12:55,F,False
driver_availability,driver,임영재,임영재,DRV_002,,,111,OFF (00:00 - 24:00),155,775,780,12:55,13:00,F,False
driver_availability,driver,임영재,임영재,DRV_002,,,111,OFF (00:00 - 24:00),156,780,785,13:00,13:05,F,False
driver_availability,driver,임영재,임영재,DRV_002,,,111,OFF (00:00 - 24:00),157,785,790,13:05,13:10,F,False
driver_availability,driver,임영재,임영재,DRV_002,,,111,OFF (00:00 - 24:00),158,790,795,13:10,13:15,F,False
driver_availability,driver,임영재,임영재,DRV_002,,,111,OFF (00:00 - 24:00),159,795,800,13:15,13:20,F,False
driver_availability,driver,임영재,임영재,DRV_002,,,111,OFF (00:00 - 24:00),160,800,805,13:20,13:25,F,False
driver_availability,driver,임영재,임영재,DRV_002,,,111,OFF (00:00 - 24:00),161,805,810,13:25,13:30,F,False
driver_availability,driver,임영재,임영재,DRV_002,,,111,OFF (00:00 - 24:00),162,810,815,13:30,13:35,F,False
driver_availability,driver,임영재,임영재,DRV_002,,,111,OFF (00:00 - 24:00),163,815,820,13:35,13:40,F,False
driver_availability,driver,임영재,임영재,DRV_002,,,111,OFF (00:00 - 24:00),164,820,825,13:40,13:45,F,False
driver_availability,driver,임영재,임영재,DRV_002,,,111,OFF (00:00 - 24:00),165,825,830,13:45,13:50,F,False
driver_availability,driver,임영재,임영재,DRV_002,,,111,OFF (00:00 - 24:00),166,830,835,13:50,13:55,F,False
driver_availability,driver,임영재,임영재,DRV_002,,,111,OFF (00:00 - 24:00),167,835,840,13:55,14:00,F,False
driver_availability,driver,임영재,임영재,DRV_002,,,111,OFF (00:00 - 24:00),168,840,845,14:00,14:05,F,False
driver_availability,driver,임영재,임영재,DRV_002,,,111,OFF (00:00 - 24:00),169,845,850,14:05,14:10,F,False
driver_availability,driver,임영재,임영재,DRV_002,,,111,OFF (00:00 - 24:00),170,850,855,14:10,14:15,F,False
driver_availability,driver,임영재,임영재,DRV_002,,,111,OFF (00:00 - 24:00),171,855,860,14:15,14:20,F,False
driver_availability,driver,임영재,임영재,DRV_002,,,111,OFF (00:00 - 24:00),172,860,865,14:20,14:25,F,False
driver_availability,driver,임영재,임영재,DRV_002,,,111,OFF (00:00 - 24:00),173,865,870,14:25,14:30,F,False
driver_availability,driver,임영재,임영재,DRV_002,,,111,OFF (00:00 - 24:00),174,870,875,14:30,14:35,F,False
driver_availability,driver,임영재,임영재,DRV_002,,,111,OFF (00:00 - 24:00),175,875,880,14:35,14:40,F,False
driver_availability,driver,임영재,임영재,DRV_002,,,111,OFF (00:00 - 24:00),176,880,885,14:40,14:45,F,False
driver_availability,driver,임영재,임영재,DRV_002,,,111,OFF (00:00 - 24:00),177,885,890,14:45,14:50,F,False
driver_availability,driver,임영재,임영재,DRV_002,,,111,OFF (00:00 - 24:00),178,890,895,14:50,14:55,F,False
driver_availability,driver,임영재,임영재,DRV_002,,,111,OFF (00:00 - 24:00),179,895,900,14:55,15:00,F,False
driver_availability,driver,임영재,임영재,DRV_002,,,111,OFF (00:00 - 24:00),180,900,905,15:00,15:05,F,False
driver_availability,driver,임영재,임영재,DRV_002,,,111,OFF (00:00 - 24:00),181,905,910,15:05,15:10,F,False
driver_availability,driver,임영재,임영재,DRV_002,,,111,OFF (00:00 - 24:00),182,910,915,15:10,15:15,F,False
driver_availability,driver,임영재,임영재,DRV_002,,,111,OFF (00:00 - 24:00),183,915,920,15:15,15:20,F,False
driver_availability,driver,임영재,임영재,DRV_002,,,111,OFF (00:00 - 24:00),184,920,925,15:20,15:25,F,False
driver_availability,driver,임영재,임영재,DRV_002,,,111,OFF (00:00 - 24:00),185,925,930,15:25,15:30,F,False
driver_availability,driver,임영재,임영재,DRV_002,,,111,OFF (00:00 - 24:00),186,930,935,15:30,15:35,F,False
driver_availability,driver,임영재,임영재,DRV_002,,,111,OFF (00:00 - 24:00),187,935,940,15:35,15:40,F,False
driver_availability,driver,임영재,임영재,DRV_002,,,111,OFF (00:00 - 24:00),188,940,945,15:40,15:45,F,False
driver_availability,driver,임영재,임영재,DRV_002,,,111,OFF (00:00 - 24:00),189,945,950,15:45,15:50,F,False
driver_availability,driver,임영재,임영재,DRV_002,,,111,OFF (00:00 - 24:00),190,950,955,15:50,15:55,F,False
driver_availability,driver,임영재,임영재,DRV_002,,,111,OFF (00:00 - 24:00),191,955,960,15:55,16:00,F,False
driver_availability,driver,임영재,임영재,DRV_002,,,111,OFF (00:00 - 24:00),192,960,965,16:00,16:05,F,False
driver_availability,driver,임영재,임영재,DRV_002,,,111,OFF (00:00 - 24:00),193,965,970,16:05,16:10,F,False
driver_availability,driver,임영재,임영재,DRV_002,,,111,OFF (00:00 - 24:00),194,970,975,16:10,16:15,F,False
driver_availability,driver,임영재,임영재,DRV_002,,,111,OFF (00:00 - 24:00),195,975,980,16:15,16:20,F,False
driver_availability,driver,임영재,임영재,DRV_002,,,111,OFF (00:00 - 24:00),196,980,985,16:20,16:25,F,False
driver_availability,driver,임영재,임영재,DRV_002,,,111,OFF (00:00 - 24:00),197,985,990,16:25,16:30,F,False
driver_availability,driver,임영재,임영재,DRV_002,,,111,OFF (00:00 - 24:00),198,990,995,16:30,16:35,F,False
driver_availability,driver,임영재,임영재,DRV_002,,,111,OFF (00:00 - 24:00),199,995,1000,16:35,16:40,F,False
driver_availability,driver,임영재,임영재,DRV_002,,,111,OFF (00:00 - 24:00),200,1000,1005,16:40,16:45,F,False
driver_availability,driver,임영재,임영재,DRV_002,,,111,OFF (00:00 - 24:00),201,1005,1010,16:45,16:50,F,False
driver_availability,driver,임영재,임영재,DRV_002,,,111,OFF (00:00 - 24:00),202,1010,1015,16:50,16:55,F,False
driver_availability,driver,임영재,임영재,DRV_002,,,111,OFF (00:00 - 24:00),203,1015,1020,16:55,17:00,F,False
driver_availability,driver,임영재,임영재,DRV_002,,,111,OFF (00:00 - 24:00),204,1020,1025,17:00,17:05,F,False
driver_availability,driver,임영재,임영재,DRV_002,,,111,OFF (00:00 - 24:00),205,1025,1030,17:05,17:10,F,False
driver_availability,driver,임영재,임영재,DRV_002,,,111,OFF (00:00 - 24:00),206,1030,1035,17:10,17:15,F,False
driver_availability,driver,임영재,임영재,DRV_002,,,111,OFF (00:00 - 24:00),207,1035,1040,17:15,17:20,F,False
driver_availability,driver,임영재,임영재,DRV_002,,,111,OFF (00:00 - 24:00),208,1040,1045,17:20,17:25,F,False
driver_availability,driver,임영재,임영재,DRV_002,,,111,OFF (00:00 - 24:00),209,1045,1050,17:25,17:30,F,False
driver_availability,driver,임영재,임영재,DRV_002,,,111,OFF (00:00 - 24:00),210,1050,1055,17:30,17:35,F,False
driver_availability,driver,임영재,임영재,DRV_002,,,111,OFF (00:00 - 24:00),211,1055,1060,17:35,17:40,F,False
driver_availability,driver,임영재,임영재,DRV_002,,,111,OFF (00:00 - 24:00),212,1060,1065,17:40,17:45,F,False
driver_availability,driver,임영재,임영재,DRV_002,,,111,OFF (00:00 - 24:00),213,1065,1070,17:45,17:50,F,False
driver_availability,driver,임영재,임영재,DRV_002,,,111,OFF (00:00 - 24:00),214,1070,1075,17:50,17:55,F,False
driver_availability,driver,임영재,임영재,DRV_002,,,111,OFF (00:00 - 24:00),215,1075,1080,17:55,18:00,F,False
driver_availability,driver,임영재,임영재,DRV_002,,,111,OFF (00:00 - 24:00),216,1080,1085,18:00,18:05,F,False
driver_availability,driver,임영재,임영재,DRV_002,,,111,OFF (00:00 - 24:00),217,1085,1090,18:05,18:10,F,False
driver_availability,driver,임영재,임영재,DRV_002,,,111,OFF (00:00 - 24:00),218,1090,1095,18:10,18:15,F,False
driver_availability,driver,임영재,임영재,DRV_002,,,111,OFF (00:00 - 24:00),219,1095,1100,18:15,18:20,F,False
driver_availability,driver,임영재,임영재,DRV_002,,,111,OFF (00:00 - 24:00),220,1100,1105,18:20,18:25,F,False
driver_availability,driver,임영재,임영재,DRV_002,,,111,OFF (00:00 - 24:00),221,1105,1110,18:25,18:30,F,False
driver_availability,driver,임영재,임영재,DRV_002,,,111,OFF (00:00 - 24:00),222,1110,1115,18:30,18:35,F,False
driver_availability,driver,임영재,임영재,DRV_002,,,111,OFF (00:00 - 24:00),223,1115,1120,18:35,18:40,F,False
driver_availability,driver,임영재,임영재,DRV_002,,,111,OFF (00:00 - 24:00),224,1120,1125,18:40,18:45,F,False
driver_availability,driver,임영재,임영재,DRV_002,,,111,OFF (00:00 - 24:00),225,1125,1130,18:45,18:50,F,False
driver_availability,driver,임영재,임영재,DRV_002,,,111,OFF (00:00 - 24:00),226,1130,1135,18:50,18:55,F,False
driver_availability,driver,임영재,임영재,DRV_002,,,111,OFF (00:00 - 24:00),227,1135,1140,18:55,19:00,F,False
driver_availability,driver,임영재,임영재,DRV_002,,,111,OFF (00:00 - 24:00),228,1140,1145,19:00,19:05,F,False
driver_availability,driver,임영재,임영재,DRV_002,,,111,OFF (00:00 - 24:00),229,1145,1150,19:05,19:10,F,False
driver_availability,driver,임영재,임영재,DRV_002,,,111,OFF (00:00 - 24:00),230,1150,1155,19:10,19:15,F,False
driver_availability,driver,임영재,임영재,DRV_002,,,111,OFF (00:00 - 24:00),231,1155,1160,19:15,19:20,F,False
driver_availability,driver,임영재,임영재,DRV_002,,,111,OFF (00:00 - 24:00),232,1160,1165,19:20,19:25,F,False
driver_availability,driver,임영재,임영재,DRV_002,,,111,OFF (00:00 - 24:00),233,1165,1170,19:25,19:30,F,False
driver_availability,driver,임영재,임영재,DRV_002,,,111,OFF (00:00 - 24:00),234,1170,1175,19:30,19:35,F,False
driver_availability,driver,임영재,임영재,DRV_002,,,111,OFF (00:00 - 24:00),235,1175,1180,19:35,19:40,F,False
driver_availability,driver,임영재,임영재,DRV_002,,,111,OFF (00:00 - 24:00),236,1180,1185,19:40,19:45,F,False
driver_availability,driver,임영재,임영재,DRV_002,,,111,OFF (00:00 - 24:00),237,1185,1190,19:45,19:50,F,False
driver_availability,driver,임영재,임영재,DRV_002,,,111,OFF (00:00 - 24:00),238,1190,1195,19:50,19:55,F,False
driver_availability,driver,임영재,임영재,DRV_002,,,111,OFF (00:00 - 24:00),239,1195,1200,19:55,20:00,F,False
driver_availability,driver,임영재,임영재,DRV_002,,,111,OFF (00:00 - 24:00),240,1200,1205,20:00,20:05,F,False
driver_availability,driver,임영재,임영재,DRV_002,,,111,OFF (00:00 - 24:00),241,1205,1210,20:05,20:10,F,False
driver_availability,driver,임영재,임영재,DRV_002,,,111,OFF (00:00 - 24:00),242,1210,1215,20:10,20:15,F,False
driver_availability,driver,임영재,임영재,DRV_002,,,111,OFF (00:00 - 24:00),243,1215,1220,20:15,20:20,F,False
driver_availability,driver,임영재,임영재,DRV_002,,,111,OFF (00:00 - 24:00),244,1220,1225,20:20,20:25,F,False
driver_availability,driver,임영재,임영재,DRV_002,,,111,OFF (00:00 - 24:00),245,1225,1230,20:25,20:30,F,False
driver_availability,driver,임영재,임영재,DRV_002,,,111,OFF (00:00 - 24:00),246,1230,1235,20:30,20:35,F,False
driver_availability,driver,임영재,임영재,DRV_002,,,111,OFF (00:00 - 24:00),247,1235,1240,20:35,20:40,F,False
driver_availability,driver,임영재,임영재,DRV_002,,,111,OFF (00:00 - 24:00),248,1240,1245,20:40,20:45,F,False
driver_availability,driver,임영재,임영재,DRV_002,,,111,OFF (00:00 - 24:00),249,1245,1250,20:45,20:50,F,False
driver_availability,driver,임영재,임영재,DRV_002,,,111,OFF (00:00 - 24:00),250,1250,1255,20:50,20:55,F,False
driver_availability,driver,임영재,임영재,DRV_002,,,111,OFF (00:00 - 24:00),251,1255,1260,20:55,21:00,F,False
driver_availability,driver,임영재,임영재,DRV_002,,,111,OFF (00:00 - 24:00),252,1260,1265,21:00,21:05,F,False
driver_availability,driver,임영재,임영재,DRV_002,,,111,OFF (00:00 - 24:00),253,1265,1270,21:05,21:10,F,False
driver_availability,driver,임영재,임영재,DRV_002,,,111,OFF (00:00 - 24:00),254,1270,1275,21:10,21:15,F,False
driver_availability,driver,임영재,임영재,DRV_002,,,111,OFF (00:00 - 24:00),255,1275,1280,21:15,21:20,F,False
driver_availability,driver,임영재,임영재,DRV_002,,,111,OFF (00:00 - 24:00),256,1280,1285,21:20,21:25,F,False
driver_availability,driver,임영재,임영재,DRV_002,,,111,OFF (00:00 - 24:00),257,1285,1290,21:25,21:30,F,False
driver_availability,driver,임영재,임영재,DRV_002,,,111,OFF (00:00 - 24:00),258,1290,1295,21:30,21:35,F,False
driver_availability,driver,임영재,임영재,DRV_002,,,111,OFF (00:00 - 24:00),259,1295,1300,21:35,21:40,F,False
driver_availability,driver,임영재,임영재,DRV_002,,,111,OFF (00:00 - 24:00),260,1300,1305,21:40,21:45,F,False
driver_availability,driver,임영재,임영재,DRV_002,,,111,OFF (00:00 - 24:00),261,1305,1310,21:45,21:50,F,False
driver_availability,driver,임영재,임영재,DRV_002,,,111,OFF (00:00 - 24:00),262,1310,1315,21:50,21:55,F,False
driver_availability,driver,임영재,임영재,DRV_002,,,111,OFF (00:00 - 24:00),263,1315,1320,21:55,22:00,F,False
driver_availability,driver,임영재,임영재,DRV_002,,,111,OFF (00:00 - 24:00),264,1320,1325,22:00,22:05,F,False
driver_availability,driver,임영재,임영재,DRV_002,,,111,OFF (00:00 - 24:00),265,1325,1330,22:05,22:10,F,False
driver_availability,driver,임영재,임영재,DRV_002,,,111,OFF (00:00 - 24:00),266,1330,1335,22:10,22:15,F,False
driver_availability,driver,임영재,임영재,DRV_002,,,111,OFF (00:00 - 24:00),267,1335,1340,22:15,22:20,F,False
driver_availability,driver,임영재,임영재,DRV_002,,,111,OFF (00:00 - 24:00),268,1340,1345,22:20,22:25,F,False
driver_availability,driver,임영재,임영재,DRV_002,,,111,OFF (00:00 - 24:00),269,1345,1350,22:25,22:30,F,False
driver_availability,driver,임영재,임영재,DRV_002,,,111,OFF (00:00 - 24:00),270,1350,1355,22:30,22:35,F,False
driver_availability,driver,임영재,임영재,DRV_002,,,111,OFF (00:00 - 24:00),271,1355,1360,22:35,22:40,F,False
driver_availability,driver,임영재,임영재,DRV_002,,,111,OFF (00:00 - 24:00),272,1360,1365,22:40,22:45,F,False
driver_availability,driver,임영재,임영재,DRV_002,,,111,OFF (00:00 - 24:00),273,1365,1370,22:45,22:50,F,False
driver_availability,driver,임영재,임영재,DRV_002,,,111,OFF (00:00 - 24:00),274,1370,1375,22:50,22:55,F,False
driver_availability,driver,임영재,임영재,DRV_002,,,111,OFF (00:00 - 24:00),275,1375,1380,22:55,23:00,F,False
driver_availability,driver,임영재,임영재,DRV_002,,,111,OFF (00:00 - 24:00),276,1380,1385,23:00,23:05,F,False
driver_availability,driver,임영재,임영재,DRV_002,,,111,OFF (00:00 - 24:00),277,1385,1390,23:05,23:10,F,False
driver_availability,driver,임영재,임영재,DRV_002,,,111,OFF (00:00 - 24:00),278,1390,1395,23:10,23:15,F,False
driver_availability,driver,임영재,임영재,DRV_002,,,111,OFF (00:00 - 24:00),279,1395,1400,23:15,23:20,F,False
driver_availability,driver,임영재,임영재,DRV_002,,,111,OFF (00:00 - 24:00),280,1400,1405,23:20,23:25,F,False
driver_availability,driver,임영재,임영재,DRV_002,,,111,OFF (00:00 - 24:00),281,1405,1410,23:25,23:30,F,False
driver_availability,driver,임영재,임영재,DRV_002,,,111,OFF (00:00 - 24:00),282,1410,1415,23:30,23:35,F,False
driver_availability,driver,임영재,임영재,DRV_002,,,111,OFF (00:00 - 24:00),283,1415,1420,23:35,23:40,F,False
driver_availability,driver,임영재,임영재,DRV_002,,,111,OFF (00:00 - 24:00),284,1420,1425,23:40,23:45,F,False
driver_availability,driver,임영재,임영재,DRV_002,,,111,OFF (00:00 - 24:00),285,1425,1430,23:45,23:50,F,False
driver_availability,driver,임영재,임영재,DRV_002,,,111,OFF (00:00 - 24:00),286,1430,1435,23:50,23:55,F,False
driver_availability,driver,임영재,임영재,DRV_002,,,111,OFF (00:00 - 24:00),287,1435,1440,23:55,24:00,F,False
driver_availability,driver,임훈정,임훈정,DRV_003,,,111,,0,0,5,00:00,00:05,T,True
driver_availability,driver,임훈정,임훈정,DRV_003,,,111,,1,5,10,00:05,00:10,T,True
driver_availability,driver,임훈정,임훈정,DRV_003,,,111,,2,10,15,00:10,00:15,T,True
driver_availability,driver,임훈정,임훈정,DRV_003,,,111,,3,15,20,00:15,00:20,T,True
driver_availability,driver,임훈정,임훈정,DRV_003,,,111,,4,20,25,00:20,00:25,T,True
driver_availability,driver,임훈정,임훈정,DRV_003,,,111,,5,25,30,00:25,00:30,T,True
driver_availability,driver,임훈정,임훈정,DRV_003,,,111,,6,30,35,00:30,00:35,T,True
driver_availability,driver,임훈정,임훈정,DRV_003,,,111,,7,35,40,00:35,00:40,T,True
driver_availability,driver,임훈정,임훈정,DRV_003,,,111,,8,40,45,00:40,00:45,T,True
driver_availability,driver,임훈정,임훈정,DRV_003,,,111,,9,45,50,00:45,00:50,T,True
driver_availability,driver,임훈정,임훈정,DRV_003,,,111,,10,50,55,00:50,00:55,T,True
driver_availability,driver,임훈정,임훈정,DRV_003,,,111,,11,55,60,00:55,01:00,T,True
driver_availability,driver,임훈정,임훈정,DRV_003,,,111,,12,60,65,01:00,01:05,T,True
driver_availability,driver,임훈정,임훈정,DRV_003,,,111,,13,65,70,01:05,01:10,T,True
driver_availability,driver,임훈정,임훈정,DRV_003,,,111,,14,70,75,01:10,01:15,T,True
driver_availability,driver,임훈정,임훈정,DRV_003,,,111,,15,75,80,01:15,01:20,T,True
driver_availability,driver,임훈정,임훈정,DRV_003,,,111,,16,80,85,01:20,01:25,T,True
driver_availability,driver,임훈정,임훈정,DRV_003,,,111,,17,85,90,01:25,01:30,T,True
driver_availability,driver,임훈정,임훈정,DRV_003,,,111,,18,90,95,01:30,01:35,T,True
driver_availability,driver,임훈정,임훈정,DRV_003,,,111,,19,95,100,01:35,01:40,T,True
driver_availability,driver,임훈정,임훈정,DRV_003,,,111,,20,100,105,01:40,01:45,T,True
driver_availability,driver,임훈정,임훈정,DRV_003,,,111,,21,105,110,01:45,01:50,T,True
driver_availability,driver,임훈정,임훈정,DRV_003,,,111,,22,110,115,01:50,01:55,T,True
driver_availability,driver,임훈정,임훈정,DRV_003,,,111,,23,115,120,01:55,02:00,T,True
driver_availability,driver,임훈정,임훈정,DRV_003,,,111,,24,120,125,02:00,02:05,T,True
driver_availability,driver,임훈정,임훈정,DRV_003,,,111,,25,125,130,02:05,02:10,T,True
driver_availability,driver,임훈정,임훈정,DRV_003,,,111,,26,130,135,02:10,02:15,T,True
driver_availability,driver,임훈정,임훈정,DRV_003,,,111,,27,135,140,02:15,02:20,T,True
driver_availability,driver,임훈정,임훈정,DRV_003,,,111,,28,140,145,02:20,02:25,T,True
driver_availability,driver,임훈정,임훈정,DRV_003,,,111,,29,145,150,02:25,02:30,T,True
driver_availability,driver,임훈정,임훈정,DRV_003,,,111,,30,150,155,02:30,02:35,T,True
driver_availability,driver,임훈정,임훈정,DRV_003,,,111,,31,155,160,02:35,02:40,T,True
driver_availability,driver,임훈정,임훈정,DRV_003,,,111,,32,160,165,02:40,02:45,T,True
driver_availability,driver,임훈정,임훈정,DRV_003,,,111,,33,165,170,02:45,02:50,T,True
driver_availability,driver,임훈정,임훈정,DRV_003,,,111,,34,170,175,02:50,02:55,T,True
driver_availability,driver,임훈정,임훈정,DRV_003,,,111,,35,175,180,02:55,03:00,T,True
driver_availability,driver,임훈정,임훈정,DRV_003,,,111,,36,180,185,03:00,03:05,T,True
driver_availability,driver,임훈정,임훈정,DRV_003,,,111,,37,185,190,03:05,03:10,T,True
driver_availability,driver,임훈정,임훈정,DRV_003,,,111,,38,190,195,03:10,03:15,T,True
driver_availability,driver,임훈정,임훈정,DRV_003,,,111,,39,195,200,03:15,03:20,T,True
driver_availability,driver,임훈정,임훈정,DRV_003,,,111,,40,200,205,03:20,03:25,T,True
driver_availability,driver,임훈정,임훈정,DRV_003,,,111,,41,205,210,03:25,03:30,T,True
driver_availability,driver,임훈정,임훈정,DRV_003,,,111,,42,210,215,03:30,03:35,T,True
driver_availability,driver,임훈정,임훈정,DRV_003,,,111,,43,215,220,03:35,03:40,T,True
driver_availability,driver,임훈정,임훈정,DRV_003,,,111,,44,220,225,03:40,03:45,T,True
driver_availability,driver,임훈정,임훈정,DRV_003,,,111,,45,225,230,03:45,03:50,T,True
driver_availability,driver,임훈정,임훈정,DRV_003,,,111,,46,230,235,03:50,03:55,T,True
driver_availability,driver,임훈정,임훈정,DRV_003,,,111,,47,235,240,03:55,04:00,T,True
driver_availability,driver,임훈정,임훈정,DRV_003,,,111,,48,240,245,04:00,04:05,T,True
driver_availability,driver,임훈정,임훈정,DRV_003,,,111,,49,245,250,04:05,04:10,T,True
driver_availability,driver,임훈정,임훈정,DRV_003,,,111,,50,250,255,04:10,04:15,T,True
driver_availability,driver,임훈정,임훈정,DRV_003,,,111,,51,255,260,04:15,04:20,T,True
driver_availability,driver,임훈정,임훈정,DRV_003,,,111,,52,260,265,04:20,04:25,T,True
driver_availability,driver,임훈정,임훈정,DRV_003,,,111,,53,265,270,04:25,04:30,T,True
driver_availability,driver,임훈정,임훈정,DRV_003,,,111,,54,270,275,04:30,04:35,T,True
driver_availability,driver,임훈정,임훈정,DRV_003,,,111,,55,275,280,04:35,04:40,T,True
driver_availability,driver,임훈정,임훈정,DRV_003,,,111,,56,280,285,04:40,04:45,T,True
driver_availability,driver,임훈정,임훈정,DRV_003,,,111,,57,285,290,04:45,04:50,T,True
driver_availability,driver,임훈정,임훈정,DRV_003,,,111,,58,290,295,04:50,04:55,T,True
driver_availability,driver,임훈정,임훈정,DRV_003,,,111,,59,295,300,04:55,05:00,T,True
driver_availability,driver,임훈정,임훈정,DRV_003,,,111,,60,300,305,05:00,05:05,T,True
driver_availability,driver,임훈정,임훈정,DRV_003,,,111,,61,305,310,05:05,05:10,T,True
driver_availability,driver,임훈정,임훈정,DRV_003,,,111,,62,310,315,05:10,05:15,T,True
driver_availability,driver,임훈정,임훈정,DRV_003,,,111,,63,315,320,05:15,05:20,T,True
driver_availability,driver,임훈정,임훈정,DRV_003,,,111,,64,320,325,05:20,05:25,T,True
driver_availability,driver,임훈정,임훈정,DRV_003,,,111,,65,325,330,05:25,05:30,T,True
driver_availability,driver,임훈정,임훈정,DRV_003,,,111,,66,330,335,05:30,05:35,T,True
driver_availability,driver,임훈정,임훈정,DRV_003,,,111,,67,335,340,05:35,05:40,T,True
driver_availability,driver,임훈정,임훈정,DRV_003,,,111,,68,340,345,05:40,05:45,T,True
driver_availability,driver,임훈정,임훈정,DRV_003,,,111,,69,345,350,05:45,05:50,T,True
driver_availability,driver,임훈정,임훈정,DRV_003,,,111,,70,350,355,05:50,05:55,T,True
driver_availability,driver,임훈정,임훈정,DRV_003,,,111,,71,355,360,05:55,06:00,T,True
driver_availability,driver,임훈정,임훈정,DRV_003,,,111,,72,360,365,06:00,06:05,T,True
driver_availability,driver,임훈정,임훈정,DRV_003,,,111,,73,365,370,06:05,06:10,T,True
driver_availability,driver,임훈정,임훈정,DRV_003,,,111,,74,370,375,06:10,06:15,T,True
driver_availability,driver,임훈정,임훈정,DRV_003,,,111,,75,375,380,06:15,06:20,T,True
driver_availability,driver,임훈정,임훈정,DRV_003,,,111,,76,380,385,06:20,06:25,T,True
driver_availability,driver,임훈정,임훈정,DRV_003,,,111,,77,385,390,06:25,06:30,T,True
driver_availability,driver,임훈정,임훈정,DRV_003,,,111,,78,390,395,06:30,06:35,T,True
driver_availability,driver,임훈정,임훈정,DRV_003,,,111,,79,395,400,06:35,06:40,T,True
driver_availability,driver,임훈정,임훈정,DRV_003,,,111,,80,400,405,06:40,06:45,T,True
driver_availability,driver,임훈정,임훈정,DRV_003,,,111,,81,405,410,06:45,06:50,T,True
driver_availability,driver,임훈정,임훈정,DRV_003,,,111,,82,410,415,06:50,06:55,T,True
driver_availability,driver,임훈정,임훈정,DRV_003,,,111,,83,415,420,06:55,07:00,T,True
driver_availability,driver,임훈정,임훈정,DRV_003,,,111,,84,420,425,07:00,07:05,T,True
driver_availability,driver,임훈정,임훈정,DRV_003,,,111,,85,425,430,07:05,07:10,T,True
driver_availability,driver,임훈정,임훈정,DRV_003,,,111,,86,430,435,07:10,07:15,T,True
driver_availability,driver,임훈정,임훈정,DRV_003,,,111,,87,435,440,07:15,07:20,T,True
driver_availability,driver,임훈정,임훈정,DRV_003,,,111,,88,440,445,07:20,07:25,T,True
driver_availability,driver,임훈정,임훈정,DRV_003,,,111,,89,445,450,07:25,07:30,T,True
driver_availability,driver,임훈정,임훈정,DRV_003,,,111,,90,450,455,07:30,07:35,T,True
driver_availability,driver,임훈정,임훈정,DRV_003,,,111,,91,455,460,07:35,07:40,T,True
driver_availability,driver,임훈정,임훈정,DRV_003,,,111,,92,460,465,07:40,07:45,T,True
driver_availability,driver,임훈정,임훈정,DRV_003,,,111,,93,465,470,07:45,07:50,T,True
driver_availability,driver,임훈정,임훈정,DRV_003,,,111,,94,470,475,07:50,07:55,T,True
driver_availability,driver,임훈정,임훈정,DRV_003,,,111,,95,475,480,07:55,08:00,T,True
driver_availability,driver,임훈정,임훈정,DRV_003,,,111,,96,480,485,08:00,08:05,F,False
driver_availability,driver,임훈정,임훈정,DRV_003,,,111,,97,485,490,08:05,08:10,F,False
driver_availability,driver,임훈정,임훈정,DRV_003,,,111,,98,490,495,08:10,08:15,F,False
driver_availability,driver,임훈정,임훈정,DRV_003,,,111,,99,495,500,08:15,08:20,F,False
driver_availability,driver,임훈정,임훈정,DRV_003,,,111,,100,500,505,08:20,08:25,F,False
driver_availability,driver,임훈정,임훈정,DRV_003,,,111,,101,505,510,08:25,08:30,F,False
driver_availability,driver,임훈정,임훈정,DRV_003,,,111,,102,510,515,08:30,08:35,F,False
driver_availability,driver,임훈정,임훈정,DRV_003,,,111,,103,515,520,08:35,08:40,F,False
driver_availability,driver,임훈정,임훈정,DRV_003,,,111,,104,520,525,08:40,08:45,F,False
driver_availability,driver,임훈정,임훈정,DRV_003,,,111,,105,525,530,08:45,08:50,F,False
driver_availability,driver,임훈정,임훈정,DRV_003,,,111,,106,530,535,08:50,08:55,F,False
driver_availability,driver,임훈정,임훈정,DRV_003,,,111,,107,535,540,08:55,09:00,F,False
driver_availability,driver,임훈정,임훈정,DRV_003,,,111,,108,540,545,09:00,09:05,F,False
driver_availability,driver,임훈정,임훈정,DRV_003,,,111,,109,545,550,09:05,09:10,F,False
driver_availability,driver,임훈정,임훈정,DRV_003,,,111,,110,550,555,09:10,09:15,F,False
driver_availability,driver,임훈정,임훈정,DRV_003,,,111,,111,555,560,09:15,09:20,F,False
driver_availability,driver,임훈정,임훈정,DRV_003,,,111,,112,560,565,09:20,09:25,F,False
driver_availability,driver,임훈정,임훈정,DRV_003,,,111,,113,565,570,09:25,09:30,F,False
driver_availability,driver,임훈정,임훈정,DRV_003,,,111,,114,570,575,09:30,09:35,F,False
driver_availability,driver,임훈정,임훈정,DRV_003,,,111,,115,575,580,09:35,09:40,F,False
driver_availability,driver,임훈정,임훈정,DRV_003,,,111,,116,580,585,09:40,09:45,F,False
driver_availability,driver,임훈정,임훈정,DRV_003,,,111,,117,585,590,09:45,09:50,F,False
driver_availability,driver,임훈정,임훈정,DRV_003,,,111,,118,590,595,09:50,09:55,F,False
driver_availability,driver,임훈정,임훈정,DRV_003,,,111,,119,595,600,09:55,10:00,F,False
driver_availability,driver,임훈정,임훈정,DRV_003,,,111,,120,600,605,10:00,10:05,F,False
driver_availability,driver,임훈정,임훈정,DRV_003,,,111,,121,605,610,10:05,10:10,F,False
driver_availability,driver,임훈정,임훈정,DRV_003,,,111,,122,610,615,10:10,10:15,F,False
driver_availability,driver,임훈정,임훈정,DRV_003,,,111,,123,615,620,10:15,10:20,F,False
driver_availability,driver,임훈정,임훈정,DRV_003,,,111,,124,620,625,10:20,10:25,F,False
driver_availability,driver,임훈정,임훈정,DRV_003,,,111,,125,625,630,10:25,10:30,F,False
driver_availability,driver,임훈정,임훈정,DRV_003,,,111,,126,630,635,10:30,10:35,F,False
driver_availability,driver,임훈정,임훈정,DRV_003,,,111,,127,635,640,10:35,10:40,F,False
driver_availability,driver,임훈정,임훈정,DRV_003,,,111,,128,640,645,10:40,10:45,F,False
driver_availability,driver,임훈정,임훈정,DRV_003,,,111,,129,645,650,10:45,10:50,F,False
driver_availability,driver,임훈정,임훈정,DRV_003,,,111,,130,650,655,10:50,10:55,F,False
driver_availability,driver,임훈정,임훈정,DRV_003,,,111,,131,655,660,10:55,11:00,F,False
driver_availability,driver,임훈정,임훈정,DRV_003,,,111,,132,660,665,11:00,11:05,F,False
driver_availability,driver,임훈정,임훈정,DRV_003,,,111,,133,665,670,11:05,11:10,F,False
driver_availability,driver,임훈정,임훈정,DRV_003,,,111,,134,670,675,11:10,11:15,F,False
driver_availability,driver,임훈정,임훈정,DRV_003,,,111,,135,675,680,11:15,11:20,F,False
driver_availability,driver,임훈정,임훈정,DRV_003,,,111,,136,680,685,11:20,11:25,F,False
driver_availability,driver,임훈정,임훈정,DRV_003,,,111,,137,685,690,11:25,11:30,F,False
driver_availability,driver,임훈정,임훈정,DRV_003,,,111,,138,690,695,11:30,11:35,F,False
driver_availability,driver,임훈정,임훈정,DRV_003,,,111,,139,695,700,11:35,11:40,F,False
driver_availability,driver,임훈정,임훈정,DRV_003,,,111,,140,700,705,11:40,11:45,F,False
driver_availability,driver,임훈정,임훈정,DRV_003,,,111,,141,705,710,11:45,11:50,F,False
driver_availability,driver,임훈정,임훈정,DRV_003,,,111,,142,710,715,11:50,11:55,F,False
driver_availability,driver,임훈정,임훈정,DRV_003,,,111,,143,715,720,11:55,12:00,F,False
driver_availability,driver,임훈정,임훈정,DRV_003,,,111,,144,720,725,12:00,12:05,F,False
driver_availability,driver,임훈정,임훈정,DRV_003,,,111,,145,725,730,12:05,12:10,F,False
driver_availability,driver,임훈정,임훈정,DRV_003,,,111,,146,730,735,12:10,12:15,F,False
driver_availability,driver,임훈정,임훈정,DRV_003,,,111,,147,735,740,12:15,12:20,F,False
driver_availability,driver,임훈정,임훈정,DRV_003,,,111,,148,740,745,12:20,12:25,F,False
driver_availability,driver,임훈정,임훈정,DRV_003,,,111,,149,745,750,12:25,12:30,F,False
driver_availability,driver,임훈정,임훈정,DRV_003,,,111,,150,750,755,12:30,12:35,F,False
driver_availability,driver,임훈정,임훈정,DRV_003,,,111,,151,755,760,12:35,12:40,F,False
driver_availability,driver,임훈정,임훈정,DRV_003,,,111,,152,760,765,12:40,12:45,F,False
driver_availability,driver,임훈정,임훈정,DRV_003,,,111,,153,765,770,12:45,12:50,F,False
driver_availability,driver,임훈정,임훈정,DRV_003,,,111,,154,770,775,12:50,12:55,F,False
driver_availability,driver,임훈정,임훈정,DRV_003,,,111,,155,775,780,12:55,13:00,F,False
driver_availability,driver,임훈정,임훈정,DRV_003,,,111,,156,780,785,13:00,13:05,F,False
driver_availability,driver,임훈정,임훈정,DRV_003,,,111,,157,785,790,13:05,13:10,F,False
driver_availability,driver,임훈정,임훈정,DRV_003,,,111,,158,790,795,13:10,13:15,F,False
driver_availability,driver,임훈정,임훈정,DRV_003,,,111,,159,795,800,13:15,13:20,F,False
driver_availability,driver,임훈정,임훈정,DRV_003,,,111,,160,800,805,13:20,13:25,F,False
driver_availability,driver,임훈정,임훈정,DRV_003,,,111,,161,805,810,13:25,13:30,F,False
driver_availability,driver,임훈정,임훈정,DRV_003,,,111,,162,810,815,13:30,13:35,F,False
driver_availability,driver,임훈정,임훈정,DRV_003,,,111,,163,815,820,13:35,13:40,F,False
driver_availability,driver,임훈정,임훈정,DRV_003,,,111,,164,820,825,13:40,13:45,F,False
driver_availability,driver,임훈정,임훈정,DRV_003,,,111,,165,825,830,13:45,13:50,F,False
driver_availability,driver,임훈정,임훈정,DRV_003,,,111,,166,830,835,13:50,13:55,F,False
driver_availability,driver,임훈정,임훈정,DRV_003,,,111,,167,835,840,13:55,14:00,F,False
driver_availability,driver,임훈정,임훈정,DRV_003,,,111,,168,840,845,14:00,14:05,F,False
driver_availability,driver,임훈정,임훈정,DRV_003,,,111,,169,845,850,14:05,14:10,F,False
driver_availability,driver,임훈정,임훈정,DRV_003,,,111,,170,850,855,14:10,14:15,F,False
driver_availability,driver,임훈정,임훈정,DRV_003,,,111,,171,855,860,14:15,14:20,F,False
driver_availability,driver,임훈정,임훈정,DRV_003,,,111,,172,860,865,14:20,14:25,F,False
driver_availability,driver,임훈정,임훈정,DRV_003,,,111,,173,865,870,14:25,14:30,F,False
driver_availability,driver,임훈정,임훈정,DRV_003,,,111,,174,870,875,14:30,14:35,F,False
driver_availability,driver,임훈정,임훈정,DRV_003,,,111,,175,875,880,14:35,14:40,F,False
driver_availability,driver,임훈정,임훈정,DRV_003,,,111,,176,880,885,14:40,14:45,F,False
driver_availability,driver,임훈정,임훈정,DRV_003,,,111,,177,885,890,14:45,14:50,F,False
driver_availability,driver,임훈정,임훈정,DRV_003,,,111,,178,890,895,14:50,14:55,F,False
driver_availability,driver,임훈정,임훈정,DRV_003,,,111,,179,895,900,14:55,15:00,F,False
driver_availability,driver,임훈정,임훈정,DRV_003,,,111,,180,900,905,15:00,15:05,F,False
driver_availability,driver,임훈정,임훈정,DRV_003,,,111,,181,905,910,15:05,15:10,F,False
driver_availability,driver,임훈정,임훈정,DRV_003,,,111,,182,910,915,15:10,15:15,F,False
driver_availability,driver,임훈정,임훈정,DRV_003,,,111,,183,915,920,15:15,15:20,F,False
driver_availability,driver,임훈정,임훈정,DRV_003,,,111,,184,920,925,15:20,15:25,F,False
driver_availability,driver,임훈정,임훈정,DRV_003,,,111,,185,925,930,15:25,15:30,F,False
driver_availability,driver,임훈정,임훈정,DRV_003,,,111,,186,930,935,15:30,15:35,F,False
driver_availability,driver,임훈정,임훈정,DRV_003,,,111,,187,935,940,15:35,15:40,F,False
driver_availability,driver,임훈정,임훈정,DRV_003,,,111,,188,940,945,15:40,15:45,F,False
driver_availability,driver,임훈정,임훈정,DRV_003,,,111,,189,945,950,15:45,15:50,F,False
driver_availability,driver,임훈정,임훈정,DRV_003,,,111,,190,950,955,15:50,15:55,F,False
driver_availability,driver,임훈정,임훈정,DRV_003,,,111,,191,955,960,15:55,16:00,F,False
driver_availability,driver,임훈정,임훈정,DRV_003,,,111,,192,960,965,16:00,16:05,F,False
driver_availability,driver,임훈정,임훈정,DRV_003,,,111,,193,965,970,16:05,16:10,F,False
driver_availability,driver,임훈정,임훈정,DRV_003,,,111,,194,970,975,16:10,16:15,F,False
driver_availability,driver,임훈정,임훈정,DRV_003,,,111,,195,975,980,16:15,16:20,F,False
driver_availability,driver,임훈정,임훈정,DRV_003,,,111,,196,980,985,16:20,16:25,F,False
driver_availability,driver,임훈정,임훈정,DRV_003,,,111,,197,985,990,16:25,16:30,F,False
driver_availability,driver,임훈정,임훈정,DRV_003,,,111,,198,990,995,16:30,16:35,F,False
driver_availability,driver,임훈정,임훈정,DRV_003,,,111,,199,995,1000,16:35,16:40,F,False
driver_availability,driver,임훈정,임훈정,DRV_003,,,111,,200,1000,1005,16:40,16:45,F,False
driver_availability,driver,임훈정,임훈정,DRV_003,,,111,,201,1005,1010,16:45,16:50,F,False
driver_availability,driver,임훈정,임훈정,DRV_003,,,111,,202,1010,1015,16:50,16:55,F,False
driver_availability,driver,임훈정,임훈정,DRV_003,,,111,,203,1015,1020,16:55,17:00,F,False
driver_availability,driver,임훈정,임훈정,DRV_003,,,111,,204,1020,1025,17:00,17:05,T,True
driver_availability,driver,임훈정,임훈정,DRV_003,,,111,,205,1025,1030,17:05,17:10,T,True
driver_availability,driver,임훈정,임훈정,DRV_003,,,111,,206,1030,1035,17:10,17:15,T,True
driver_availability,driver,임훈정,임훈정,DRV_003,,,111,,207,1035,1040,17:15,17:20,T,True
driver_availability,driver,임훈정,임훈정,DRV_003,,,111,,208,1040,1045,17:20,17:25,T,True
driver_availability,driver,임훈정,임훈정,DRV_003,,,111,,209,1045,1050,17:25,17:30,T,True
driver_availability,driver,임훈정,임훈정,DRV_003,,,111,,210,1050,1055,17:30,17:35,T,True
driver_availability,driver,임훈정,임훈정,DRV_003,,,111,,211,1055,1060,17:35,17:40,T,True
driver_availability,driver,임훈정,임훈정,DRV_003,,,111,,212,1060,1065,17:40,17:45,T,True
driver_availability,driver,임훈정,임훈정,DRV_003,,,111,,213,1065,1070,17:45,17:50,T,True
driver_availability,driver,임훈정,임훈정,DRV_003,,,111,,214,1070,1075,17:50,17:55,T,True
driver_availability,driver,임훈정,임훈정,DRV_003,,,111,,215,1075,1080,17:55,18:00,T,True
driver_availability,driver,임훈정,임훈정,DRV_003,,,111,,216,1080,1085,18:00,18:05,T,True
driver_availability,driver,임훈정,임훈정,DRV_003,,,111,,217,1085,1090,18:05,18:10,T,True
driver_availability,driver,임훈정,임훈정,DRV_003,,,111,,218,1090,1095,18:10,18:15,T,True
driver_availability,driver,임훈정,임훈정,DRV_003,,,111,,219,1095,1100,18:15,18:20,T,True
driver_availability,driver,임훈정,임훈정,DRV_003,,,111,,220,1100,1105,18:20,18:25,T,True
driver_availability,driver,임훈정,임훈정,DRV_003,,,111,,221,1105,1110,18:25,18:30,T,True
driver_availability,driver,임훈정,임훈정,DRV_003,,,111,,222,1110,1115,18:30,18:35,T,True
driver_availability,driver,임훈정,임훈정,DRV_003,,,111,,223,1115,1120,18:35,18:40,T,True
driver_availability,driver,임훈정,임훈정,DRV_003,,,111,,224,1120,1125,18:40,18:45,T,True
driver_availability,driver,임훈정,임훈정,DRV_003,,,111,,225,1125,1130,18:45,18:50,T,True
driver_availability,driver,임훈정,임훈정,DRV_003,,,111,,226,1130,1135,18:50,18:55,T,True
driver_availability,driver,임훈정,임훈정,DRV_003,,,111,,227,1135,1140,18:55,19:00,T,True
driver_availability,driver,임훈정,임훈정,DRV_003,,,111,,228,1140,1145,19:00,19:05,T,True
driver_availability,driver,임훈정,임훈정,DRV_003,,,111,,229,1145,1150,19:05,19:10,T,True
driver_availability,driver,임훈정,임훈정,DRV_003,,,111,,230,1150,1155,19:10,19:15,T,True
driver_availability,driver,임훈정,임훈정,DRV_003,,,111,,231,1155,1160,19:15,19:20,T,True
driver_availability,driver,임훈정,임훈정,DRV_003,,,111,,232,1160,1165,19:20,19:25,T,True
driver_availability,driver,임훈정,임훈정,DRV_003,,,111,,233,1165,1170,19:25,19:30,T,True
driver_availability,driver,임훈정,임훈정,DRV_003,,,111,,234,1170,1175,19:30,19:35,T,True
driver_availability,driver,임훈정,임훈정,DRV_003,,,111,,235,1175,1180,19:35,19:40,T,True
driver_availability,driver,임훈정,임훈정,DRV_003,,,111,,236,1180,1185,19:40,19:45,T,True
driver_availability,driver,임훈정,임훈정,DRV_003,,,111,,237,1185,1190,19:45,19:50,T,True
driver_availability,driver,임훈정,임훈정,DRV_003,,,111,,238,1190,1195,19:50,19:55,T,True
driver_availability,driver,임훈정,임훈정,DRV_003,,,111,,239,1195,1200,19:55,20:00,T,True
driver_availability,driver,임훈정,임훈정,DRV_003,,,111,,240,1200,1205,20:00,20:05,T,True
driver_availability,driver,임훈정,임훈정,DRV_003,,,111,,241,1205,1210,20:05,20:10,T,True
driver_availability,driver,임훈정,임훈정,DRV_003,,,111,,242,1210,1215,20:10,20:15,T,True
driver_availability,driver,임훈정,임훈정,DRV_003,,,111,,243,1215,1220,20:15,20:20,T,True
driver_availability,driver,임훈정,임훈정,DRV_003,,,111,,244,1220,1225,20:20,20:25,T,True
driver_availability,driver,임훈정,임훈정,DRV_003,,,111,,245,1225,1230,20:25,20:30,T,True
driver_availability,driver,임훈정,임훈정,DRV_003,,,111,,246,1230,1235,20:30,20:35,T,True
driver_availability,driver,임훈정,임훈정,DRV_003,,,111,,247,1235,1240,20:35,20:40,T,True
driver_availability,driver,임훈정,임훈정,DRV_003,,,111,,248,1240,1245,20:40,20:45,T,True
driver_availability,driver,임훈정,임훈정,DRV_003,,,111,,249,1245,1250,20:45,20:50,T,True
driver_availability,driver,임훈정,임훈정,DRV_003,,,111,,250,1250,1255,20:50,20:55,T,True
driver_availability,driver,임훈정,임훈정,DRV_003,,,111,,251,1255,1260,20:55,21:00,T,True
driver_availability,driver,임훈정,임훈정,DRV_003,,,111,,252,1260,1265,21:00,21:05,T,True
driver_availability,driver,임훈정,임훈정,DRV_003,,,111,,253,1265,1270,21:05,21:10,T,True
driver_availability,driver,임훈정,임훈정,DRV_003,,,111,,254,1270,1275,21:10,21:15,T,True
driver_availability,driver,임훈정,임훈정,DRV_003,,,111,,255,1275,1280,21:15,21:20,T,True
driver_availability,driver,임훈정,임훈정,DRV_003,,,111,,256,1280,1285,21:20,21:25,T,True
driver_availability,driver,임훈정,임훈정,DRV_003,,,111,,257,1285,1290,21:25,21:30,T,True
driver_availability,driver,임훈정,임훈정,DRV_003,,,111,,258,1290,1295,21:30,21:35,T,True
driver_availability,driver,임훈정,임훈정,DRV_003,,,111,,259,1295,1300,21:35,21:40,T,True
driver_availability,driver,임훈정,임훈정,DRV_003,,,111,,260,1300,1305,21:40,21:45,T,True
driver_availability,driver,임훈정,임훈정,DRV_003,,,111,,261,1305,1310,21:45,21:50,T,True
driver_availability,driver,임훈정,임훈정,DRV_003,,,111,,262,1310,1315,21:50,21:55,T,True
driver_availability,driver,임훈정,임훈정,DRV_003,,,111,,263,1315,1320,21:55,22:00,T,True
driver_availability,driver,임훈정,임훈정,DRV_003,,,111,,264,1320,1325,22:00,22:05,T,True
driver_availability,driver,임훈정,임훈정,DRV_003,,,111,,265,1325,1330,22:05,22:10,T,True
driver_availability,driver,임훈정,임훈정,DRV_003,,,111,,266,1330,1335,22:10,22:15,T,True
driver_availability,driver,임훈정,임훈정,DRV_003,,,111,,267,1335,1340,22:15,22:20,T,True
driver_availability,driver,임훈정,임훈정,DRV_003,,,111,,268,1340,1345,22:20,22:25,T,True
driver_availability,driver,임훈정,임훈정,DRV_003,,,111,,269,1345,1350,22:25,22:30,T,True
driver_availability,driver,임훈정,임훈정,DRV_003,,,111,,270,1350,1355,22:30,22:35,T,True
driver_availability,driver,임훈정,임훈정,DRV_003,,,111,,271,1355,1360,22:35,22:40,T,True
driver_availability,driver,임훈정,임훈정,DRV_003,,,111,,272,1360,1365,22:40,22:45,T,True
driver_availability,driver,임훈정,임훈정,DRV_003,,,111,,273,1365,1370,22:45,22:50,T,True
driver_availability,driver,임훈정,임훈정,DRV_003,,,111,,274,1370,1375,22:50,22:55,T,True
driver_availability,driver,임훈정,임훈정,DRV_003,,,111,,275,1375,1380,22:55,23:00,T,True
driver_availability,driver,임훈정,임훈정,DRV_003,,,111,,276,1380,1385,23:00,23:05,T,True
driver_availability,driver,임훈정,임훈정,DRV_003,,,111,,277,1385,1390,23:05,23:10,T,True
driver_availability,driver,임훈정,임훈정,DRV_003,,,111,,278,1390,1395,23:10,23:15,T,True
driver_availability,driver,임훈정,임훈정,DRV_003,,,111,,279,1395,1400,23:15,23:20,T,True
driver_availability,driver,임훈정,임훈정,DRV_003,,,111,,280,1400,1405,23:20,23:25,T,True
driver_availability,driver,임훈정,임훈정,DRV_003,,,111,,281,1405,1410,23:25,23:30,T,True
driver_availability,driver,임훈정,임훈정,DRV_003,,,111,,282,1410,1415,23:30,23:35,T,True
driver_availability,driver,임훈정,임훈정,DRV_003,,,111,,283,1415,1420,23:35,23:40,T,True
driver_availability,driver,임훈정,임훈정,DRV_003,,,111,,284,1420,1425,23:40,23:45,T,True
driver_availability,driver,임훈정,임훈정,DRV_003,,,111,,285,1425,1430,23:45,23:50,T,True
driver_availability,driver,임훈정,임훈정,DRV_003,,,111,,286,1430,1435,23:50,23:55,T,True
driver_availability,driver,임훈정,임훈정,DRV_003,,,111,,287,1435,1440,23:55,24:00,T,True
driver_availability,driver,백하용,백하용,DRV_004,,,111,휴가,0,0,5,00:00,00:05,F,False
driver_availability,driver,백하용,백하용,DRV_004,,,111,휴가,1,5,10,00:05,00:10,F,False
driver_availability,driver,백하용,백하용,DRV_004,,,111,휴가,2,10,15,00:10,00:15,F,False
driver_availability,driver,백하용,백하용,DRV_004,,,111,휴가,3,15,20,00:15,00:20,F,False
driver_availability,driver,백하용,백하용,DRV_004,,,111,휴가,4,20,25,00:20,00:25,F,False
driver_availability,driver,백하용,백하용,DRV_004,,,111,휴가,5,25,30,00:25,00:30,F,False
driver_availability,driver,백하용,백하용,DRV_004,,,111,휴가,6,30,35,00:30,00:35,F,False
driver_availability,driver,백하용,백하용,DRV_004,,,111,휴가,7,35,40,00:35,00:40,F,False
driver_availability,driver,백하용,백하용,DRV_004,,,111,휴가,8,40,45,00:40,00:45,F,False
driver_availability,driver,백하용,백하용,DRV_004,,,111,휴가,9,45,50,00:45,00:50,F,False
driver_availability,driver,백하용,백하용,DRV_004,,,111,휴가,10,50,55,00:50,00:55,F,False
driver_availability,driver,백하용,백하용,DRV_004,,,111,휴가,11,55,60,00:55,01:00,F,False
driver_availability,driver,백하용,백하용,DRV_004,,,111,휴가,12,60,65,01:00,01:05,F,False
driver_availability,driver,백하용,백하용,DRV_004,,,111,휴가,13,65,70,01:05,01:10,F,False
driver_availability,driver,백하용,백하용,DRV_004,,,111,휴가,14,70,75,01:10,01:15,F,False
driver_availability,driver,백하용,백하용,DRV_004,,,111,휴가,15,75,80,01:15,01:20,F,False
driver_availability,driver,백하용,백하용,DRV_004,,,111,휴가,16,80,85,01:20,01:25,F,False
driver_availability,driver,백하용,백하용,DRV_004,,,111,휴가,17,85,90,01:25,01:30,F,False
driver_availability,driver,백하용,백하용,DRV_004,,,111,휴가,18,90,95,01:30,01:35,F,False
driver_availability,driver,백하용,백하용,DRV_004,,,111,휴가,19,95,100,01:35,01:40,F,False
driver_availability,driver,백하용,백하용,DRV_004,,,111,휴가,20,100,105,01:40,01:45,F,False
driver_availability,driver,백하용,백하용,DRV_004,,,111,휴가,21,105,110,01:45,01:50,F,False
driver_availability,driver,백하용,백하용,DRV_004,,,111,휴가,22,110,115,01:50,01:55,F,False
driver_availability,driver,백하용,백하용,DRV_004,,,111,휴가,23,115,120,01:55,02:00,F,False
driver_availability,driver,백하용,백하용,DRV_004,,,111,휴가,24,120,125,02:00,02:05,F,False
driver_availability,driver,백하용,백하용,DRV_004,,,111,휴가,25,125,130,02:05,02:10,F,False
driver_availability,driver,백하용,백하용,DRV_004,,,111,휴가,26,130,135,02:10,02:15,F,False
driver_availability,driver,백하용,백하용,DRV_004,,,111,휴가,27,135,140,02:15,02:20,F,False
driver_availability,driver,백하용,백하용,DRV_004,,,111,휴가,28,140,145,02:20,02:25,F,False
driver_availability,driver,백하용,백하용,DRV_004,,,111,휴가,29,145,150,02:25,02:30,F,False
driver_availability,driver,백하용,백하용,DRV_004,,,111,휴가,30,150,155,02:30,02:35,F,False
driver_availability,driver,백하용,백하용,DRV_004,,,111,휴가,31,155,160,02:35,02:40,F,False
driver_availability,driver,백하용,백하용,DRV_004,,,111,휴가,32,160,165,02:40,02:45,F,False
driver_availability,driver,백하용,백하용,DRV_004,,,111,휴가,33,165,170,02:45,02:50,F,False
driver_availability,driver,백하용,백하용,DRV_004,,,111,휴가,34,170,175,02:50,02:55,F,False
driver_availability,driver,백하용,백하용,DRV_004,,,111,휴가,35,175,180,02:55,03:00,F,False
driver_availability,driver,백하용,백하용,DRV_004,,,111,휴가,36,180,185,03:00,03:05,F,False
driver_availability,driver,백하용,백하용,DRV_004,,,111,휴가,37,185,190,03:05,03:10,F,False
driver_availability,driver,백하용,백하용,DRV_004,,,111,휴가,38,190,195,03:10,03:15,F,False
driver_availability,driver,백하용,백하용,DRV_004,,,111,휴가,39,195,200,03:15,03:20,F,False
driver_availability,driver,백하용,백하용,DRV_004,,,111,휴가,40,200,205,03:20,03:25,F,False
driver_availability,driver,백하용,백하용,DRV_004,,,111,휴가,41,205,210,03:25,03:30,F,False
driver_availability,driver,백하용,백하용,DRV_004,,,111,휴가,42,210,215,03:30,03:35,F,False
driver_availability,driver,백하용,백하용,DRV_004,,,111,휴가,43,215,220,03:35,03:40,F,False
driver_availability,driver,백하용,백하용,DRV_004,,,111,휴가,44,220,225,03:40,03:45,F,False
driver_availability,driver,백하용,백하용,DRV_004,,,111,휴가,45,225,230,03:45,03:50,F,False
driver_availability,driver,백하용,백하용,DRV_004,,,111,휴가,46,230,235,03:50,03:55,F,False
driver_availability,driver,백하용,백하용,DRV_004,,,111,휴가,47,235,240,03:55,04:00,F,False
driver_availability,driver,백하용,백하용,DRV_004,,,111,휴가,48,240,245,04:00,04:05,F,False
driver_availability,driver,백하용,백하용,DRV_004,,,111,휴가,49,245,250,04:05,04:10,F,False
driver_availability,driver,백하용,백하용,DRV_004,,,111,휴가,50,250,255,04:10,04:15,F,False
driver_availability,driver,백하용,백하용,DRV_004,,,111,휴가,51,255,260,04:15,04:20,F,False
driver_availability,driver,백하용,백하용,DRV_004,,,111,휴가,52,260,265,04:20,04:25,F,False
driver_availability,driver,백하용,백하용,DRV_004,,,111,휴가,53,265,270,04:25,04:30,F,False
driver_availability,driver,백하용,백하용,DRV_004,,,111,휴가,54,270,275,04:30,04:35,F,False
driver_availability,driver,백하용,백하용,DRV_004,,,111,휴가,55,275,280,04:35,04:40,F,False
driver_availability,driver,백하용,백하용,DRV_004,,,111,휴가,56,280,285,04:40,04:45,F,False
driver_availability,driver,백하용,백하용,DRV_004,,,111,휴가,57,285,290,04:45,04:50,F,False
driver_availability,driver,백하용,백하용,DRV_004,,,111,휴가,58,290,295,04:50,04:55,F,False
driver_availability,driver,백하용,백하용,DRV_004,,,111,휴가,59,295,300,04:55,05:00,F,False
driver_availability,driver,백하용,백하용,DRV_004,,,111,휴가,60,300,305,05:00,05:05,F,False
driver_availability,driver,백하용,백하용,DRV_004,,,111,휴가,61,305,310,05:05,05:10,F,False
driver_availability,driver,백하용,백하용,DRV_004,,,111,휴가,62,310,315,05:10,05:15,F,False
driver_availability,driver,백하용,백하용,DRV_004,,,111,휴가,63,315,320,05:15,05:20,F,False
driver_availability,driver,백하용,백하용,DRV_004,,,111,휴가,64,320,325,05:20,05:25,F,False
driver_availability,driver,백하용,백하용,DRV_004,,,111,휴가,65,325,330,05:25,05:30,F,False
driver_availability,driver,백하용,백하용,DRV_004,,,111,휴가,66,330,335,05:30,05:35,F,False
driver_availability,driver,백하용,백하용,DRV_004,,,111,휴가,67,335,340,05:35,05:40,F,False
driver_availability,driver,백하용,백하용,DRV_004,,,111,휴가,68,340,345,05:40,05:45,F,False
driver_availability,driver,백하용,백하용,DRV_004,,,111,휴가,69,345,350,05:45,05:50,F,False
driver_availability,driver,백하용,백하용,DRV_004,,,111,휴가,70,350,355,05:50,05:55,F,False
driver_availability,driver,백하용,백하용,DRV_004,,,111,휴가,71,355,360,05:55,06:00,F,False
driver_availability,driver,백하용,백하용,DRV_004,,,111,휴가,72,360,365,06:00,06:05,F,False
driver_availability,driver,백하용,백하용,DRV_004,,,111,휴가,73,365,370,06:05,06:10,F,False
driver_availability,driver,백하용,백하용,DRV_004,,,111,휴가,74,370,375,06:10,06:15,F,False
driver_availability,driver,백하용,백하용,DRV_004,,,111,휴가,75,375,380,06:15,06:20,F,False
driver_availability,driver,백하용,백하용,DRV_004,,,111,휴가,76,380,385,06:20,06:25,F,False
driver_availability,driver,백하용,백하용,DRV_004,,,111,휴가,77,385,390,06:25,06:30,F,False
driver_availability,driver,백하용,백하용,DRV_004,,,111,휴가,78,390,395,06:30,06:35,F,False
driver_availability,driver,백하용,백하용,DRV_004,,,111,휴가,79,395,400,06:35,06:40,F,False
driver_availability,driver,백하용,백하용,DRV_004,,,111,휴가,80,400,405,06:40,06:45,F,False
driver_availability,driver,백하용,백하용,DRV_004,,,111,휴가,81,405,410,06:45,06:50,F,False
driver_availability,driver,백하용,백하용,DRV_004,,,111,휴가,82,410,415,06:50,06:55,F,False
driver_availability,driver,백하용,백하용,DRV_004,,,111,휴가,83,415,420,06:55,07:00,F,False
driver_availability,driver,백하용,백하용,DRV_004,,,111,휴가,84,420,425,07:00,07:05,F,False
driver_availability,driver,백하용,백하용,DRV_004,,,111,휴가,85,425,430,07:05,07:10,F,False
driver_availability,driver,백하용,백하용,DRV_004,,,111,휴가,86,430,435,07:10,07:15,F,False
driver_availability,driver,백하용,백하용,DRV_004,,,111,휴가,87,435,440,07:15,07:20,F,False
driver_availability,driver,백하용,백하용,DRV_004,,,111,휴가,88,440,445,07:20,07:25,F,False
driver_availability,driver,백하용,백하용,DRV_004,,,111,휴가,89,445,450,07:25,07:30,F,False
driver_availability,driver,백하용,백하용,DRV_004,,,111,휴가,90,450,455,07:30,07:35,F,False
driver_availability,driver,백하용,백하용,DRV_004,,,111,휴가,91,455,460,07:35,07:40,F,False
driver_availability,driver,백하용,백하용,DRV_004,,,111,휴가,92,460,465,07:40,07:45,F,False
driver_availability,driver,백하용,백하용,DRV_004,,,111,휴가,93,465,470,07:45,07:50,F,False
driver_availability,driver,백하용,백하용,DRV_004,,,111,휴가,94,470,475,07:50,07:55,F,False
driver_availability,driver,백하용,백하용,DRV_004,,,111,휴가,95,475,480,07:55,08:00,F,False
driver_availability,driver,백하용,백하용,DRV_004,,,111,휴가,96,480,485,08:00,08:05,F,False
driver_availability,driver,백하용,백하용,DRV_004,,,111,휴가,97,485,490,08:05,08:10,F,False
driver_availability,driver,백하용,백하용,DRV_004,,,111,휴가,98,490,495,08:10,08:15,F,False
driver_availability,driver,백하용,백하용,DRV_004,,,111,휴가,99,495,500,08:15,08:20,F,False
driver_availability,driver,백하용,백하용,DRV_004,,,111,휴가,100,500,505,08:20,08:25,F,False
driver_availability,driver,백하용,백하용,DRV_004,,,111,휴가,101,505,510,08:25,08:30,F,False
driver_availability,driver,백하용,백하용,DRV_004,,,111,휴가,102,510,515,08:30,08:35,F,False
driver_availability,driver,백하용,백하용,DRV_004,,,111,휴가,103,515,520,08:35,08:40,F,False
driver_availability,driver,백하용,백하용,DRV_004,,,111,휴가,104,520,525,08:40,08:45,F,False
driver_availability,driver,백하용,백하용,DRV_004,,,111,휴가,105,525,530,08:45,08:50,F,False
driver_availability,driver,백하용,백하용,DRV_004,,,111,휴가,106,530,535,08:50,08:55,F,False
driver_availability,driver,백하용,백하용,DRV_004,,,111,휴가,107,535,540,08:55,09:00,F,False
driver_availability,driver,백하용,백하용,DRV_004,,,111,휴가,108,540,545,09:00,09:05,F,False
driver_availability,driver,백하용,백하용,DRV_004,,,111,휴가,109,545,550,09:05,09:10,F,False
driver_availability,driver,백하용,백하용,DRV_004,,,111,휴가,110,550,555,09:10,09:15,F,False
driver_availability,driver,백하용,백하용,DRV_004,,,111,휴가,111,555,560,09:15,09:20,F,False
driver_availability,driver,백하용,백하용,DRV_004,,,111,휴가,112,560,565,09:20,09:25,F,False
driver_availability,driver,백하용,백하용,DRV_004,,,111,휴가,113,565,570,09:25,09:30,F,False
driver_availability,driver,백하용,백하용,DRV_004,,,111,휴가,114,570,575,09:30,09:35,F,False
driver_availability,driver,백하용,백하용,DRV_004,,,111,휴가,115,575,580,09:35,09:40,F,False
driver_availability,driver,백하용,백하용,DRV_004,,,111,휴가,116,580,585,09:40,09:45,F,False
driver_availability,driver,백하용,백하용,DRV_004,,,111,휴가,117,585,590,09:45,09:50,F,False
driver_availability,driver,백하용,백하용,DRV_004,,,111,휴가,118,590,595,09:50,09:55,F,False
driver_availability,driver,백하용,백하용,DRV_004,,,111,휴가,119,595,600,09:55,10:00,F,False
driver_availability,driver,백하용,백하용,DRV_004,,,111,휴가,120,600,605,10:00,10:05,F,False
driver_availability,driver,백하용,백하용,DRV_004,,,111,휴가,121,605,610,10:05,10:10,F,False
driver_availability,driver,백하용,백하용,DRV_004,,,111,휴가,122,610,615,10:10,10:15,F,False
driver_availability,driver,백하용,백하용,DRV_004,,,111,휴가,123,615,620,10:15,10:20,F,False
driver_availability,driver,백하용,백하용,DRV_004,,,111,휴가,124,620,625,10:20,10:25,F,False
driver_availability,driver,백하용,백하용,DRV_004,,,111,휴가,125,625,630,10:25,10:30,F,False
driver_availability,driver,백하용,백하용,DRV_004,,,111,휴가,126,630,635,10:30,10:35,F,False
driver_availability,driver,백하용,백하용,DRV_004,,,111,휴가,127,635,640,10:35,10:40,F,False
driver_availability,driver,백하용,백하용,DRV_004,,,111,휴가,128,640,645,10:40,10:45,F,False
driver_availability,driver,백하용,백하용,DRV_004,,,111,휴가,129,645,650,10:45,10:50,F,False
driver_availability,driver,백하용,백하용,DRV_004,,,111,휴가,130,650,655,10:50,10:55,F,False
driver_availability,driver,백하용,백하용,DRV_004,,,111,휴가,131,655,660,10:55,11:00,F,False
driver_availability,driver,백하용,백하용,DRV_004,,,111,휴가,132,660,665,11:00,11:05,F,False
driver_availability,driver,백하용,백하용,DRV_004,,,111,휴가,133,665,670,11:05,11:10,F,False
driver_availability,driver,백하용,백하용,DRV_004,,,111,휴가,134,670,675,11:10,11:15,F,False
driver_availability,driver,백하용,백하용,DRV_004,,,111,휴가,135,675,680,11:15,11:20,F,False
driver_availability,driver,백하용,백하용,DRV_004,,,111,휴가,136,680,685,11:20,11:25,F,False
driver_availability,driver,백하용,백하용,DRV_004,,,111,휴가,137,685,690,11:25,11:30,F,False
driver_availability,driver,백하용,백하용,DRV_004,,,111,휴가,138,690,695,11:30,11:35,F,False
driver_availability,driver,백하용,백하용,DRV_004,,,111,휴가,139,695,700,11:35,11:40,F,False
driver_availability,driver,백하용,백하용,DRV_004,,,111,휴가,140,700,705,11:40,11:45,F,False
driver_availability,driver,백하용,백하용,DRV_004,,,111,휴가,141,705,710,11:45,11:50,F,False
driver_availability,driver,백하용,백하용,DRV_004,,,111,휴가,142,710,715,11:50,11:55,F,False
driver_availability,driver,백하용,백하용,DRV_004,,,111,휴가,143,715,720,11:55,12:00,F,False
driver_availability,driver,백하용,백하용,DRV_004,,,111,휴가,144,720,725,12:00,12:05,F,False
driver_availability,driver,백하용,백하용,DRV_004,,,111,휴가,145,725,730,12:05,12:10,F,False
driver_availability,driver,백하용,백하용,DRV_004,,,111,휴가,146,730,735,12:10,12:15,F,False
driver_availability,driver,백하용,백하용,DRV_004,,,111,휴가,147,735,740,12:15,12:20,F,False
driver_availability,driver,백하용,백하용,DRV_004,,,111,휴가,148,740,745,12:20,12:25,F,False
driver_availability,driver,백하용,백하용,DRV_004,,,111,휴가,149,745,750,12:25,12:30,F,False
driver_availability,driver,백하용,백하용,DRV_004,,,111,휴가,150,750,755,12:30,12:35,F,False
driver_availability,driver,백하용,백하용,DRV_004,,,111,휴가,151,755,760,12:35,12:40,F,False
driver_availability,driver,백하용,백하용,DRV_004,,,111,휴가,152,760,765,12:40,12:45,F,False
driver_availability,driver,백하용,백하용,DRV_004,,,111,휴가,153,765,770,12:45,12:50,F,False
driver_availability,driver,백하용,백하용,DRV_004,,,111,휴가,154,770,775,12:50,12:55,F,False
driver_availability,driver,백하용,백하용,DRV_004,,,111,휴가,155,775,780,12:55,13:00,F,False
driver_availability,driver,백하용,백하용,DRV_004,,,111,휴가,156,780,785,13:00,13:05,F,False
driver_availability,driver,백하용,백하용,DRV_004,,,111,휴가,157,785,790,13:05,13:10,F,False
driver_availability,driver,백하용,백하용,DRV_004,,,111,휴가,158,790,795,13:10,13:15,F,False
driver_availability,driver,백하용,백하용,DRV_004,,,111,휴가,159,795,800,13:15,13:20,F,False
driver_availability,driver,백하용,백하용,DRV_004,,,111,휴가,160,800,805,13:20,13:25,F,False
driver_availability,driver,백하용,백하용,DRV_004,,,111,휴가,161,805,810,13:25,13:30,F,False
driver_availability,driver,백하용,백하용,DRV_004,,,111,휴가,162,810,815,13:30,13:35,F,False
driver_availability,driver,백하용,백하용,DRV_004,,,111,휴가,163,815,820,13:35,13:40,F,False
driver_availability,driver,백하용,백하용,DRV_004,,,111,휴가,164,820,825,13:40,13:45,F,False
driver_availability,driver,백하용,백하용,DRV_004,,,111,휴가,165,825,830,13:45,13:50,F,False
driver_availability,driver,백하용,백하용,DRV_004,,,111,휴가,166,830,835,13:50,13:55,F,False
driver_availability,driver,백하용,백하용,DRV_004,,,111,휴가,167,835,840,13:55,14:00,F,False
driver_availability,driver,백하용,백하용,DRV_004,,,111,휴가,168,840,845,14:00,14:05,F,False
driver_availability,driver,백하용,백하용,DRV_004,,,111,휴가,169,845,850,14:05,14:10,F,False
driver_availability,driver,백하용,백하용,DRV_004,,,111,휴가,170,850,855,14:10,14:15,F,False
driver_availability,driver,백하용,백하용,DRV_004,,,111,휴가,171,855,860,14:15,14:20,F,False
driver_availability,driver,백하용,백하용,DRV_004,,,111,휴가,172,860,865,14:20,14:25,F,False
driver_availability,driver,백하용,백하용,DRV_004,,,111,휴가,173,865,870,14:25,14:30,F,False
driver_availability,driver,백하용,백하용,DRV_004,,,111,휴가,174,870,875,14:30,14:35,F,False
driver_availability,driver,백하용,백하용,DRV_004,,,111,휴가,175,875,880,14:35,14:40,F,False
driver_availability,driver,백하용,백하용,DRV_004,,,111,휴가,176,880,885,14:40,14:45,F,False
driver_availability,driver,백하용,백하용,DRV_004,,,111,휴가,177,885,890,14:45,14:50,F,False
driver_availability,driver,백하용,백하용,DRV_004,,,111,휴가,178,890,895,14:50,14:55,F,False
driver_availability,driver,백하용,백하용,DRV_004,,,111,휴가,179,895,900,14:55,15:00,F,False
driver_availability,driver,백하용,백하용,DRV_004,,,111,휴가,180,900,905,15:00,15:05,F,False
driver_availability,driver,백하용,백하용,DRV_004,,,111,휴가,181,905,910,15:05,15:10,F,False
driver_availability,driver,백하용,백하용,DRV_004,,,111,휴가,182,910,915,15:10,15:15,F,False
driver_availability,driver,백하용,백하용,DRV_004,,,111,휴가,183,915,920,15:15,15:20,F,False
driver_availability,driver,백하용,백하용,DRV_004,,,111,휴가,184,920,925,15:20,15:25,F,False
driver_availability,driver,백하용,백하용,DRV_004,,,111,휴가,185,925,930,15:25,15:30,F,False
driver_availability,driver,백하용,백하용,DRV_004,,,111,휴가,186,930,935,15:30,15:35,F,False
driver_availability,driver,백하용,백하용,DRV_004,,,111,휴가,187,935,940,15:35,15:40,F,False
driver_availability,driver,백하용,백하용,DRV_004,,,111,휴가,188,940,945,15:40,15:45,F,False
driver_availability,driver,백하용,백하용,DRV_004,,,111,휴가,189,945,950,15:45,15:50,F,False
driver_availability,driver,백하용,백하용,DRV_004,,,111,휴가,190,950,955,15:50,15:55,F,False
driver_availability,driver,백하용,백하용,DRV_004,,,111,휴가,191,955,960,15:55,16:00,F,False
driver_availability,driver,백하용,백하용,DRV_004,,,111,휴가,192,960,965,16:00,16:05,F,False
driver_availability,driver,백하용,백하용,DRV_004,,,111,휴가,193,965,970,16:05,16:10,F,False
driver_availability,driver,백하용,백하용,DRV_004,,,111,휴가,194,970,975,16:10,16:15,F,False
driver_availability,driver,백하용,백하용,DRV_004,,,111,휴가,195,975,980,16:15,16:20,F,False
driver_availability,driver,백하용,백하용,DRV_004,,,111,휴가,196,980,985,16:20,16:25,F,False
driver_availability,driver,백하용,백하용,DRV_004,,,111,휴가,197,985,990,16:25,16:30,F,False
driver_availability,driver,백하용,백하용,DRV_004,,,111,휴가,198,990,995,16:30,16:35,F,False
driver_availability,driver,백하용,백하용,DRV_004,,,111,휴가,199,995,1000,16:35,16:40,F,False
driver_availability,driver,백하용,백하용,DRV_004,,,111,휴가,200,1000,1005,16:40,16:45,F,False
driver_availability,driver,백하용,백하용,DRV_004,,,111,휴가,201,1005,1010,16:45,16:50,F,False
driver_availability,driver,백하용,백하용,DRV_004,,,111,휴가,202,1010,1015,16:50,16:55,F,False
driver_availability,driver,백하용,백하용,DRV_004,,,111,휴가,203,1015,1020,16:55,17:00,F,False
driver_availability,driver,백하용,백하용,DRV_004,,,111,휴가,204,1020,1025,17:00,17:05,F,False
driver_availability,driver,백하용,백하용,DRV_004,,,111,휴가,205,1025,1030,17:05,17:10,F,False
driver_availability,driver,백하용,백하용,DRV_004,,,111,휴가,206,1030,1035,17:10,17:15,F,False
driver_availability,driver,백하용,백하용,DRV_004,,,111,휴가,207,1035,1040,17:15,17:20,F,False
driver_availability,driver,백하용,백하용,DRV_004,,,111,휴가,208,1040,1045,17:20,17:25,F,False
driver_availability,driver,백하용,백하용,DRV_004,,,111,휴가,209,1045,1050,17:25,17:30,F,False
driver_availability,driver,백하용,백하용,DRV_004,,,111,휴가,210,1050,1055,17:30,17:35,F,False
driver_availability,driver,백하용,백하용,DRV_004,,,111,휴가,211,1055,1060,17:35,17:40,F,False
driver_availability,driver,백하용,백하용,DRV_004,,,111,휴가,212,1060,1065,17:40,17:45,F,False
driver_availability,driver,백하용,백하용,DRV_004,,,111,휴가,213,1065,1070,17:45,17:50,F,False
driver_availability,driver,백하용,백하용,DRV_004,,,111,휴가,214,1070,1075,17:50,17:55,F,False
driver_availability,driver,백하용,백하용,DRV_004,,,111,휴가,215,1075,1080,17:55,18:00,F,False
driver_availability,driver,백하용,백하용,DRV_004,,,111,휴가,216,1080,1085,18:00,18:05,F,False
driver_availability,driver,백하용,백하용,DRV_004,,,111,휴가,217,1085,1090,18:05,18:10,F,False
driver_availability,driver,백하용,백하용,DRV_004,,,111,휴가,218,1090,1095,18:10,18:15,F,False
driver_availability,driver,백하용,백하용,DRV_004,,,111,휴가,219,1095,1100,18:15,18:20,F,False
driver_availability,driver,백하용,백하용,DRV_004,,,111,휴가,220,1100,1105,18:20,18:25,F,False
driver_availability,driver,백하용,백하용,DRV_004,,,111,휴가,221,1105,1110,18:25,18:30,F,False
driver_availability,driver,백하용,백하용,DRV_004,,,111,휴가,222,1110,1115,18:30,18:35,F,False
driver_availability,driver,백하용,백하용,DRV_004,,,111,휴가,223,1115,1120,18:35,18:40,F,False
driver_availability,driver,백하용,백하용,DRV_004,,,111,휴가,224,1120,1125,18:40,18:45,F,False
driver_availability,driver,백하용,백하용,DRV_004,,,111,휴가,225,1125,1130,18:45,18:50,F,False
driver_availability,driver,백하용,백하용,DRV_004,,,111,휴가,226,1130,1135,18:50,18:55,F,False
driver_availability,driver,백하용,백하용,DRV_004,,,111,휴가,227,1135,1140,18:55,19:00,F,False
driver_availability,driver,백하용,백하용,DRV_004,,,111,휴가,228,1140,1145,19:00,19:05,F,False
driver_availability,driver,백하용,백하용,DRV_004,,,111,휴가,229,1145,1150,19:05,19:10,F,False
driver_availability,driver,백하용,백하용,DRV_004,,,111,휴가,230,1150,1155,19:10,19:15,F,False
driver_availability,driver,백하용,백하용,DRV_004,,,111,휴가,231,1155,1160,19:15,19:20,F,False
driver_availability,driver,백하용,백하용,DRV_004,,,111,휴가,232,1160,1165,19:20,19:25,F,False
driver_availability,driver,백하용,백하용,DRV_004,,,111,휴가,233,1165,1170,19:25,19:30,F,False
driver_availability,driver,백하용,백하용,DRV_004,,,111,휴가,234,1170,1175,19:30,19:35,F,False
driver_availability,driver,백하용,백하용,DRV_004,,,111,휴가,235,1175,1180,19:35,19:40,F,False
driver_availability,driver,백하용,백하용,DRV_004,,,111,휴가,236,1180,1185,19:40,19:45,F,False
driver_availability,driver,백하용,백하용,DRV_004,,,111,휴가,237,1185,1190,19:45,19:50,F,False
driver_availability,driver,백하용,백하용,DRV_004,,,111,휴가,238,1190,1195,19:50,19:55,F,False
driver_availability,driver,백하용,백하용,DRV_004,,,111,휴가,239,1195,1200,19:55,20:00,F,False
driver_availability,driver,백하용,백하용,DRV_004,,,111,휴가,240,1200,1205,20:00,20:05,F,False
driver_availability,driver,백하용,백하용,DRV_004,,,111,휴가,241,1205,1210,20:05,20:10,F,False
driver_availability,driver,백하용,백하용,DRV_004,,,111,휴가,242,1210,1215,20:10,20:15,F,False
driver_availability,driver,백하용,백하용,DRV_004,,,111,휴가,243,1215,1220,20:15,20:20,F,False
driver_availability,driver,백하용,백하용,DRV_004,,,111,휴가,244,1220,1225,20:20,20:25,F,False
driver_availability,driver,백하용,백하용,DRV_004,,,111,휴가,245,1225,1230,20:25,20:30,F,False
driver_availability,driver,백하용,백하용,DRV_004,,,111,휴가,246,1230,1235,20:30,20:35,F,False
driver_availability,driver,백하용,백하용,DRV_004,,,111,휴가,247,1235,1240,20:35,20:40,F,False
driver_availability,driver,백하용,백하용,DRV_004,,,111,휴가,248,1240,1245,20:40,20:45,F,False
driver_availability,driver,백하용,백하용,DRV_004,,,111,휴가,249,1245,1250,20:45,20:50,F,False
driver_availability,driver,백하용,백하용,DRV_004,,,111,휴가,250,1250,1255,20:50,20:55,F,False
driver_availability,driver,백하용,백하용,DRV_004,,,111,휴가,251,1255,1260,20:55,21:00,F,False
driver_availability,driver,백하용,백하용,DRV_004,,,111,휴가,252,1260,1265,21:00,21:05,F,False
driver_availability,driver,백하용,백하용,DRV_004,,,111,휴가,253,1265,1270,21:05,21:10,F,False
driver_availability,driver,백하용,백하용,DRV_004,,,111,휴가,254,1270,1275,21:10,21:15,F,False
driver_availability,driver,백하용,백하용,DRV_004,,,111,휴가,255,1275,1280,21:15,21:20,F,False
driver_availability,driver,백하용,백하용,DRV_004,,,111,휴가,256,1280,1285,21:20,21:25,F,False
driver_availability,driver,백하용,백하용,DRV_004,,,111,휴가,257,1285,1290,21:25,21:30,F,False
driver_availability,driver,백하용,백하용,DRV_004,,,111,휴가,258,1290,1295,21:30,21:35,F,False
driver_availability,driver,백하용,백하용,DRV_004,,,111,휴가,259,1295,1300,21:35,21:40,F,False
driver_availability,driver,백하용,백하용,DRV_004,,,111,휴가,260,1300,1305,21:40,21:45,F,False
driver_availability,driver,백하용,백하용,DRV_004,,,111,휴가,261,1305,1310,21:45,21:50,F,False
driver_availability,driver,백하용,백하용,DRV_004,,,111,휴가,262,1310,1315,21:50,21:55,F,False
driver_availability,driver,백하용,백하용,DRV_004,,,111,휴가,263,1315,1320,21:55,22:00,F,False
driver_availability,driver,백하용,백하용,DRV_004,,,111,휴가,264,1320,1325,22:00,22:05,F,False
driver_availability,driver,백하용,백하용,DRV_004,,,111,휴가,265,1325,1330,22:05,22:10,F,False
driver_availability,driver,백하용,백하용,DRV_004,,,111,휴가,266,1330,1335,22:10,22:15,F,False
driver_availability,driver,백하용,백하용,DRV_004,,,111,휴가,267,1335,1340,22:15,22:20,F,False
driver_availability,driver,백하용,백하용,DRV_004,,,111,휴가,268,1340,1345,22:20,22:25,F,False
driver_availability,driver,백하용,백하용,DRV_004,,,111,휴가,269,1345,1350,22:25,22:30,F,False
driver_availability,driver,백하용,백하용,DRV_004,,,111,휴가,270,1350,1355,22:30,22:35,F,False
driver_availability,driver,백하용,백하용,DRV_004,,,111,휴가,271,1355,1360,22:35,22:40,F,False
driver_availability,driver,백하용,백하용,DRV_004,,,111,휴가,272,1360,1365,22:40,22:45,F,False
driver_availability,driver,백하용,백하용,DRV_004,,,111,휴가,273,1365,1370,22:45,22:50,F,False
driver_availability,driver,백하용,백하용,DRV_004,,,111,휴가,274,1370,1375,22:50,22:55,F,False
driver_availability,driver,백하용,백하용,DRV_004,,,111,휴가,275,1375,1380,22:55,23:00,F,False
driver_availability,driver,백하용,백하용,DRV_004,,,111,휴가,276,1380,1385,23:00,23:05,F,False
driver_availability,driver,백하용,백하용,DRV_004,,,111,휴가,277,1385,1390,23:05,23:10,F,False
driver_availability,driver,백하용,백하용,DRV_004,,,111,휴가,278,1390,1395,23:10,23:15,F,False
driver_availability,driver,백하용,백하용,DRV_004,,,111,휴가,279,1395,1400,23:15,23:20,F,False
driver_availability,driver,백하용,백하용,DRV_004,,,111,휴가,280,1400,1405,23:20,23:25,F,False
driver_availability,driver,백하용,백하용,DRV_004,,,111,휴가,281,1405,1410,23:25,23:30,F,False
driver_availability,driver,백하용,백하용,DRV_004,,,111,휴가,282,1410,1415,23:30,23:35,F,False
driver_availability,driver,백하용,백하용,DRV_004,,,111,휴가,283,1415,1420,23:35,23:40,F,False
driver_availability,driver,백하용,백하용,DRV_004,,,111,휴가,284,1420,1425,23:40,23:45,F,False
driver_availability,driver,백하용,백하용,DRV_004,,,111,휴가,285,1425,1430,23:45,23:50,F,False
driver_availability,driver,백하용,백하용,DRV_004,,,111,휴가,286,1430,1435,23:50,23:55,F,False
driver_availability,driver,백하용,백하용,DRV_004,,,111,휴가,287,1435,1440,23:55,24:00,F,False
driver_availability,driver,문하인,문하인,DRV_005,,,233,,0,0,5,00:00,00:05,T,True
driver_availability,driver,문하인,문하인,DRV_005,,,233,,1,5,10,00:05,00:10,T,True
driver_availability,driver,문하인,문하인,DRV_005,,,233,,2,10,15,00:10,00:15,T,True
driver_availability,driver,문하인,문하인,DRV_005,,,233,,3,15,20,00:15,00:20,T,True
driver_availability,driver,문하인,문하인,DRV_005,,,233,,4,20,25,00:20,00:25,T,True
driver_availability,driver,문하인,문하인,DRV_005,,,233,,5,25,30,00:25,00:30,T,True
driver_availability,driver,문하인,문하인,DRV_005,,,233,,6,30,35,00:30,00:35,T,True
driver_availability,driver,문하인,문하인,DRV_005,,,233,,7,35,40,00:35,00:40,T,True
driver_availability,driver,문하인,문하인,DRV_005,,,233,,8,40,45,00:40,00:45,T,True
driver_availability,driver,문하인,문하인,DRV_005,,,233,,9,45,50,00:45,00:50,T,True
driver_availability,driver,문하인,문하인,DRV_005,,,233,,10,50,55,00:50,00:55,T,True
driver_availability,driver,문하인,문하인,DRV_005,,,233,,11,55,60,00:55,01:00,T,True
driver_availability,driver,문하인,문하인,DRV_005,,,233,,12,60,65,01:00,01:05,T,True
driver_availability,driver,문하인,문하인,DRV_005,,,233,,13,65,70,01:05,01:10,T,True
driver_availability,driver,문하인,문하인,DRV_005,,,233,,14,70,75,01:10,01:15,T,True
driver_availability,driver,문하인,문하인,DRV_005,,,233,,15,75,80,01:15,01:20,T,True
driver_availability,driver,문하인,문하인,DRV_005,,,233,,16,80,85,01:20,01:25,T,True
driver_availability,driver,문하인,문하인,DRV_005,,,233,,17,85,90,01:25,01:30,T,True
driver_availability,driver,문하인,문하인,DRV_005,,,233,,18,90,95,01:30,01:35,T,True
driver_availability,driver,문하인,문하인,DRV_005,,,233,,19,95,100,01:35,01:40,T,True
driver_availability,driver,문하인,문하인,DRV_005,,,233,,20,100,105,01:40,01:45,T,True
driver_availability,driver,문하인,문하인,DRV_005,,,233,,21,105,110,01:45,01:50,T,True
driver_availability,driver,문하인,문하인,DRV_005,,,233,,22,110,115,01:50,01:55,T,True
driver_availability,driver,문하인,문하인,DRV_005,,,233,,23,115,120,01:55,02:00,T,True
driver_availability,driver,문하인,문하인,DRV_005,,,233,,24,120,125,02:00,02:05,T,True
driver_availability,driver,문하인,문하인,DRV_005,,,233,,25,125,130,02:05,02:10,T,True
driver_availability,driver,문하인,문하인,DRV_005,,,233,,26,130,135,02:10,02:15,T,True
driver_availability,driver,문하인,문하인,DRV_005,,,233,,27,135,140,02:15,02:20,T,True
driver_availability,driver,문하인,문하인,DRV_005,,,233,,28,140,145,02:20,02:25,T,True
driver_availability,driver,문하인,문하인,DRV_005,,,233,,29,145,150,02:25,02:30,T,True
driver_availability,driver,문하인,문하인,DRV_005,,,233,,30,150,155,02:30,02:35,T,True
driver_availability,driver,문하인,문하인,DRV_005,,,233,,31,155,160,02:35,02:40,T,True
driver_availability,driver,문하인,문하인,DRV_005,,,233,,32,160,165,02:40,02:45,T,True
driver_availability,driver,문하인,문하인,DRV_005,,,233,,33,165,170,02:45,02:50,T,True
driver_availability,driver,문하인,문하인,DRV_005,,,233,,34,170,175,02:50,02:55,T,True
driver_availability,driver,문하인,문하인,DRV_005,,,233,,35,175,180,02:55,03:00,T,True
driver_availability,driver,문하인,문하인,DRV_005,,,233,,36,180,185,03:00,03:05,T,True
driver_availability,driver,문하인,문하인,DRV_005,,,233,,37,185,190,03:05,03:10,T,True
driver_availability,driver,문하인,문하인,DRV_005,,,233,,38,190,195,03:10,03:15,T,True
driver_availability,driver,문하인,문하인,DRV_005,,,233,,39,195,200,03:15,03:20,T,True
driver_availability,driver,문하인,문하인,DRV_005,,,233,,40,200,205,03:20,03:25,T,True
driver_availability,driver,문하인,문하인,DRV_005,,,233,,41,205,210,03:25,03:30,T,True
driver_availability,driver,문하인,문하인,DRV_005,,,233,,42,210,215,03:30,03:35,T,True
driver_availability,driver,문하인,문하인,DRV_005,,,233,,43,215,220,03:35,03:40,T,True
driver_availability,driver,문하인,문하인,DRV_005,,,233,,44,220,225,03:40,03:45,T,True
driver_availability,driver,문하인,문하인,DRV_005,,,233,,45,225,230,03:45,03:50,T,True
driver_availability,driver,문하인,문하인,DRV_005,,,233,,46,230,235,03:50,03:55,T,True
driver_availability,driver,문하인,문하인,DRV_005,,,233,,47,235,240,03:55,04:00,T,True
driver_availability,driver,문하인,문하인,DRV_005,,,233,,48,240,245,04:00,04:05,T,True
driver_availability,driver,문하인,문하인,DRV_005,,,233,,49,245,250,04:05,04:10,T,True
driver_availability,driver,문하인,문하인,DRV_005,,,233,,50,250,255,04:10,04:15,T,True
driver_availability,driver,문하인,문하인,DRV_005,,,233,,51,255,260,04:15,04:20,T,True
driver_availability,driver,문하인,문하인,DRV_005,,,233,,52,260,265,04:20,04:25,T,True
driver_availability,driver,문하인,문하인,DRV_005,,,233,,53,265,270,04:25,04:30,T,True
driver_availability,driver,문하인,문하인,DRV_005,,,233,,54,270,275,04:30,04:35,T,True
driver_availability,driver,문하인,문하인,DRV_005,,,233,,55,275,280,04:35,04:40,T,True
driver_availability,driver,문하인,문하인,DRV_005,,,233,,56,280,285,04:40,04:45,T,True
driver_availability,driver,문하인,문하인,DRV_005,,,233,,57,285,290,04:45,04:50,T,True
driver_availability,driver,문하인,문하인,DRV_005,,,233,,58,290,295,04:50,04:55,T,True
driver_availability,driver,문하인,문하인,DRV_005,,,233,,59,295,300,04:55,05:00,T,True
driver_availability,driver,문하인,문하인,DRV_005,,,233,,60,300,305,05:00,05:05,T,True
driver_availability,driver,문하인,문하인,DRV_005,,,233,,61,305,310,05:05,05:10,T,True
driver_availability,driver,문하인,문하인,DRV_005,,,233,,62,310,315,05:10,05:15,T,True
driver_availability,driver,문하인,문하인,DRV_005,,,233,,63,315,320,05:15,05:20,T,True
driver_availability,driver,문하인,문하인,DRV_005,,,233,,64,320,325,05:20,05:25,T,True
driver_availability,driver,문하인,문하인,DRV_005,,,233,,65,325,330,05:25,05:30,T,True
driver_availability,driver,문하인,문하인,DRV_005,,,233,,66,330,335,05:30,05:35,T,True
driver_availability,driver,문하인,문하인,DRV_005,,,233,,67,335,340,05:35,05:40,T,True
driver_availability,driver,문하인,문하인,DRV_005,,,233,,68,340,345,05:40,05:45,T,True
driver_availability,driver,문하인,문하인,DRV_005,,,233,,69,345,350,05:45,05:50,T,True
driver_availability,driver,문하인,문하인,DRV_005,,,233,,70,350,355,05:50,05:55,T,True
driver_availability,driver,문하인,문하인,DRV_005,,,233,,71,355,360,05:55,06:00,T,True
driver_availability,driver,문하인,문하인,DRV_005,,,233,,72,360,365,06:00,06:05,T,True
driver_availability,driver,문하인,문하인,DRV_005,,,233,,73,365,370,06:05,06:10,T,True
driver_availability,driver,문하인,문하인,DRV_005,,,233,,74,370,375,06:10,06:15,T,True
driver_availability,driver,문하인,문하인,DRV_005,,,233,,75,375,380,06:15,06:20,T,True
driver_availability,driver,문하인,문하인,DRV_005,,,233,,76,380,385,06:20,06:25,T,True
driver_availability,driver,문하인,문하인,DRV_005,,,233,,77,385,390,06:25,06:30,T,True
driver_availability,driver,문하인,문하인,DRV_005,,,233,,78,390,395,06:30,06:35,T,True
driver_availability,driver,문하인,문하인,DRV_005,,,233,,79,395,400,06:35,06:40,T,True
driver_availability,driver,문하인,문하인,DRV_005,,,233,,80,400,405,06:40,06:45,T,True
driver_availability,driver,문하인,문하인,DRV_005,,,233,,81,405,410,06:45,06:50,T,True
driver_availability,driver,문하인,문하인,DRV_005,,,233,,82,410,415,06:50,06:55,T,True
driver_availability,driver,문하인,문하인,DRV_005,,,233,,83,415,420,06:55,07:00,T,True
driver_availability,driver,문하인,문하인,DRV_005,,,233,,84,420,425,07:00,07:05,T,True
driver_availability,driver,문하인,문하인,DRV_005,,,233,,85,425,430,07:05,07:10,T,True
driver_availability,driver,문하인,문하인,DRV_005,,,233,,86,430,435,07:10,07:15,T,True
driver_availability,driver,문하인,문하인,DRV_005,,,233,,87,435,440,07:15,07:20,T,True
driver_availability,driver,문하인,문하인,DRV_005,,,233,,88,440,445,07:20,07:25,T,True
driver_availability,driver,문하인,문하인,DRV_005,,,233,,89,445,450,07:25,07:30,T,True
driver_availability,driver,문하인,문하인,DRV_005,,,233,,90,450,455,07:30,07:35,T,True
driver_availability,driver,문하인,문하인,DRV_005,,,233,,91,455,460,07:35,07:40,T,True
driver_availability,driver,문하인,문하인,DRV_005,,,233,,92,460,465,07:40,07:45,T,True
driver_availability,driver,문하인,문하인,DRV_005,,,233,,93,465,470,07:45,07:50,T,True
driver_availability,driver,문하인,문하인,DRV_005,,,233,,94,470,475,07:50,07:55,T,True
driver_availability,driver,문하인,문하인,DRV_005,,,233,,95,475,480,07:55,08:00,T,True
driver_availability,driver,문하인,문하인,DRV_005,,,233,,96,480,485,08:00,08:05,F,False
driver_availability,driver,문하인,문하인,DRV_005,,,233,,97,485,490,08:05,08:10,F,False
driver_availability,driver,문하인,문하인,DRV_005,,,233,,98,490,495,08:10,08:15,F,False
driver_availability,driver,문하인,문하인,DRV_005,,,233,,99,495,500,08:15,08:20,F,False
driver_availability,driver,문하인,문하인,DRV_005,,,233,,100,500,505,08:20,08:25,F,False
driver_availability,driver,문하인,문하인,DRV_005,,,233,,101,505,510,08:25,08:30,F,False
driver_availability,driver,문하인,문하인,DRV_005,,,233,,102,510,515,08:30,08:35,F,False
driver_availability,driver,문하인,문하인,DRV_005,,,233,,103,515,520,08:35,08:40,F,False
driver_availability,driver,문하인,문하인,DRV_005,,,233,,104,520,525,08:40,08:45,F,False
driver_availability,driver,문하인,문하인,DRV_005,,,233,,105,525,530,08:45,08:50,F,False
driver_availability,driver,문하인,문하인,DRV_005,,,233,,106,530,535,08:50,08:55,F,False
driver_availability,driver,문하인,문하인,DRV_005,,,233,,107,535,540,08:55,09:00,F,False
driver_availability,driver,문하인,문하인,DRV_005,,,233,,108,540,545,09:00,09:05,F,False
driver_availability,driver,문하인,문하인,DRV_005,,,233,,109,545,550,09:05,09:10,F,False
driver_availability,driver,문하인,문하인,DRV_005,,,233,,110,550,555,09:10,09:15,F,False
driver_availability,driver,문하인,문하인,DRV_005,,,233,,111,555,560,09:15,09:20,F,False
driver_availability,driver,문하인,문하인,DRV_005,,,233,,112,560,565,09:20,09:25,F,False
driver_availability,driver,문하인,문하인,DRV_005,,,233,,113,565,570,09:25,09:30,F,False
driver_availability,driver,문하인,문하인,DRV_005,,,233,,114,570,575,09:30,09:35,F,False
driver_availability,driver,문하인,문하인,DRV_005,,,233,,115,575,580,09:35,09:40,F,False
driver_availability,driver,문하인,문하인,DRV_005,,,233,,116,580,585,09:40,09:45,F,False
driver_availability,driver,문하인,문하인,DRV_005,,,233,,117,585,590,09:45,09:50,F,False
driver_availability,driver,문하인,문하인,DRV_005,,,233,,118,590,595,09:50,09:55,F,False
driver_availability,driver,문하인,문하인,DRV_005,,,233,,119,595,600,09:55,10:00,F,False
driver_availability,driver,문하인,문하인,DRV_005,,,233,,120,600,605,10:00,10:05,F,False
driver_availability,driver,문하인,문하인,DRV_005,,,233,,121,605,610,10:05,10:10,F,False
driver_availability,driver,문하인,문하인,DRV_005,,,233,,122,610,615,10:10,10:15,F,False
driver_availability,driver,문하인,문하인,DRV_005,,,233,,123,615,620,10:15,10:20,F,False
driver_availability,driver,문하인,문하인,DRV_005,,,233,,124,620,625,10:20,10:25,F,False
driver_availability,driver,문하인,문하인,DRV_005,,,233,,125,625,630,10:25,10:30,F,False
driver_availability,driver,문하인,문하인,DRV_005,,,233,,126,630,635,10:30,10:35,F,False
driver_availability,driver,문하인,문하인,DRV_005,,,233,,127,635,640,10:35,10:40,F,False
driver_availability,driver,문하인,문하인,DRV_005,,,233,,128,640,645,10:40,10:45,F,False
driver_availability,driver,문하인,문하인,DRV_005,,,233,,129,645,650,10:45,10:50,F,False
driver_availability,driver,문하인,문하인,DRV_005,,,233,,130,650,655,10:50,10:55,F,False
driver_availability,driver,문하인,문하인,DRV_005,,,233,,131,655,660,10:55,11:00,F,False
driver_availability,driver,문하인,문하인,DRV_005,,,233,,132,660,665,11:00,11:05,F,False
driver_availability,driver,문하인,문하인,DRV_005,,,233,,133,665,670,11:05,11:10,F,False
driver_availability,driver,문하인,문하인,DRV_005,,,233,,134,670,675,11:10,11:15,F,False
driver_availability,driver,문하인,문하인,DRV_005,,,233,,135,675,680,11:15,11:20,F,False
driver_availability,driver,문하인,문하인,DRV_005,,,233,,136,680,685,11:20,11:25,F,False
driver_availability,driver,문하인,문하인,DRV_005,,,233,,137,685,690,11:25,11:30,F,False
driver_availability,driver,문하인,문하인,DRV_005,,,233,,138,690,695,11:30,11:35,F,False
driver_availability,driver,문하인,문하인,DRV_005,,,233,,139,695,700,11:35,11:40,F,False
driver_availability,driver,문하인,문하인,DRV_005,,,233,,140,700,705,11:40,11:45,F,False
driver_availability,driver,문하인,문하인,DRV_005,,,233,,141,705,710,11:45,11:50,F,False
driver_availability,driver,문하인,문하인,DRV_005,,,233,,142,710,715,11:50,11:55,F,False
driver_availability,driver,문하인,문하인,DRV_005,,,233,,143,715,720,11:55,12:00,F,False
driver_availability,driver,문하인,문하인,DRV_005,,,233,,144,720,725,12:00,12:05,F,False
driver_availability,driver,문하인,문하인,DRV_005,,,233,,145,725,730,12:05,12:10,F,False
driver_availability,driver,문하인,문하인,DRV_005,,,233,,146,730,735,12:10,12:15,F,False
driver_availability,driver,문하인,문하인,DRV_005,,,233,,147,735,740,12:15,12:20,F,False
driver_availability,driver,문하인,문하인,DRV_005,,,233,,148,740,745,12:20,12:25,F,False
driver_availability,driver,문하인,문하인,DRV_005,,,233,,149,745,750,12:25,12:30,F,False
driver_availability,driver,문하인,문하인,DRV_005,,,233,,150,750,755,12:30,12:35,F,False
driver_availability,driver,문하인,문하인,DRV_005,,,233,,151,755,760,12:35,12:40,F,False
driver_availability,driver,문하인,문하인,DRV_005,,,233,,152,760,765,12:40,12:45,F,False
driver_availability,driver,문하인,문하인,DRV_005,,,233,,153,765,770,12:45,12:50,F,False
driver_availability,driver,문하인,문하인,DRV_005,,,233,,154,770,775,12:50,12:55,F,False
driver_availability,driver,문하인,문하인,DRV_005,,,233,,155,775,780,12:55,13:00,F,False
driver_availability,driver,문하인,문하인,DRV_005,,,233,,156,780,785,13:00,13:05,F,False
driver_availability,driver,문하인,문하인,DRV_005,,,233,,157,785,790,13:05,13:10,F,False
driver_availability,driver,문하인,문하인,DRV_005,,,233,,158,790,795,13:10,13:15,F,False
driver_availability,driver,문하인,문하인,DRV_005,,,233,,159,795,800,13:15,13:20,F,False
driver_availability,driver,문하인,문하인,DRV_005,,,233,,160,800,805,13:20,13:25,F,False
driver_availability,driver,문하인,문하인,DRV_005,,,233,,161,805,810,13:25,13:30,F,False
driver_availability,driver,문하인,문하인,DRV_005,,,233,,162,810,815,13:30,13:35,F,False
driver_availability,driver,문하인,문하인,DRV_005,,,233,,163,815,820,13:35,13:40,F,False
driver_availability,driver,문하인,문하인,DRV_005,,,233,,164,820,825,13:40,13:45,F,False
driver_availability,driver,문하인,문하인,DRV_005,,,233,,165,825,830,13:45,13:50,F,False
driver_availability,driver,문하인,문하인,DRV_005,,,233,,166,830,835,13:50,13:55,F,False
driver_availability,driver,문하인,문하인,DRV_005,,,233,,167,835,840,13:55,14:00,F,False
driver_availability,driver,문하인,문하인,DRV_005,,,233,,168,840,845,14:00,14:05,F,False
driver_availability,driver,문하인,문하인,DRV_005,,,233,,169,845,850,14:05,14:10,F,False
driver_availability,driver,문하인,문하인,DRV_005,,,233,,170,850,855,14:10,14:15,F,False
driver_availability,driver,문하인,문하인,DRV_005,,,233,,171,855,860,14:15,14:20,F,False
driver_availability,driver,문하인,문하인,DRV_005,,,233,,172,860,865,14:20,14:25,F,False
driver_availability,driver,문하인,문하인,DRV_005,,,233,,173,865,870,14:25,14:30,F,False
driver_availability,driver,문하인,문하인,DRV_005,,,233,,174,870,875,14:30,14:35,F,False
driver_availability,driver,문하인,문하인,DRV_005,,,233,,175,875,880,14:35,14:40,F,False
driver_availability,driver,문하인,문하인,DRV_005,,,233,,176,880,885,14:40,14:45,F,False
driver_availability,driver,문하인,문하인,DRV_005,,,233,,177,885,890,14:45,14:50,F,False
driver_availability,driver,문하인,문하인,DRV_005,,,233,,178,890,895,14:50,14:55,F,False
driver_availability,driver,문하인,문하인,DRV_005,,,233,,179,895,900,14:55,15:00,F,False
driver_availability,driver,문하인,문하인,DRV_005,,,233,,180,900,905,15:00,15:05,F,False
driver_availability,driver,문하인,문하인,DRV_005,,,233,,181,905,910,15:05,15:10,F,False
driver_availability,driver,문하인,문하인,DRV_005,,,233,,182,910,915,15:10,15:15,F,False
driver_availability,driver,문하인,문하인,DRV_005,,,233,,183,915,920,15:15,15:20,F,False
driver_availability,driver,문하인,문하인,DRV_005,,,233,,184,920,925,15:20,15:25,F,False
driver_availability,driver,문하인,문하인,DRV_005,,,233,,185,925,930,15:25,15:30,F,False
driver_availability,driver,문하인,문하인,DRV_005,,,233,,186,930,935,15:30,15:35,F,False
driver_availability,driver,문하인,문하인,DRV_005,,,233,,187,935,940,15:35,15:40,F,False
driver_availability,driver,문하인,문하인,DRV_005,,,233,,188,940,945,15:40,15:45,F,False
driver_availability,driver,문하인,문하인,DRV_005,,,233,,189,945,950,15:45,15:50,F,False
driver_availability,driver,문하인,문하인,DRV_005,,,233,,190,950,955,15:50,15:55,F,False
driver_availability,driver,문하인,문하인,DRV_005,,,233,,191,955,960,15:55,16:00,F,False
driver_availability,driver,문하인,문하인,DRV_005,,,233,,192,960,965,16:00,16:05,F,False
driver_availability,driver,문하인,문하인,DRV_005,,,233,,193,965,970,16:05,16:10,F,False
driver_availability,driver,문하인,문하인,DRV_005,,,233,,194,970,975,16:10,16:15,F,False
driver_availability,driver,문하인,문하인,DRV_005,,,233,,195,975,980,16:15,16:20,F,False
driver_availability,driver,문하인,문하인,DRV_005,,,233,,196,980,985,16:20,16:25,F,False
driver_availability,driver,문하인,문하인,DRV_005,,,233,,197,985,990,16:25,16:30,F,False
driver_availability,driver,문하인,문하인,DRV_005,,,233,,198,990,995,16:30,16:35,F,False
driver_availability,driver,문하인,문하인,DRV_005,,,233,,199,995,1000,16:35,16:40,F,False
driver_availability,driver,문하인,문하인,DRV_005,,,233,,200,1000,1005,16:40,16:45,F,False
driver_availability,driver,문하인,문하인,DRV_005,,,233,,201,1005,1010,16:45,16:50,F,False
driver_availability,driver,문하인,문하인,DRV_005,,,233,,202,1010,1015,16:50,16:55,F,False
driver_availability,driver,문하인,문하인,DRV_005,,,233,,203,1015,1020,16:55,17:00,F,False
driver_availability,driver,문하인,문하인,DRV_005,,,233,,204,1020,1025,17:00,17:05,T,True
driver_availability,driver,문하인,문하인,DRV_005,,,233,,205,1025,1030,17:05,17:10,T,True
driver_availability,driver,문하인,문하인,DRV_005,,,233,,206,1030,1035,17:10,17:15,T,True
driver_availability,driver,문하인,문하인,DRV_005,,,233,,207,1035,1040,17:15,17:20,T,True
driver_availability,driver,문하인,문하인,DRV_005,,,233,,208,1040,1045,17:20,17:25,T,True
driver_availability,driver,문하인,문하인,DRV_005,,,233,,209,1045,1050,17:25,17:30,T,True
driver_availability,driver,문하인,문하인,DRV_005,,,233,,210,1050,1055,17:30,17:35,T,True
driver_availability,driver,문하인,문하인,DRV_005,,,233,,211,1055,1060,17:35,17:40,T,True
driver_availability,driver,문하인,문하인,DRV_005,,,233,,212,1060,1065,17:40,17:45,T,True
driver_availability,driver,문하인,문하인,DRV_005,,,233,,213,1065,1070,17:45,17:50,T,True
driver_availability,driver,문하인,문하인,DRV_005,,,233,,214,1070,1075,17:50,17:55,T,True
driver_availability,driver,문하인,문하인,DRV_005,,,233,,215,1075,1080,17:55,18:00,T,True
driver_availability,driver,문하인,문하인,DRV_005,,,233,,216,1080,1085,18:00,18:05,T,True
driver_availability,driver,문하인,문하인,DRV_005,,,233,,217,1085,1090,18:05,18:10,T,True
driver_availability,driver,문하인,문하인,DRV_005,,,233,,218,1090,1095,18:10,18:15,T,True
driver_availability,driver,문하인,문하인,DRV_005,,,233,,219,1095,1100,18:15,18:20,T,True
driver_availability,driver,문하인,문하인,DRV_005,,,233,,220,1100,1105,18:20,18:25,T,True
driver_availability,driver,문하인,문하인,DRV_005,,,233,,221,1105,1110,18:25,18:30,T,True
driver_availability,driver,문하인,문하인,DRV_005,,,233,,222,1110,1115,18:30,18:35,T,True
driver_availability,driver,문하인,문하인,DRV_005,,,233,,223,1115,1120,18:35,18:40,T,True
driver_availability,driver,문하인,문하인,DRV_005,,,233,,224,1120,1125,18:40,18:45,T,True
driver_availability,driver,문하인,문하인,DRV_005,,,233,,225,1125,1130,18:45,18:50,T,True
driver_availability,driver,문하인,문하인,DRV_005,,,233,,226,1130,1135,18:50,18:55,T,True
driver_availability,driver,문하인,문하인,DRV_005,,,233,,227,1135,1140,18:55,19:00,T,True
driver_availability,driver,문하인,문하인,DRV_005,,,233,,228,1140,1145,19:00,19:05,T,True
driver_availability,driver,문하인,문하인,DRV_005,,,233,,229,1145,1150,19:05,19:10,T,True
driver_availability,driver,문하인,문하인,DRV_005,,,233,,230,1150,1155,19:10,19:15,T,True
driver_availability,driver,문하인,문하인,DRV_005,,,233,,231,1155,1160,19:15,19:20,T,True
driver_availability,driver,문하인,문하인,DRV_005,,,233,,232,1160,1165,19:20,19:25,T,True
driver_availability,driver,문하인,문하인,DRV_005,,,233,,233,1165,1170,19:25,19:30,T,True
driver_availability,driver,문하인,문하인,DRV_005,,,233,,234,1170,1175,19:30,19:35,T,True
driver_availability,driver,문하인,문하인,DRV_005,,,233,,235,1175,1180,19:35,19:40,T,True
driver_availability,driver,문하인,문하인,DRV_005,,,233,,236,1180,1185,19:40,19:45,T,True
driver_availability,driver,문하인,문하인,DRV_005,,,233,,237,1185,1190,19:45,19:50,T,True
driver_availability,driver,문하인,문하인,DRV_005,,,233,,238,1190,1195,19:50,19:55,T,True
driver_availability,driver,문하인,문하인,DRV_005,,,233,,239,1195,1200,19:55,20:00,T,True
driver_availability,driver,문하인,문하인,DRV_005,,,233,,240,1200,1205,20:00,20:05,T,True
driver_availability,driver,문하인,문하인,DRV_005,,,233,,241,1205,1210,20:05,20:10,T,True
driver_availability,driver,문하인,문하인,DRV_005,,,233,,242,1210,1215,20:10,20:15,T,True
driver_availability,driver,문하인,문하인,DRV_005,,,233,,243,1215,1220,20:15,20:20,T,True
driver_availability,driver,문하인,문하인,DRV_005,,,233,,244,1220,1225,20:20,20:25,T,True
driver_availability,driver,문하인,문하인,DRV_005,,,233,,245,1225,1230,20:25,20:30,T,True
driver_availability,driver,문하인,문하인,DRV_005,,,233,,246,1230,1235,20:30,20:35,T,True
driver_availability,driver,문하인,문하인,DRV_005,,,233,,247,1235,1240,20:35,20:40,T,True
driver_availability,driver,문하인,문하인,DRV_005,,,233,,248,1240,1245,20:40,20:45,T,True
driver_availability,driver,문하인,문하인,DRV_005,,,233,,249,1245,1250,20:45,20:50,T,True
driver_availability,driver,문하인,문하인,DRV_005,,,233,,250,1250,1255,20:50,20:55,T,True
driver_availability,driver,문하인,문하인,DRV_005,,,233,,251,1255,1260,20:55,21:00,T,True
driver_availability,driver,문하인,문하인,DRV_005,,,233,,252,1260,1265,21:00,21:05,T,True
driver_availability,driver,문하인,문하인,DRV_005,,,233,,253,1265,1270,21:05,21:10,T,True
driver_availability,driver,문하인,문하인,DRV_005,,,233,,254,1270,1275,21:10,21:15,T,True
driver_availability,driver,문하인,문하인,DRV_005,,,233,,255,1275,1280,21:15,21:20,T,True
driver_availability,driver,문하인,문하인,DRV_005,,,233,,256,1280,1285,21:20,21:25,T,True
driver_availability,driver,문하인,문하인,DRV_005,,,233,,257,1285,1290,21:25,21:30,T,True
driver_availability,driver,문하인,문하인,DRV_005,,,233,,258,1290,1295,21:30,21:35,T,True
driver_availability,driver,문하인,문하인,DRV_005,,,233,,259,1295,1300,21:35,21:40,T,True
driver_availability,driver,문하인,문하인,DRV_005,,,233,,260,1300,1305,21:40,21:45,T,True
driver_availability,driver,문하인,문하인,DRV_005,,,233,,261,1305,1310,21:45,21:50,T,True
driver_availability,driver,문하인,문하인,DRV_005,,,233,,262,1310,1315,21:50,21:55,T,True
driver_availability,driver,문하인,문하인,DRV_005,,,233,,263,1315,1320,21:55,22:00,T,True
driver_availability,driver,문하인,문하인,DRV_005,,,233,,264,1320,1325,22:00,22:05,T,True
driver_availability,driver,문하인,문하인,DRV_005,,,233,,265,1325,1330,22:05,22:10,T,True
driver_availability,driver,문하인,문하인,DRV_005,,,233,,266,1330,1335,22:10,22:15,T,True
driver_availability,driver,문하인,문하인,DRV_005,,,233,,267,1335,1340,22:15,22:20,T,True
driver_availability,driver,문하인,문하인,DRV_005,,,233,,268,1340,1345,22:20,22:25,T,True
driver_availability,driver,문하인,문하인,DRV_005,,,233,,269,1345,1350,22:25,22:30,T,True
driver_availability,driver,문하인,문하인,DRV_005,,,233,,270,1350,1355,22:30,22:35,T,True
driver_availability,driver,문하인,문하인,DRV_005,,,233,,271,1355,1360,22:35,22:40,T,True
driver_availability,driver,문하인,문하인,DRV_005,,,233,,272,1360,1365,22:40,22:45,T,True
driver_availability,driver,문하인,문하인,DRV_005,,,233,,273,1365,1370,22:45,22:50,T,True
driver_availability,driver,문하인,문하인,DRV_005,,,233,,274,1370,1375,22:50,22:55,T,True
driver_availability,driver,문하인,문하인,DRV_005,,,233,,275,1375,1380,22:55,23:00,T,True
driver_availability,driver,문하인,문하인,DRV_005,,,233,,276,1380,1385,23:00,23:05,T,True
driver_availability,driver,문하인,문하인,DRV_005,,,233,,277,1385,1390,23:05,23:10,T,True
driver_availability,driver,문하인,문하인,DRV_005,,,233,,278,1390,1395,23:10,23:15,T,True
driver_availability,driver,문하인,문하인,DRV_005,,,233,,279,1395,1400,23:15,23:20,T,True
driver_availability,driver,문하인,문하인,DRV_005,,,233,,280,1400,1405,23:20,23:25,T,True
driver_availability,driver,문하인,문하인,DRV_005,,,233,,281,1405,1410,23:25,23:30,T,True
driver_availability,driver,문하인,문하인,DRV_005,,,233,,282,1410,1415,23:30,23:35,T,True
driver_availability,driver,문하인,문하인,DRV_005,,,233,,283,1415,1420,23:35,23:40,T,True
driver_availability,driver,문하인,문하인,DRV_005,,,233,,284,1420,1425,23:40,23:45,T,True
driver_availability,driver,문하인,문하인,DRV_005,,,233,,285,1425,1430,23:45,23:50,T,True
driver_availability,driver,문하인,문하인,DRV_005,,,233,,286,1430,1435,23:50,23:55,T,True
driver_availability,driver,문하인,문하인,DRV_005,,,233,,287,1435,1440,23:55,24:00,T,True
driver_availability,driver,박서현,박서현,DRV_006,,,111,,0,0,5,00:00,00:05,T,True
driver_availability,driver,박서현,박서현,DRV_006,,,111,,1,5,10,00:05,00:10,T,True
driver_availability,driver,박서현,박서현,DRV_006,,,111,,2,10,15,00:10,00:15,T,True
driver_availability,driver,박서현,박서현,DRV_006,,,111,,3,15,20,00:15,00:20,T,True
driver_availability,driver,박서현,박서현,DRV_006,,,111,,4,20,25,00:20,00:25,T,True
driver_availability,driver,박서현,박서현,DRV_006,,,111,,5,25,30,00:25,00:30,T,True
driver_availability,driver,박서현,박서현,DRV_006,,,111,,6,30,35,00:30,00:35,T,True
driver_availability,driver,박서현,박서현,DRV_006,,,111,,7,35,40,00:35,00:40,T,True
driver_availability,driver,박서현,박서현,DRV_006,,,111,,8,40,45,00:40,00:45,T,True
driver_availability,driver,박서현,박서현,DRV_006,,,111,,9,45,50,00:45,00:50,T,True
driver_availability,driver,박서현,박서현,DRV_006,,,111,,10,50,55,00:50,00:55,T,True
driver_availability,driver,박서현,박서현,DRV_006,,,111,,11,55,60,00:55,01:00,T,True
driver_availability,driver,박서현,박서현,DRV_006,,,111,,12,60,65,01:00,01:05,T,True
driver_availability,driver,박서현,박서현,DRV_006,,,111,,13,65,70,01:05,01:10,T,True
driver_availability,driver,박서현,박서현,DRV_006,,,111,,14,70,75,01:10,01:15,T,True
driver_availability,driver,박서현,박서현,DRV_006,,,111,,15,75,80,01:15,01:20,T,True
driver_availability,driver,박서현,박서현,DRV_006,,,111,,16,80,85,01:20,01:25,T,True
driver_availability,driver,박서현,박서현,DRV_006,,,111,,17,85,90,01:25,01:30,T,True
driver_availability,driver,박서현,박서현,DRV_006,,,111,,18,90,95,01:30,01:35,T,True
driver_availability,driver,박서현,박서현,DRV_006,,,111,,19,95,100,01:35,01:40,T,True
driver_availability,driver,박서현,박서현,DRV_006,,,111,,20,100,105,01:40,01:45,T,True
driver_availability,driver,박서현,박서현,DRV_006,,,111,,21,105,110,01:45,01:50,T,True
driver_availability,driver,박서현,박서현,DRV_006,,,111,,22,110,115,01:50,01:55,T,True
driver_availability,driver,박서현,박서현,DRV_006,,,111,,23,115,120,01:55,02:00,T,True
driver_availability,driver,박서현,박서현,DRV_006,,,111,,24,120,125,02:00,02:05,T,True
driver_availability,driver,박서현,박서현,DRV_006,,,111,,25,125,130,02:05,02:10,T,True
driver_availability,driver,박서현,박서현,DRV_006,,,111,,26,130,135,02:10,02:15,T,True
driver_availability,driver,박서현,박서현,DRV_006,,,111,,27,135,140,02:15,02:20,T,True
driver_availability,driver,박서현,박서현,DRV_006,,,111,,28,140,145,02:20,02:25,T,True
driver_availability,driver,박서현,박서현,DRV_006,,,111,,29,145,150,02:25,02:30,T,True
driver_availability,driver,박서현,박서현,DRV_006,,,111,,30,150,155,02:30,02:35,T,True
driver_availability,driver,박서현,박서현,DRV_006,,,111,,31,155,160,02:35,02:40,T,True
driver_availability,driver,박서현,박서현,DRV_006,,,111,,32,160,165,02:40,02:45,T,True
driver_availability,driver,박서현,박서현,DRV_006,,,111,,33,165,170,02:45,02:50,T,True
driver_availability,driver,박서현,박서현,DRV_006,,,111,,34,170,175,02:50,02:55,T,True
driver_availability,driver,박서현,박서현,DRV_006,,,111,,35,175,180,02:55,03:00,T,True
driver_availability,driver,박서현,박서현,DRV_006,,,111,,36,180,185,03:00,03:05,T,True
driver_availability,driver,박서현,박서현,DRV_006,,,111,,37,185,190,03:05,03:10,T,True
driver_availability,driver,박서현,박서현,DRV_006,,,111,,38,190,195,03:10,03:15,T,True
driver_availability,driver,박서현,박서현,DRV_006,,,111,,39,195,200,03:15,03:20,T,True
driver_availability,driver,박서현,박서현,DRV_006,,,111,,40,200,205,03:20,03:25,T,True
driver_availability,driver,박서현,박서현,DRV_006,,,111,,41,205,210,03:25,03:30,T,True
driver_availability,driver,박서현,박서현,DRV_006,,,111,,42,210,215,03:30,03:35,T,True
driver_availability,driver,박서현,박서현,DRV_006,,,111,,43,215,220,03:35,03:40,T,True
driver_availability,driver,박서현,박서현,DRV_006,,,111,,44,220,225,03:40,03:45,T,True
driver_availability,driver,박서현,박서현,DRV_006,,,111,,45,225,230,03:45,03:50,T,True
driver_availability,driver,박서현,박서현,DRV_006,,,111,,46,230,235,03:50,03:55,T,True
driver_availability,driver,박서현,박서현,DRV_006,,,111,,47,235,240,03:55,04:00,T,True
driver_availability,driver,박서현,박서현,DRV_006,,,111,,48,240,245,04:00,04:05,T,True
driver_availability,driver,박서현,박서현,DRV_006,,,111,,49,245,250,04:05,04:10,T,True
driver_availability,driver,박서현,박서현,DRV_006,,,111,,50,250,255,04:10,04:15,T,True
driver_availability,driver,박서현,박서현,DRV_006,,,111,,51,255,260,04:15,04:20,T,True
driver_availability,driver,박서현,박서현,DRV_006,,,111,,52,260,265,04:20,04:25,T,True
driver_availability,driver,박서현,박서현,DRV_006,,,111,,53,265,270,04:25,04:30,T,True
driver_availability,driver,박서현,박서현,DRV_006,,,111,,54,270,275,04:30,04:35,T,True
driver_availability,driver,박서현,박서현,DRV_006,,,111,,55,275,280,04:35,04:40,T,True
driver_availability,driver,박서현,박서현,DRV_006,,,111,,56,280,285,04:40,04:45,T,True
driver_availability,driver,박서현,박서현,DRV_006,,,111,,57,285,290,04:45,04:50,T,True
driver_availability,driver,박서현,박서현,DRV_006,,,111,,58,290,295,04:50,04:55,T,True
driver_availability,driver,박서현,박서현,DRV_006,,,111,,59,295,300,04:55,05:00,T,True
driver_availability,driver,박서현,박서현,DRV_006,,,111,,60,300,305,05:00,05:05,T,True
driver_availability,driver,박서현,박서현,DRV_006,,,111,,61,305,310,05:05,05:10,T,True
driver_availability,driver,박서현,박서현,DRV_006,,,111,,62,310,315,05:10,05:15,T,True
driver_availability,driver,박서현,박서현,DRV_006,,,111,,63,315,320,05:15,05:20,T,True
driver_availability,driver,박서현,박서현,DRV_006,,,111,,64,320,325,05:20,05:25,T,True
driver_availability,driver,박서현,박서현,DRV_006,,,111,,65,325,330,05:25,05:30,T,True
driver_availability,driver,박서현,박서현,DRV_006,,,111,,66,330,335,05:30,05:35,T,True
driver_availability,driver,박서현,박서현,DRV_006,,,111,,67,335,340,05:35,05:40,T,True
driver_availability,driver,박서현,박서현,DRV_006,,,111,,68,340,345,05:40,05:45,T,True
driver_availability,driver,박서현,박서현,DRV_006,,,111,,69,345,350,05:45,05:50,T,True
driver_availability,driver,박서현,박서현,DRV_006,,,111,,70,350,355,05:50,05:55,T,True
driver_availability,driver,박서현,박서현,DRV_006,,,111,,71,355,360,05:55,06:00,T,True
driver_availability,driver,박서현,박서현,DRV_006,,,111,,72,360,365,06:00,06:05,T,True
driver_availability,driver,박서현,박서현,DRV_006,,,111,,73,365,370,06:05,06:10,T,True
driver_availability,driver,박서현,박서현,DRV_006,,,111,,74,370,375,06:10,06:15,T,True
driver_availability,driver,박서현,박서현,DRV_006,,,111,,75,375,380,06:15,06:20,T,True
driver_availability,driver,박서현,박서현,DRV_006,,,111,,76,380,385,06:20,06:25,T,True
driver_availability,driver,박서현,박서현,DRV_006,,,111,,77,385,390,06:25,06:30,T,True
driver_availability,driver,박서현,박서현,DRV_006,,,111,,78,390,395,06:30,06:35,T,True
driver_availability,driver,박서현,박서현,DRV_006,,,111,,79,395,400,06:35,06:40,T,True
driver_availability,driver,박서현,박서현,DRV_006,,,111,,80,400,405,06:40,06:45,T,True
driver_availability,driver,박서현,박서현,DRV_006,,,111,,81,405,410,06:45,06:50,T,True
driver_availability,driver,박서현,박서현,DRV_006,,,111,,82,410,415,06:50,06:55,T,True
driver_availability,driver,박서현,박서현,DRV_006,,,111,,83,415,420,06:55,07:00,T,True
driver_availability,driver,박서현,박서현,DRV_006,,,111,,84,420,425,07:00,07:05,T,True
driver_availability,driver,박서현,박서현,DRV_006,,,111,,85,425,430,07:05,07:10,T,True
driver_availability,driver,박서현,박서현,DRV_006,,,111,,86,430,435,07:10,07:15,T,True
driver_availability,driver,박서현,박서현,DRV_006,,,111,,87,435,440,07:15,07:20,T,True
driver_availability,driver,박서현,박서현,DRV_006,,,111,,88,440,445,07:20,07:25,T,True
driver_availability,driver,박서현,박서현,DRV_006,,,111,,89,445,450,07:25,07:30,T,True
driver_availability,driver,박서현,박서현,DRV_006,,,111,,90,450,455,07:30,07:35,T,True
driver_availability,driver,박서현,박서현,DRV_006,,,111,,91,455,460,07:35,07:40,T,True
driver_availability,driver,박서현,박서현,DRV_006,,,111,,92,460,465,07:40,07:45,T,True
driver_availability,driver,박서현,박서현,DRV_006,,,111,,93,465,470,07:45,07:50,T,True
driver_availability,driver,박서현,박서현,DRV_006,,,111,,94,470,475,07:50,07:55,T,True
driver_availability,driver,박서현,박서현,DRV_006,,,111,,95,475,480,07:55,08:00,T,True
driver_availability,driver,박서현,박서현,DRV_006,,,111,,96,480,485,08:00,08:05,F,False
driver_availability,driver,박서현,박서현,DRV_006,,,111,,97,485,490,08:05,08:10,F,False
driver_availability,driver,박서현,박서현,DRV_006,,,111,,98,490,495,08:10,08:15,F,False
driver_availability,driver,박서현,박서현,DRV_006,,,111,,99,495,500,08:15,08:20,F,False
driver_availability,driver,박서현,박서현,DRV_006,,,111,,100,500,505,08:20,08:25,F,False
driver_availability,driver,박서현,박서현,DRV_006,,,111,,101,505,510,08:25,08:30,F,False
driver_availability,driver,박서현,박서현,DRV_006,,,111,,102,510,515,08:30,08:35,F,False
driver_availability,driver,박서현,박서현,DRV_006,,,111,,103,515,520,08:35,08:40,F,False
driver_availability,driver,박서현,박서현,DRV_006,,,111,,104,520,525,08:40,08:45,F,False
driver_availability,driver,박서현,박서현,DRV_006,,,111,,105,525,530,08:45,08:50,F,False
driver_availability,driver,박서현,박서현,DRV_006,,,111,,106,530,535,08:50,08:55,F,False
driver_availability,driver,박서현,박서현,DRV_006,,,111,,107,535,540,08:55,09:00,F,False
driver_availability,driver,박서현,박서현,DRV_006,,,111,,108,540,545,09:00,09:05,F,False
driver_availability,driver,박서현,박서현,DRV_006,,,111,,109,545,550,09:05,09:10,F,False
driver_availability,driver,박서현,박서현,DRV_006,,,111,,110,550,555,09:10,09:15,F,False
driver_availability,driver,박서현,박서현,DRV_006,,,111,,111,555,560,09:15,09:20,F,False
driver_availability,driver,박서현,박서현,DRV_006,,,111,,112,560,565,09:20,09:25,F,False
driver_availability,driver,박서현,박서현,DRV_006,,,111,,113,565,570,09:25,09:30,F,False
driver_availability,driver,박서현,박서현,DRV_006,,,111,,114,570,575,09:30,09:35,F,False
driver_availability,driver,박서현,박서현,DRV_006,,,111,,115,575,580,09:35,09:40,F,False
driver_availability,driver,박서현,박서현,DRV_006,,,111,,116,580,585,09:40,09:45,F,False
driver_availability,driver,박서현,박서현,DRV_006,,,111,,117,585,590,09:45,09:50,F,False
driver_availability,driver,박서현,박서현,DRV_006,,,111,,118,590,595,09:50,09:55,F,False
driver_availability,driver,박서현,박서현,DRV_006,,,111,,119,595,600,09:55,10:00,F,False
driver_availability,driver,박서현,박서현,DRV_006,,,111,,120,600,605,10:00,10:05,F,False
driver_availability,driver,박서현,박서현,DRV_006,,,111,,121,605,610,10:05,10:10,F,False
driver_availability,driver,박서현,박서현,DRV_006,,,111,,122,610,615,10:10,10:15,F,False
driver_availability,driver,박서현,박서현,DRV_006,,,111,,123,615,620,10:15,10:20,F,False
driver_availability,driver,박서현,박서현,DRV_006,,,111,,124,620,625,10:20,10:25,F,False
driver_availability,driver,박서현,박서현,DRV_006,,,111,,125,625,630,10:25,10:30,F,False
driver_availability,driver,박서현,박서현,DRV_006,,,111,,126,630,635,10:30,10:35,F,False
driver_availability,driver,박서현,박서현,DRV_006,,,111,,127,635,640,10:35,10:40,F,False
driver_availability,driver,박서현,박서현,DRV_006,,,111,,128,640,645,10:40,10:45,F,False
driver_availability,driver,박서현,박서현,DRV_006,,,111,,129,645,650,10:45,10:50,F,False
driver_availability,driver,박서현,박서현,DRV_006,,,111,,130,650,655,10:50,10:55,F,False
driver_availability,driver,박서현,박서현,DRV_006,,,111,,131,655,660,10:55,11:00,F,False
driver_availability,driver,박서현,박서현,DRV_006,,,111,,132,660,665,11:00,11:05,F,False
driver_availability,driver,박서현,박서현,DRV_006,,,111,,133,665,670,11:05,11:10,F,False
driver_availability,driver,박서현,박서현,DRV_006,,,111,,134,670,675,11:10,11:15,F,False
driver_availability,driver,박서현,박서현,DRV_006,,,111,,135,675,680,11:15,11:20,F,False
driver_availability,driver,박서현,박서현,DRV_006,,,111,,136,680,685,11:20,11:25,F,False
driver_availability,driver,박서현,박서현,DRV_006,,,111,,137,685,690,11:25,11:30,F,False
driver_availability,driver,박서현,박서현,DRV_006,,,111,,138,690,695,11:30,11:35,F,False
driver_availability,driver,박서현,박서현,DRV_006,,,111,,139,695,700,11:35,11:40,F,False
driver_availability,driver,박서현,박서현,DRV_006,,,111,,140,700,705,11:40,11:45,F,False
driver_availability,driver,박서현,박서현,DRV_006,,,111,,141,705,710,11:45,11:50,F,False
driver_availability,driver,박서현,박서현,DRV_006,,,111,,142,710,715,11:50,11:55,F,False
driver_availability,driver,박서현,박서현,DRV_006,,,111,,143,715,720,11:55,12:00,F,False
driver_availability,driver,박서현,박서현,DRV_006,,,111,,144,720,725,12:00,12:05,F,False
driver_availability,driver,박서현,박서현,DRV_006,,,111,,145,725,730,12:05,12:10,F,False
driver_availability,driver,박서현,박서현,DRV_006,,,111,,146,730,735,12:10,12:15,F,False
driver_availability,driver,박서현,박서현,DRV_006,,,111,,147,735,740,12:15,12:20,F,False
driver_availability,driver,박서현,박서현,DRV_006,,,111,,148,740,745,12:20,12:25,F,False
driver_availability,driver,박서현,박서현,DRV_006,,,111,,149,745,750,12:25,12:30,F,False
driver_availability,driver,박서현,박서현,DRV_006,,,111,,150,750,755,12:30,12:35,F,False
driver_availability,driver,박서현,박서현,DRV_006,,,111,,151,755,760,12:35,12:40,F,False
driver_availability,driver,박서현,박서현,DRV_006,,,111,,152,760,765,12:40,12:45,F,False
driver_availability,driver,박서현,박서현,DRV_006,,,111,,153,765,770,12:45,12:50,F,False
driver_availability,driver,박서현,박서현,DRV_006,,,111,,154,770,775,12:50,12:55,F,False
driver_availability,driver,박서현,박서현,DRV_006,,,111,,155,775,780,12:55,13:00,F,False
driver_availability,driver,박서현,박서현,DRV_006,,,111,,156,780,785,13:00,13:05,F,False
driver_availability,driver,박서현,박서현,DRV_006,,,111,,157,785,790,13:05,13:10,F,False
driver_availability,driver,박서현,박서현,DRV_006,,,111,,158,790,795,13:10,13:15,F,False
driver_availability,driver,박서현,박서현,DRV_006,,,111,,159,795,800,13:15,13:20,F,False
driver_availability,driver,박서현,박서현,DRV_006,,,111,,160,800,805,13:20,13:25,F,False
driver_availability,driver,박서현,박서현,DRV_006,,,111,,161,805,810,13:25,13:30,F,False
driver_availability,driver,박서현,박서현,DRV_006,,,111,,162,810,815,13:30,13:35,F,False
driver_availability,driver,박서현,박서현,DRV_006,,,111,,163,815,820,13:35,13:40,F,False
driver_availability,driver,박서현,박서현,DRV_006,,,111,,164,820,825,13:40,13:45,F,False
driver_availability,driver,박서현,박서현,DRV_006,,,111,,165,825,830,13:45,13:50,F,False
driver_availability,driver,박서현,박서현,DRV_006,,,111,,166,830,835,13:50,13:55,F,False
driver_availability,driver,박서현,박서현,DRV_006,,,111,,167,835,840,13:55,14:00,F,False
driver_availability,driver,박서현,박서현,DRV_006,,,111,,168,840,845,14:00,14:05,F,False
driver_availability,driver,박서현,박서현,DRV_006,,,111,,169,845,850,14:05,14:10,F,False
driver_availability,driver,박서현,박서현,DRV_006,,,111,,170,850,855,14:10,14:15,F,False
driver_availability,driver,박서현,박서현,DRV_006,,,111,,171,855,860,14:15,14:20,F,False
driver_availability,driver,박서현,박서현,DRV_006,,,111,,172,860,865,14:20,14:25,F,False
driver_availability,driver,박서현,박서현,DRV_006,,,111,,173,865,870,14:25,14:30,F,False
driver_availability,driver,박서현,박서현,DRV_006,,,111,,174,870,875,14:30,14:35,F,False
driver_availability,driver,박서현,박서현,DRV_006,,,111,,175,875,880,14:35,14:40,F,False
driver_availability,driver,박서현,박서현,DRV_006,,,111,,176,880,885,14:40,14:45,F,False
driver_availability,driver,박서현,박서현,DRV_006,,,111,,177,885,890,14:45,14:50,F,False
driver_availability,driver,박서현,박서현,DRV_006,,,111,,178,890,895,14:50,14:55,F,False
driver_availability,driver,박서현,박서현,DRV_006,,,111,,179,895,900,14:55,15:00,F,False
driver_availability,driver,박서현,박서현,DRV_006,,,111,,180,900,905,15:00,15:05,F,False
driver_availability,driver,박서현,박서현,DRV_006,,,111,,181,905,910,15:05,15:10,F,False
driver_availability,driver,박서현,박서현,DRV_006,,,111,,182,910,915,15:10,15:15,F,False
driver_availability,driver,박서현,박서현,DRV_006,,,111,,183,915,920,15:15,15:20,F,False
driver_availability,driver,박서현,박서현,DRV_006,,,111,,184,920,925,15:20,15:25,F,False
driver_availability,driver,박서현,박서현,DRV_006,,,111,,185,925,930,15:25,15:30,F,False
driver_availability,driver,박서현,박서현,DRV_006,,,111,,186,930,935,15:30,15:35,F,False
driver_availability,driver,박서현,박서현,DRV_006,,,111,,187,935,940,15:35,15:40,F,False
driver_availability,driver,박서현,박서현,DRV_006,,,111,,188,940,945,15:40,15:45,F,False
driver_availability,driver,박서현,박서현,DRV_006,,,111,,189,945,950,15:45,15:50,F,False
driver_availability,driver,박서현,박서현,DRV_006,,,111,,190,950,955,15:50,15:55,F,False
driver_availability,driver,박서현,박서현,DRV_006,,,111,,191,955,960,15:55,16:00,F,False
driver_availability,driver,박서현,박서현,DRV_006,,,111,,192,960,965,16:00,16:05,F,False
driver_availability,driver,박서현,박서현,DRV_006,,,111,,193,965,970,16:05,16:10,F,False
driver_availability,driver,박서현,박서현,DRV_006,,,111,,194,970,975,16:10,16:15,F,False
driver_availability,driver,박서현,박서현,DRV_006,,,111,,195,975,980,16:15,16:20,F,False
driver_availability,driver,박서현,박서현,DRV_006,,,111,,196,980,985,16:20,16:25,F,False
driver_availability,driver,박서현,박서현,DRV_006,,,111,,197,985,990,16:25,16:30,F,False
driver_availability,driver,박서현,박서현,DRV_006,,,111,,198,990,995,16:30,16:35,F,False
driver_availability,driver,박서현,박서현,DRV_006,,,111,,199,995,1000,16:35,16:40,F,False
driver_availability,driver,박서현,박서현,DRV_006,,,111,,200,1000,1005,16:40,16:45,F,False
driver_availability,driver,박서현,박서현,DRV_006,,,111,,201,1005,1010,16:45,16:50,F,False
driver_availability,driver,박서현,박서현,DRV_006,,,111,,202,1010,1015,16:50,16:55,F,False
driver_availability,driver,박서현,박서현,DRV_006,,,111,,203,1015,1020,16:55,17:00,F,False
driver_availability,driver,박서현,박서현,DRV_006,,,111,,204,1020,1025,17:00,17:05,T,True
driver_availability,driver,박서현,박서현,DRV_006,,,111,,205,1025,1030,17:05,17:10,T,True
driver_availability,driver,박서현,박서현,DRV_006,,,111,,206,1030,1035,17:10,17:15,T,True
driver_availability,driver,박서현,박서현,DRV_006,,,111,,207,1035,1040,17:15,17:20,T,True
driver_availability,driver,박서현,박서현,DRV_006,,,111,,208,1040,1045,17:20,17:25,T,True
driver_availability,driver,박서현,박서현,DRV_006,,,111,,209,1045,1050,17:25,17:30,T,True
driver_availability,driver,박서현,박서현,DRV_006,,,111,,210,1050,1055,17:30,17:35,T,True
driver_availability,driver,박서현,박서현,DRV_006,,,111,,211,1055,1060,17:35,17:40,T,True
driver_availability,driver,박서현,박서현,DRV_006,,,111,,212,1060,1065,17:40,17:45,T,True
driver_availability,driver,박서현,박서현,DRV_006,,,111,,213,1065,1070,17:45,17:50,T,True
driver_availability,driver,박서현,박서현,DRV_006,,,111,,214,1070,1075,17:50,17:55,T,True
driver_availability,driver,박서현,박서현,DRV_006,,,111,,215,1075,1080,17:55,18:00,T,True
driver_availability,driver,박서현,박서현,DRV_006,,,111,,216,1080,1085,18:00,18:05,T,True
driver_availability,driver,박서현,박서현,DRV_006,,,111,,217,1085,1090,18:05,18:10,T,True
driver_availability,driver,박서현,박서현,DRV_006,,,111,,218,1090,1095,18:10,18:15,T,True
driver_availability,driver,박서현,박서현,DRV_006,,,111,,219,1095,1100,18:15,18:20,T,True
driver_availability,driver,박서현,박서현,DRV_006,,,111,,220,1100,1105,18:20,18:25,T,True
driver_availability,driver,박서현,박서현,DRV_006,,,111,,221,1105,1110,18:25,18:30,T,True
driver_availability,driver,박서현,박서현,DRV_006,,,111,,222,1110,1115,18:30,18:35,T,True
driver_availability,driver,박서현,박서현,DRV_006,,,111,,223,1115,1120,18:35,18:40,T,True
driver_availability,driver,박서현,박서현,DRV_006,,,111,,224,1120,1125,18:40,18:45,T,True
driver_availability,driver,박서현,박서현,DRV_006,,,111,,225,1125,1130,18:45,18:50,T,True
driver_availability,driver,박서현,박서현,DRV_006,,,111,,226,1130,1135,18:50,18:55,T,True
driver_availability,driver,박서현,박서현,DRV_006,,,111,,227,1135,1140,18:55,19:00,T,True
driver_availability,driver,박서현,박서현,DRV_006,,,111,,228,1140,1145,19:00,19:05,T,True
driver_availability,driver,박서현,박서현,DRV_006,,,111,,229,1145,1150,19:05,19:10,T,True
driver_availability,driver,박서현,박서현,DRV_006,,,111,,230,1150,1155,19:10,19:15,T,True
driver_availability,driver,박서현,박서현,DRV_006,,,111,,231,1155,1160,19:15,19:20,T,True
driver_availability,driver,박서현,박서현,DRV_006,,,111,,232,1160,1165,19:20,19:25,T,True
driver_availability,driver,박서현,박서현,DRV_006,,,111,,233,1165,1170,19:25,19:30,T,True
driver_availability,driver,박서현,박서현,DRV_006,,,111,,234,1170,1175,19:30,19:35,T,True
driver_availability,driver,박서현,박서현,DRV_006,,,111,,235,1175,1180,19:35,19:40,T,True
driver_availability,driver,박서현,박서현,DRV_006,,,111,,236,1180,1185,19:40,19:45,T,True
driver_availability,driver,박서현,박서현,DRV_006,,,111,,237,1185,1190,19:45,19:50,T,True
driver_availability,driver,박서현,박서현,DRV_006,,,111,,238,1190,1195,19:50,19:55,T,True
driver_availability,driver,박서현,박서현,DRV_006,,,111,,239,1195,1200,19:55,20:00,T,True
driver_availability,driver,박서현,박서현,DRV_006,,,111,,240,1200,1205,20:00,20:05,T,True
driver_availability,driver,박서현,박서현,DRV_006,,,111,,241,1205,1210,20:05,20:10,T,True
driver_availability,driver,박서현,박서현,DRV_006,,,111,,242,1210,1215,20:10,20:15,T,True
driver_availability,driver,박서현,박서현,DRV_006,,,111,,243,1215,1220,20:15,20:20,T,True
driver_availability,driver,박서현,박서현,DRV_006,,,111,,244,1220,1225,20:20,20:25,T,True
driver_availability,driver,박서현,박서현,DRV_006,,,111,,245,1225,1230,20:25,20:30,T,True
driver_availability,driver,박서현,박서현,DRV_006,,,111,,246,1230,1235,20:30,20:35,T,True
driver_availability,driver,박서현,박서현,DRV_006,,,111,,247,1235,1240,20:35,20:40,T,True
driver_availability,driver,박서현,박서현,DRV_006,,,111,,248,1240,1245,20:40,20:45,T,True
driver_availability,driver,박서현,박서현,DRV_006,,,111,,249,1245,1250,20:45,20:50,T,True
driver_availability,driver,박서현,박서현,DRV_006,,,111,,250,1250,1255,20:50,20:55,T,True
driver_availability,driver,박서현,박서현,DRV_006,,,111,,251,1255,1260,20:55,21:00,T,True
driver_availability,driver,박서현,박서현,DRV_006,,,111,,252,1260,1265,21:00,21:05,T,True
driver_availability,driver,박서현,박서현,DRV_006,,,111,,253,1265,1270,21:05,21:10,T,True
driver_availability,driver,박서현,박서현,DRV_006,,,111,,254,1270,1275,21:10,21:15,T,True
driver_availability,driver,박서현,박서현,DRV_006,,,111,,255,1275,1280,21:15,21:20,T,True
driver_availability,driver,박서현,박서현,DRV_006,,,111,,256,1280,1285,21:20,21:25,T,True
driver_availability,driver,박서현,박서현,DRV_006,,,111,,257,1285,1290,21:25,21:30,T,True
driver_availability,driver,박서현,박서현,DRV_006,,,111,,258,1290,1295,21:30,21:35,T,True
driver_availability,driver,박서현,박서현,DRV_006,,,111,,259,1295,1300,21:35,21:40,T,True
driver_availability,driver,박서현,박서현,DRV_006,,,111,,260,1300,1305,21:40,21:45,T,True
driver_availability,driver,박서현,박서현,DRV_006,,,111,,261,1305,1310,21:45,21:50,T,True
driver_availability,driver,박서현,박서현,DRV_006,,,111,,262,1310,1315,21:50,21:55,T,True
driver_availability,driver,박서현,박서현,DRV_006,,,111,,263,1315,1320,21:55,22:00,T,True
driver_availability,driver,박서현,박서현,DRV_006,,,111,,264,1320,1325,22:00,22:05,T,True
driver_availability,driver,박서현,박서현,DRV_006,,,111,,265,1325,1330,22:05,22:10,T,True
driver_availability,driver,박서현,박서현,DRV_006,,,111,,266,1330,1335,22:10,22:15,T,True
driver_availability,driver,박서현,박서현,DRV_006,,,111,,267,1335,1340,22:15,22:20,T,True
driver_availability,driver,박서현,박서현,DRV_006,,,111,,268,1340,1345,22:20,22:25,T,True
driver_availability,driver,박서현,박서현,DRV_006,,,111,,269,1345,1350,22:25,22:30,T,True
driver_availability,driver,박서현,박서현,DRV_006,,,111,,270,1350,1355,22:30,22:35,T,True
driver_availability,driver,박서현,박서현,DRV_006,,,111,,271,1355,1360,22:35,22:40,T,True
driver_availability,driver,박서현,박서현,DRV_006,,,111,,272,1360,1365,22:40,22:45,T,True
driver_availability,driver,박서현,박서현,DRV_006,,,111,,273,1365,1370,22:45,22:50,T,True
driver_availability,driver,박서현,박서현,DRV_006,,,111,,274,1370,1375,22:50,22:55,T,True
driver_availability,driver,박서현,박서현,DRV_006,,,111,,275,1375,1380,22:55,23:00,T,True
driver_availability,driver,박서현,박서현,DRV_006,,,111,,276,1380,1385,23:00,23:05,T,True
driver_availability,driver,박서현,박서현,DRV_006,,,111,,277,1385,1390,23:05,23:10,T,True
driver_availability,driver,박서현,박서현,DRV_006,,,111,,278,1390,1395,23:10,23:15,T,True
driver_availability,driver,박서현,박서현,DRV_006,,,111,,279,1395,1400,23:15,23:20,T,True
driver_availability,driver,박서현,박서현,DRV_006,,,111,,280,1400,1405,23:20,23:25,T,True
driver_availability,driver,박서현,박서현,DRV_006,,,111,,281,1405,1410,23:25,23:30,T,True
driver_availability,driver,박서현,박서현,DRV_006,,,111,,282,1410,1415,23:30,23:35,T,True
driver_availability,driver,박서현,박서현,DRV_006,,,111,,283,1415,1420,23:35,23:40,T,True
driver_availability,driver,박서현,박서현,DRV_006,,,111,,284,1420,1425,23:40,23:45,T,True
driver_availability,driver,박서현,박서현,DRV_006,,,111,,285,1425,1430,23:45,23:50,T,True
driver_availability,driver,박서현,박서현,DRV_006,,,111,,286,1430,1435,23:50,23:55,T,True
driver_availability,driver,박서현,박서현,DRV_006,,,111,,287,1435,1440,23:55,24:00,T,True
driver_availability,driver,오택현,오택현,DRV_007,,,111,,0,0,5,00:00,00:05,T,True
driver_availability,driver,오택현,오택현,DRV_007,,,111,,1,5,10,00:05,00:10,T,True
driver_availability,driver,오택현,오택현,DRV_007,,,111,,2,10,15,00:10,00:15,T,True
driver_availability,driver,오택현,오택현,DRV_007,,,111,,3,15,20,00:15,00:20,T,True
driver_availability,driver,오택현,오택현,DRV_007,,,111,,4,20,25,00:20,00:25,T,True
driver_availability,driver,오택현,오택현,DRV_007,,,111,,5,25,30,00:25,00:30,T,True
driver_availability,driver,오택현,오택현,DRV_007,,,111,,6,30,35,00:30,00:35,T,True
driver_availability,driver,오택현,오택현,DRV_007,,,111,,7,35,40,00:35,00:40,T,True
driver_availability,driver,오택현,오택현,DRV_007,,,111,,8,40,45,00:40,00:45,T,True
driver_availability,driver,오택현,오택현,DRV_007,,,111,,9,45,50,00:45,00:50,T,True
driver_availability,driver,오택현,오택현,DRV_007,,,111,,10,50,55,00:50,00:55,T,True
driver_availability,driver,오택현,오택현,DRV_007,,,111,,11,55,60,00:55,01:00,T,True
driver_availability,driver,오택현,오택현,DRV_007,,,111,,12,60,65,01:00,01:05,T,True
driver_availability,driver,오택현,오택현,DRV_007,,,111,,13,65,70,01:05,01:10,T,True
driver_availability,driver,오택현,오택현,DRV_007,,,111,,14,70,75,01:10,01:15,T,True
driver_availability,driver,오택현,오택현,DRV_007,,,111,,15,75,80,01:15,01:20,T,True
driver_availability,driver,오택현,오택현,DRV_007,,,111,,16,80,85,01:20,01:25,T,True
driver_availability,driver,오택현,오택현,DRV_007,,,111,,17,85,90,01:25,01:30,T,True
driver_availability,driver,오택현,오택현,DRV_007,,,111,,18,90,95,01:30,01:35,T,True
driver_availability,driver,오택현,오택현,DRV_007,,,111,,19,95,100,01:35,01:40,T,True
driver_availability,driver,오택현,오택현,DRV_007,,,111,,20,100,105,01:40,01:45,T,True
driver_availability,driver,오택현,오택현,DRV_007,,,111,,21,105,110,01:45,01:50,T,True
driver_availability,driver,오택현,오택현,DRV_007,,,111,,22,110,115,01:50,01:55,T,True
driver_availability,driver,오택현,오택현,DRV_007,,,111,,23,115,120,01:55,02:00,T,True
driver_availability,driver,오택현,오택현,DRV_007,,,111,,24,120,125,02:00,02:05,T,True
driver_availability,driver,오택현,오택현,DRV_007,,,111,,25,125,130,02:05,02:10,T,True
driver_availability,driver,오택현,오택현,DRV_007,,,111,,26,130,135,02:10,02:15,T,True
driver_availability,driver,오택현,오택현,DRV_007,,,111,,27,135,140,02:15,02:20,T,True
driver_availability,driver,오택현,오택현,DRV_007,,,111,,28,140,145,02:20,02:25,T,True
driver_availability,driver,오택현,오택현,DRV_007,,,111,,29,145,150,02:25,02:30,T,True
driver_availability,driver,오택현,오택현,DRV_007,,,111,,30,150,155,02:30,02:35,T,True
driver_availability,driver,오택현,오택현,DRV_007,,,111,,31,155,160,02:35,02:40,T,True
driver_availability,driver,오택현,오택현,DRV_007,,,111,,32,160,165,02:40,02:45,T,True
driver_availability,driver,오택현,오택현,DRV_007,,,111,,33,165,170,02:45,02:50,T,True
driver_availability,driver,오택현,오택현,DRV_007,,,111,,34,170,175,02:50,02:55,T,True
driver_availability,driver,오택현,오택현,DRV_007,,,111,,35,175,180,02:55,03:00,T,True
driver_availability,driver,오택현,오택현,DRV_007,,,111,,36,180,185,03:00,03:05,T,True
driver_availability,driver,오택현,오택현,DRV_007,,,111,,37,185,190,03:05,03:10,T,True
driver_availability,driver,오택현,오택현,DRV_007,,,111,,38,190,195,03:10,03:15,T,True
driver_availability,driver,오택현,오택현,DRV_007,,,111,,39,195,200,03:15,03:20,T,True
driver_availability,driver,오택현,오택현,DRV_007,,,111,,40,200,205,03:20,03:25,T,True
driver_availability,driver,오택현,오택현,DRV_007,,,111,,41,205,210,03:25,03:30,T,True
driver_availability,driver,오택현,오택현,DRV_007,,,111,,42,210,215,03:30,03:35,T,True
driver_availability,driver,오택현,오택현,DRV_007,,,111,,43,215,220,03:35,03:40,T,True
driver_availability,driver,오택현,오택현,DRV_007,,,111,,44,220,225,03:40,03:45,T,True
driver_availability,driver,오택현,오택현,DRV_007,,,111,,45,225,230,03:45,03:50,T,True
driver_availability,driver,오택현,오택현,DRV_007,,,111,,46,230,235,03:50,03:55,T,True
driver_availability,driver,오택현,오택현,DRV_007,,,111,,47,235,240,03:55,04:00,T,True
driver_availability,driver,오택현,오택현,DRV_007,,,111,,48,240,245,04:00,04:05,T,True
driver_availability,driver,오택현,오택현,DRV_007,,,111,,49,245,250,04:05,04:10,T,True
driver_availability,driver,오택현,오택현,DRV_007,,,111,,50,250,255,04:10,04:15,T,True
driver_availability,driver,오택현,오택현,DRV_007,,,111,,51,255,260,04:15,04:20,T,True
driver_availability,driver,오택현,오택현,DRV_007,,,111,,52,260,265,04:20,04:25,T,True
driver_availability,driver,오택현,오택현,DRV_007,,,111,,53,265,270,04:25,04:30,T,True
driver_availability,driver,오택현,오택현,DRV_007,,,111,,54,270,275,04:30,04:35,T,True
driver_availability,driver,오택현,오택현,DRV_007,,,111,,55,275,280,04:35,04:40,T,True
driver_availability,driver,오택현,오택현,DRV_007,,,111,,56,280,285,04:40,04:45,T,True
driver_availability,driver,오택현,오택현,DRV_007,,,111,,57,285,290,04:45,04:50,T,True
driver_availability,driver,오택현,오택현,DRV_007,,,111,,58,290,295,04:50,04:55,T,True
driver_availability,driver,오택현,오택현,DRV_007,,,111,,59,295,300,04:55,05:00,T,True
driver_availability,driver,오택현,오택현,DRV_007,,,111,,60,300,305,05:00,05:05,T,True
driver_availability,driver,오택현,오택현,DRV_007,,,111,,61,305,310,05:05,05:10,T,True
driver_availability,driver,오택현,오택현,DRV_007,,,111,,62,310,315,05:10,05:15,T,True
driver_availability,driver,오택현,오택현,DRV_007,,,111,,63,315,320,05:15,05:20,T,True
driver_availability,driver,오택현,오택현,DRV_007,,,111,,64,320,325,05:20,05:25,T,True
driver_availability,driver,오택현,오택현,DRV_007,,,111,,65,325,330,05:25,05:30,T,True
driver_availability,driver,오택현,오택현,DRV_007,,,111,,66,330,335,05:30,05:35,T,True
driver_availability,driver,오택현,오택현,DRV_007,,,111,,67,335,340,05:35,05:40,T,True
driver_availability,driver,오택현,오택현,DRV_007,,,111,,68,340,345,05:40,05:45,T,True
driver_availability,driver,오택현,오택현,DRV_007,,,111,,69,345,350,05:45,05:50,T,True
driver_availability,driver,오택현,오택현,DRV_007,,,111,,70,350,355,05:50,05:55,T,True
driver_availability,driver,오택현,오택현,DRV_007,,,111,,71,355,360,05:55,06:00,T,True
driver_availability,driver,오택현,오택현,DRV_007,,,111,,72,360,365,06:00,06:05,T,True
driver_availability,driver,오택현,오택현,DRV_007,,,111,,73,365,370,06:05,06:10,T,True
driver_availability,driver,오택현,오택현,DRV_007,,,111,,74,370,375,06:10,06:15,T,True
driver_availability,driver,오택현,오택현,DRV_007,,,111,,75,375,380,06:15,06:20,T,True
driver_availability,driver,오택현,오택현,DRV_007,,,111,,76,380,385,06:20,06:25,T,True
driver_availability,driver,오택현,오택현,DRV_007,,,111,,77,385,390,06:25,06:30,T,True
driver_availability,driver,오택현,오택현,DRV_007,,,111,,78,390,395,06:30,06:35,T,True
driver_availability,driver,오택현,오택현,DRV_007,,,111,,79,395,400,06:35,06:40,T,True
driver_availability,driver,오택현,오택현,DRV_007,,,111,,80,400,405,06:40,06:45,T,True
driver_availability,driver,오택현,오택현,DRV_007,,,111,,81,405,410,06:45,06:50,T,True
driver_availability,driver,오택현,오택현,DRV_007,,,111,,82,410,415,06:50,06:55,T,True
driver_availability,driver,오택현,오택현,DRV_007,,,111,,83,415,420,06:55,07:00,T,True
driver_availability,driver,오택현,오택현,DRV_007,,,111,,84,420,425,07:00,07:05,T,True
driver_availability,driver,오택현,오택현,DRV_007,,,111,,85,425,430,07:05,07:10,T,True
driver_availability,driver,오택현,오택현,DRV_007,,,111,,86,430,435,07:10,07:15,T,True
driver_availability,driver,오택현,오택현,DRV_007,,,111,,87,435,440,07:15,07:20,T,True
driver_availability,driver,오택현,오택현,DRV_007,,,111,,88,440,445,07:20,07:25,T,True
driver_availability,driver,오택현,오택현,DRV_007,,,111,,89,445,450,07:25,07:30,T,True
driver_availability,driver,오택현,오택현,DRV_007,,,111,,90,450,455,07:30,07:35,T,True
driver_availability,driver,오택현,오택현,DRV_007,,,111,,91,455,460,07:35,07:40,T,True
driver_availability,driver,오택현,오택현,DRV_007,,,111,,92,460,465,07:40,07:45,T,True
driver_availability,driver,오택현,오택현,DRV_007,,,111,,93,465,470,07:45,07:50,T,True
driver_availability,driver,오택현,오택현,DRV_007,,,111,,94,470,475,07:50,07:55,T,True
driver_availability,driver,오택현,오택현,DRV_007,,,111,,95,475,480,07:55,08:00,T,True
driver_availability,driver,오택현,오택현,DRV_007,,,111,,96,480,485,08:00,08:05,F,False
driver_availability,driver,오택현,오택현,DRV_007,,,111,,97,485,490,08:05,08:10,F,False
driver_availability,driver,오택현,오택현,DRV_007,,,111,,98,490,495,08:10,08:15,F,False
driver_availability,driver,오택현,오택현,DRV_007,,,111,,99,495,500,08:15,08:20,F,False
driver_availability,driver,오택현,오택현,DRV_007,,,111,,100,500,505,08:20,08:25,F,False
driver_availability,driver,오택현,오택현,DRV_007,,,111,,101,505,510,08:25,08:30,F,False
driver_availability,driver,오택현,오택현,DRV_007,,,111,,102,510,515,08:30,08:35,F,False
driver_availability,driver,오택현,오택현,DRV_007,,,111,,103,515,520,08:35,08:40,F,False
driver_availability,driver,오택현,오택현,DRV_007,,,111,,104,520,525,08:40,08:45,F,False
driver_availability,driver,오택현,오택현,DRV_007,,,111,,105,525,530,08:45,08:50,F,False
driver_availability,driver,오택현,오택현,DRV_007,,,111,,106,530,535,08:50,08:55,F,False
driver_availability,driver,오택현,오택현,DRV_007,,,111,,107,535,540,08:55,09:00,F,False
driver_availability,driver,오택현,오택현,DRV_007,,,111,,108,540,545,09:00,09:05,F,False
driver_availability,driver,오택현,오택현,DRV_007,,,111,,109,545,550,09:05,09:10,F,False
driver_availability,driver,오택현,오택현,DRV_007,,,111,,110,550,555,09:10,09:15,F,False
driver_availability,driver,오택현,오택현,DRV_007,,,111,,111,555,560,09:15,09:20,F,False
driver_availability,driver,오택현,오택현,DRV_007,,,111,,112,560,565,09:20,09:25,F,False
driver_availability,driver,오택현,오택현,DRV_007,,,111,,113,565,570,09:25,09:30,F,False
driver_availability,driver,오택현,오택현,DRV_007,,,111,,114,570,575,09:30,09:35,F,False
driver_availability,driver,오택현,오택현,DRV_007,,,111,,115,575,580,09:35,09:40,F,False
driver_availability,driver,오택현,오택현,DRV_007,,,111,,116,580,585,09:40,09:45,F,False
driver_availability,driver,오택현,오택현,DRV_007,,,111,,117,585,590,09:45,09:50,F,False
driver_availability,driver,오택현,오택현,DRV_007,,,111,,118,590,595,09:50,09:55,F,False
driver_availability,driver,오택현,오택현,DRV_007,,,111,,119,595,600,09:55,10:00,F,False
driver_availability,driver,오택현,오택현,DRV_007,,,111,,120,600,605,10:00,10:05,F,False
driver_availability,driver,오택현,오택현,DRV_007,,,111,,121,605,610,10:05,10:10,F,False
driver_availability,driver,오택현,오택현,DRV_007,,,111,,122,610,615,10:10,10:15,F,False
driver_availability,driver,오택현,오택현,DRV_007,,,111,,123,615,620,10:15,10:20,F,False
driver_availability,driver,오택현,오택현,DRV_007,,,111,,124,620,625,10:20,10:25,F,False
driver_availability,driver,오택현,오택현,DRV_007,,,111,,125,625,630,10:25,10:30,F,False
driver_availability,driver,오택현,오택현,DRV_007,,,111,,126,630,635,10:30,10:35,F,False
driver_availability,driver,오택현,오택현,DRV_007,,,111,,127,635,640,10:35,10:40,F,False
driver_availability,driver,오택현,오택현,DRV_007,,,111,,128,640,645,10:40,10:45,F,False
driver_availability,driver,오택현,오택현,DRV_007,,,111,,129,645,650,10:45,10:50,F,False
driver_availability,driver,오택현,오택현,DRV_007,,,111,,130,650,655,10:50,10:55,F,False
driver_availability,driver,오택현,오택현,DRV_007,,,111,,131,655,660,10:55,11:00,F,False
driver_availability,driver,오택현,오택현,DRV_007,,,111,,132,660,665,11:00,11:05,F,False
driver_availability,driver,오택현,오택현,DRV_007,,,111,,133,665,670,11:05,11:10,F,False
driver_availability,driver,오택현,오택현,DRV_007,,,111,,134,670,675,11:10,11:15,F,False
driver_availability,driver,오택현,오택현,DRV_007,,,111,,135,675,680,11:15,11:20,F,False
driver_availability,driver,오택현,오택현,DRV_007,,,111,,136,680,685,11:20,11:25,F,False
driver_availability,driver,오택현,오택현,DRV_007,,,111,,137,685,690,11:25,11:30,F,False
driver_availability,driver,오택현,오택현,DRV_007,,,111,,138,690,695,11:30,11:35,F,False
driver_availability,driver,오택현,오택현,DRV_007,,,111,,139,695,700,11:35,11:40,F,False
driver_availability,driver,오택현,오택현,DRV_007,,,111,,140,700,705,11:40,11:45,F,False
driver_availability,driver,오택현,오택현,DRV_007,,,111,,141,705,710,11:45,11:50,F,False
driver_availability,driver,오택현,오택현,DRV_007,,,111,,142,710,715,11:50,11:55,F,False
driver_availability,driver,오택현,오택현,DRV_007,,,111,,143,715,720,11:55,12:00,F,False
driver_availability,driver,오택현,오택현,DRV_007,,,111,,144,720,725,12:00,12:05,F,False
driver_availability,driver,오택현,오택현,DRV_007,,,111,,145,725,730,12:05,12:10,F,False
driver_availability,driver,오택현,오택현,DRV_007,,,111,,146,730,735,12:10,12:15,F,False
driver_availability,driver,오택현,오택현,DRV_007,,,111,,147,735,740,12:15,12:20,F,False
driver_availability,driver,오택현,오택현,DRV_007,,,111,,148,740,745,12:20,12:25,F,False
driver_availability,driver,오택현,오택현,DRV_007,,,111,,149,745,750,12:25,12:30,F,False
driver_availability,driver,오택현,오택현,DRV_007,,,111,,150,750,755,12:30,12:35,F,False
driver_availability,driver,오택현,오택현,DRV_007,,,111,,151,755,760,12:35,12:40,F,False
driver_availability,driver,오택현,오택현,DRV_007,,,111,,152,760,765,12:40,12:45,F,False
driver_availability,driver,오택현,오택현,DRV_007,,,111,,153,765,770,12:45,12:50,F,False
driver_availability,driver,오택현,오택현,DRV_007,,,111,,154,770,775,12:50,12:55,F,False
driver_availability,driver,오택현,오택현,DRV_007,,,111,,155,775,780,12:55,13:00,F,False
driver_availability,driver,오택현,오택현,DRV_007,,,111,,156,780,785,13:00,13:05,F,False
driver_availability,driver,오택현,오택현,DRV_007,,,111,,157,785,790,13:05,13:10,F,False
driver_availability,driver,오택현,오택현,DRV_007,,,111,,158,790,795,13:10,13:15,F,False
driver_availability,driver,오택현,오택현,DRV_007,,,111,,159,795,800,13:15,13:20,F,False
driver_availability,driver,오택현,오택현,DRV_007,,,111,,160,800,805,13:20,13:25,F,False
driver_availability,driver,오택현,오택현,DRV_007,,,111,,161,805,810,13:25,13:30,F,False
driver_availability,driver,오택현,오택현,DRV_007,,,111,,162,810,815,13:30,13:35,F,False
driver_availability,driver,오택현,오택현,DRV_007,,,111,,163,815,820,13:35,13:40,F,False
driver_availability,driver,오택현,오택현,DRV_007,,,111,,164,820,825,13:40,13:45,F,False
driver_availability,driver,오택현,오택현,DRV_007,,,111,,165,825,830,13:45,13:50,F,False
driver_availability,driver,오택현,오택현,DRV_007,,,111,,166,830,835,13:50,13:55,F,False
driver_availability,driver,오택현,오택현,DRV_007,,,111,,167,835,840,13:55,14:00,F,False
driver_availability,driver,오택현,오택현,DRV_007,,,111,,168,840,845,14:00,14:05,F,False
driver_availability,driver,오택현,오택현,DRV_007,,,111,,169,845,850,14:05,14:10,F,False
driver_availability,driver,오택현,오택현,DRV_007,,,111,,170,850,855,14:10,14:15,F,False
driver_availability,driver,오택현,오택현,DRV_007,,,111,,171,855,860,14:15,14:20,F,False
driver_availability,driver,오택현,오택현,DRV_007,,,111,,172,860,865,14:20,14:25,F,False
driver_availability,driver,오택현,오택현,DRV_007,,,111,,173,865,870,14:25,14:30,F,False
driver_availability,driver,오택현,오택현,DRV_007,,,111,,174,870,875,14:30,14:35,F,False
driver_availability,driver,오택현,오택현,DRV_007,,,111,,175,875,880,14:35,14:40,F,False
driver_availability,driver,오택현,오택현,DRV_007,,,111,,176,880,885,14:40,14:45,F,False
driver_availability,driver,오택현,오택현,DRV_007,,,111,,177,885,890,14:45,14:50,F,False
driver_availability,driver,오택현,오택현,DRV_007,,,111,,178,890,895,14:50,14:55,F,False
driver_availability,driver,오택현,오택현,DRV_007,,,111,,179,895,900,14:55,15:00,F,False
driver_availability,driver,오택현,오택현,DRV_007,,,111,,180,900,905,15:00,15:05,F,False
driver_availability,driver,오택현,오택현,DRV_007,,,111,,181,905,910,15:05,15:10,F,False
driver_availability,driver,오택현,오택현,DRV_007,,,111,,182,910,915,15:10,15:15,F,False
driver_availability,driver,오택현,오택현,DRV_007,,,111,,183,915,920,15:15,15:20,F,False
driver_availability,driver,오택현,오택현,DRV_007,,,111,,184,920,925,15:20,15:25,F,False
driver_availability,driver,오택현,오택현,DRV_007,,,111,,185,925,930,15:25,15:30,F,False
driver_availability,driver,오택현,오택현,DRV_007,,,111,,186,930,935,15:30,15:35,F,False
driver_availability,driver,오택현,오택현,DRV_007,,,111,,187,935,940,15:35,15:40,F,False
driver_availability,driver,오택현,오택현,DRV_007,,,111,,188,940,945,15:40,15:45,F,False
driver_availability,driver,오택현,오택현,DRV_007,,,111,,189,945,950,15:45,15:50,F,False
driver_availability,driver,오택현,오택현,DRV_007,,,111,,190,950,955,15:50,15:55,F,False
driver_availability,driver,오택현,오택현,DRV_007,,,111,,191,955,960,15:55,16:00,F,False
driver_availability,driver,오택현,오택현,DRV_007,,,111,,192,960,965,16:00,16:05,F,False
driver_availability,driver,오택현,오택현,DRV_007,,,111,,193,965,970,16:05,16:10,F,False
driver_availability,driver,오택현,오택현,DRV_007,,,111,,194,970,975,16:10,16:15,F,False
driver_availability,driver,오택현,오택현,DRV_007,,,111,,195,975,980,16:15,16:20,F,False
driver_availability,driver,오택현,오택현,DRV_007,,,111,,196,980,985,16:20,16:25,F,False
driver_availability,driver,오택현,오택현,DRV_007,,,111,,197,985,990,16:25,16:30,F,False
driver_availability,driver,오택현,오택현,DRV_007,,,111,,198,990,995,16:30,16:35,F,False
driver_availability,driver,오택현,오택현,DRV_007,,,111,,199,995,1000,16:35,16:40,F,False
driver_availability,driver,오택현,오택현,DRV_007,,,111,,200,1000,1005,16:40,16:45,F,False
driver_availability,driver,오택현,오택현,DRV_007,,,111,,201,1005,1010,16:45,16:50,F,False
driver_availability,driver,오택현,오택현,DRV_007,,,111,,202,1010,1015,16:50,16:55,F,False
driver_availability,driver,오택현,오택현,DRV_007,,,111,,203,1015,1020,16:55,17:00,F,False
driver_availability,driver,오택현,오택현,DRV_007,,,111,,204,1020,1025,17:00,17:05,T,True
driver_availability,driver,오택현,오택현,DRV_007,,,111,,205,1025,1030,17:05,17:10,T,True
driver_availability,driver,오택현,오택현,DRV_007,,,111,,206,1030,1035,17:10,17:15,T,True
driver_availability,driver,오택현,오택현,DRV_007,,,111,,207,1035,1040,17:15,17:20,T,True
driver_availability,driver,오택현,오택현,DRV_007,,,111,,208,1040,1045,17:20,17:25,T,True
driver_availability,driver,오택현,오택현,DRV_007,,,111,,209,1045,1050,17:25,17:30,T,True
driver_availability,driver,오택현,오택현,DRV_007,,,111,,210,1050,1055,17:30,17:35,T,True
driver_availability,driver,오택현,오택현,DRV_007,,,111,,211,1055,1060,17:35,17:40,T,True
driver_availability,driver,오택현,오택현,DRV_007,,,111,,212,1060,1065,17:40,17:45,T,True
driver_availability,driver,오택현,오택현,DRV_007,,,111,,213,1065,1070,17:45,17:50,T,True
driver_availability,driver,오택현,오택현,DRV_007,,,111,,214,1070,1075,17:50,17:55,T,True
driver_availability,driver,오택현,오택현,DRV_007,,,111,,215,1075,1080,17:55,18:00,T,True
driver_availability,driver,오택현,오택현,DRV_007,,,111,,216,1080,1085,18:00,18:05,T,True
driver_availability,driver,오택현,오택현,DRV_007,,,111,,217,1085,1090,18:05,18:10,T,True
driver_availability,driver,오택현,오택현,DRV_007,,,111,,218,1090,1095,18:10,18:15,T,True
driver_availability,driver,오택현,오택현,DRV_007,,,111,,219,1095,1100,18:15,18:20,T,True
driver_availability,driver,오택현,오택현,DRV_007,,,111,,220,1100,1105,18:20,18:25,T,True
driver_availability,driver,오택현,오택현,DRV_007,,,111,,221,1105,1110,18:25,18:30,T,True
driver_availability,driver,오택현,오택현,DRV_007,,,111,,222,1110,1115,18:30,18:35,T,True
driver_availability,driver,오택현,오택현,DRV_007,,,111,,223,1115,1120,18:35,18:40,T,True
driver_availability,driver,오택현,오택현,DRV_007,,,111,,224,1120,1125,18:40,18:45,T,True
driver_availability,driver,오택현,오택현,DRV_007,,,111,,225,1125,1130,18:45,18:50,T,True
driver_availability,driver,오택현,오택현,DRV_007,,,111,,226,1130,1135,18:50,18:55,T,True
driver_availability,driver,오택현,오택현,DRV_007,,,111,,227,1135,1140,18:55,19:00,T,True
driver_availability,driver,오택현,오택현,DRV_007,,,111,,228,1140,1145,19:00,19:05,T,True
driver_availability,driver,오택현,오택현,DRV_007,,,111,,229,1145,1150,19:05,19:10,T,True
driver_availability,driver,오택현,오택현,DRV_007,,,111,,230,1150,1155,19:10,19:15,T,True
driver_availability,driver,오택현,오택현,DRV_007,,,111,,231,1155,1160,19:15,19:20,T,True
driver_availability,driver,오택현,오택현,DRV_007,,,111,,232,1160,1165,19:20,19:25,T,True
driver_availability,driver,오택현,오택현,DRV_007,,,111,,233,1165,1170,19:25,19:30,T,True
driver_availability,driver,오택현,오택현,DRV_007,,,111,,234,1170,1175,19:30,19:35,T,True
driver_availability,driver,오택현,오택현,DRV_007,,,111,,235,1175,1180,19:35,19:40,T,True
driver_availability,driver,오택현,오택현,DRV_007,,,111,,236,1180,1185,19:40,19:45,T,True
driver_availability,driver,오택현,오택현,DRV_007,,,111,,237,1185,1190,19:45,19:50,T,True
driver_availability,driver,오택현,오택현,DRV_007,,,111,,238,1190,1195,19:50,19:55,T,True
driver_availability,driver,오택현,오택현,DRV_007,,,111,,239,1195,1200,19:55,20:00,T,True
driver_availability,driver,오택현,오택현,DRV_007,,,111,,240,1200,1205,20:00,20:05,T,True
driver_availability,driver,오택현,오택현,DRV_007,,,111,,241,1205,1210,20:05,20:10,T,True
driver_availability,driver,오택현,오택현,DRV_007,,,111,,242,1210,1215,20:10,20:15,T,True
driver_availability,driver,오택현,오택현,DRV_007,,,111,,243,1215,1220,20:15,20:20,T,True
driver_availability,driver,오택현,오택현,DRV_007,,,111,,244,1220,1225,20:20,20:25,T,True
driver_availability,driver,오택현,오택현,DRV_007,,,111,,245,1225,1230,20:25,20:30,T,True
driver_availability,driver,오택현,오택현,DRV_007,,,111,,246,1230,1235,20:30,20:35,T,True
driver_availability,driver,오택현,오택현,DRV_007,,,111,,247,1235,1240,20:35,20:40,T,True
driver_availability,driver,오택현,오택현,DRV_007,,,111,,248,1240,1245,20:40,20:45,T,True
driver_availability,driver,오택현,오택현,DRV_007,,,111,,249,1245,1250,20:45,20:50,T,True
driver_availability,driver,오택현,오택현,DRV_007,,,111,,250,1250,1255,20:50,20:55,T,True
driver_availability,driver,오택현,오택현,DRV_007,,,111,,251,1255,1260,20:55,21:00,T,True
driver_availability,driver,오택현,오택현,DRV_007,,,111,,252,1260,1265,21:00,21:05,T,True
driver_availability,driver,오택현,오택현,DRV_007,,,111,,253,1265,1270,21:05,21:10,T,True
driver_availability,driver,오택현,오택현,DRV_007,,,111,,254,1270,1275,21:10,21:15,T,True
driver_availability,driver,오택현,오택현,DRV_007,,,111,,255,1275,1280,21:15,21:20,T,True
driver_availability,driver,오택현,오택현,DRV_007,,,111,,256,1280,1285,21:20,21:25,T,True
driver_availability,driver,오택현,오택현,DRV_007,,,111,,257,1285,1290,21:25,21:30,T,True
driver_availability,driver,오택현,오택현,DRV_007,,,111,,258,1290,1295,21:30,21:35,T,True
driver_availability,driver,오택현,오택현,DRV_007,,,111,,259,1295,1300,21:35,21:40,T,True
driver_availability,driver,오택현,오택현,DRV_007,,,111,,260,1300,1305,21:40,21:45,T,True
driver_availability,driver,오택현,오택현,DRV_007,,,111,,261,1305,1310,21:45,21:50,T,True
driver_availability,driver,오택현,오택현,DRV_007,,,111,,262,1310,1315,21:50,21:55,T,True
driver_availability,driver,오택현,오택현,DRV_007,,,111,,263,1315,1320,21:55,22:00,T,True
driver_availability,driver,오택현,오택현,DRV_007,,,111,,264,1320,1325,22:00,22:05,T,True
driver_availability,driver,오택현,오택현,DRV_007,,,111,,265,1325,1330,22:05,22:10,T,True
driver_availability,driver,오택현,오택현,DRV_007,,,111,,266,1330,1335,22:10,22:15,T,True
driver_availability,driver,오택현,오택현,DRV_007,,,111,,267,1335,1340,22:15,22:20,T,True
driver_availability,driver,오택현,오택현,DRV_007,,,111,,268,1340,1345,22:20,22:25,T,True
driver_availability,driver,오택현,오택현,DRV_007,,,111,,269,1345,1350,22:25,22:30,T,True
driver_availability,driver,오택현,오택현,DRV_007,,,111,,270,1350,1355,22:30,22:35,T,True
driver_availability,driver,오택현,오택현,DRV_007,,,111,,271,1355,1360,22:35,22:40,T,True
driver_availability,driver,오택현,오택현,DRV_007,,,111,,272,1360,1365,22:40,22:45,T,True
driver_availability,driver,오택현,오택현,DRV_007,,,111,,273,1365,1370,22:45,22:50,T,True
driver_availability,driver,오택현,오택현,DRV_007,,,111,,274,1370,1375,22:50,22:55,T,True
driver_availability,driver,오택현,오택현,DRV_007,,,111,,275,1375,1380,22:55,23:00,T,True
driver_availability,driver,오택현,오택현,DRV_007,,,111,,276,1380,1385,23:00,23:05,T,True
driver_availability,driver,오택현,오택현,DRV_007,,,111,,277,1385,1390,23:05,23:10,T,True
driver_availability,driver,오택현,오택현,DRV_007,,,111,,278,1390,1395,23:10,23:15,T,True
driver_availability,driver,오택현,오택현,DRV_007,,,111,,279,1395,1400,23:15,23:20,T,True
driver_availability,driver,오택현,오택현,DRV_007,,,111,,280,1400,1405,23:20,23:25,T,True
driver_availability,driver,오택현,오택현,DRV_007,,,111,,281,1405,1410,23:25,23:30,T,True
driver_availability,driver,오택현,오택현,DRV_007,,,111,,282,1410,1415,23:30,23:35,T,True
driver_availability,driver,오택현,오택현,DRV_007,,,111,,283,1415,1420,23:35,23:40,T,True
driver_availability,driver,오택현,오택현,DRV_007,,,111,,284,1420,1425,23:40,23:45,T,True
driver_availability,driver,오택현,오택현,DRV_007,,,111,,285,1425,1430,23:45,23:50,T,True
driver_availability,driver,오택현,오택현,DRV_007,,,111,,286,1430,1435,23:50,23:55,T,True
driver_availability,driver,오택현,오택현,DRV_007,,,111,,287,1435,1440,23:55,24:00,T,True
driver_availability,driver,권승준,권승준,DRV_008,,,233,,0,0,5,00:00,00:05,T,True
driver_availability,driver,권승준,권승준,DRV_008,,,233,,1,5,10,00:05,00:10,T,True
driver_availability,driver,권승준,권승준,DRV_008,,,233,,2,10,15,00:10,00:15,T,True
driver_availability,driver,권승준,권승준,DRV_008,,,233,,3,15,20,00:15,00:20,T,True
driver_availability,driver,권승준,권승준,DRV_008,,,233,,4,20,25,00:20,00:25,T,True
driver_availability,driver,권승준,권승준,DRV_008,,,233,,5,25,30,00:25,00:30,T,True
driver_availability,driver,권승준,권승준,DRV_008,,,233,,6,30,35,00:30,00:35,T,True
driver_availability,driver,권승준,권승준,DRV_008,,,233,,7,35,40,00:35,00:40,T,True
driver_availability,driver,권승준,권승준,DRV_008,,,233,,8,40,45,00:40,00:45,T,True
driver_availability,driver,권승준,권승준,DRV_008,,,233,,9,45,50,00:45,00:50,T,True
driver_availability,driver,권승준,권승준,DRV_008,,,233,,10,50,55,00:50,00:55,T,True
driver_availability,driver,권승준,권승준,DRV_008,,,233,,11,55,60,00:55,01:00,T,True
driver_availability,driver,권승준,권승준,DRV_008,,,233,,12,60,65,01:00,01:05,T,True
driver_availability,driver,권승준,권승준,DRV_008,,,233,,13,65,70,01:05,01:10,T,True
driver_availability,driver,권승준,권승준,DRV_008,,,233,,14,70,75,01:10,01:15,T,True
driver_availability,driver,권승준,권승준,DRV_008,,,233,,15,75,80,01:15,01:20,T,True
driver_availability,driver,권승준,권승준,DRV_008,,,233,,16,80,85,01:20,01:25,T,True
driver_availability,driver,권승준,권승준,DRV_008,,,233,,17,85,90,01:25,01:30,T,True
driver_availability,driver,권승준,권승준,DRV_008,,,233,,18,90,95,01:30,01:35,T,True
driver_availability,driver,권승준,권승준,DRV_008,,,233,,19,95,100,01:35,01:40,T,True
driver_availability,driver,권승준,권승준,DRV_008,,,233,,20,100,105,01:40,01:45,T,True
driver_availability,driver,권승준,권승준,DRV_008,,,233,,21,105,110,01:45,01:50,T,True
driver_availability,driver,권승준,권승준,DRV_008,,,233,,22,110,115,01:50,01:55,T,True
driver_availability,driver,권승준,권승준,DRV_008,,,233,,23,115,120,01:55,02:00,T,True
driver_availability,driver,권승준,권승준,DRV_008,,,233,,24,120,125,02:00,02:05,T,True
driver_availability,driver,권승준,권승준,DRV_008,,,233,,25,125,130,02:05,02:10,T,True
driver_availability,driver,권승준,권승준,DRV_008,,,233,,26,130,135,02:10,02:15,T,True
driver_availability,driver,권승준,권승준,DRV_008,,,233,,27,135,140,02:15,02:20,T,True
driver_availability,driver,권승준,권승준,DRV_008,,,233,,28,140,145,02:20,02:25,T,True
driver_availability,driver,권승준,권승준,DRV_008,,,233,,29,145,150,02:25,02:30,T,True
driver_availability,driver,권승준,권승준,DRV_008,,,233,,30,150,155,02:30,02:35,T,True
driver_availability,driver,권승준,권승준,DRV_008,,,233,,31,155,160,02:35,02:40,T,True
driver_availability,driver,권승준,권승준,DRV_008,,,233,,32,160,165,02:40,02:45,T,True
driver_availability,driver,권승준,권승준,DRV_008,,,233,,33,165,170,02:45,02:50,T,True
driver_availability,driver,권승준,권승준,DRV_008,,,233,,34,170,175,02:50,02:55,T,True
driver_availability,driver,권승준,권승준,DRV_008,,,233,,35,175,180,02:55,03:00,T,True
driver_availability,driver,권승준,권승준,DRV_008,,,233,,36,180,185,03:00,03:05,T,True
driver_availability,driver,권승준,권승준,DRV_008,,,233,,37,185,190,03:05,03:10,T,True
driver_availability,driver,권승준,권승준,DRV_008,,,233,,38,190,195,03:10,03:15,T,True
driver_availability,driver,권승준,권승준,DRV_008,,,233,,39,195,200,03:15,03:20,T,True
driver_availability,driver,권승준,권승준,DRV_008,,,233,,40,200,205,03:20,03:25,T,True
driver_availability,driver,권승준,권승준,DRV_008,,,233,,41,205,210,03:25,03:30,T,True
driver_availability,driver,권승준,권승준,DRV_008,,,233,,42,210,215,03:30,03:35,T,True
driver_availability,driver,권승준,권승준,DRV_008,,,233,,43,215,220,03:35,03:40,T,True
driver_availability,driver,권승준,권승준,DRV_008,,,233,,44,220,225,03:40,03:45,T,True
driver_availability,driver,권승준,권승준,DRV_008,,,233,,45,225,230,03:45,03:50,T,True
driver_availability,driver,권승준,권승준,DRV_008,,,233,,46,230,235,03:50,03:55,T,True
driver_availability,driver,권승준,권승준,DRV_008,,,233,,47,235,240,03:55,04:00,T,True
driver_availability,driver,권승준,권승준,DRV_008,,,233,,48,240,245,04:00,04:05,T,True
driver_availability,driver,권승준,권승준,DRV_008,,,233,,49,245,250,04:05,04:10,T,True
driver_availability,driver,권승준,권승준,DRV_008,,,233,,50,250,255,04:10,04:15,T,True
driver_availability,driver,권승준,권승준,DRV_008,,,233,,51,255,260,04:15,04:20,T,True
driver_availability,driver,권승준,권승준,DRV_008,,,233,,52,260,265,04:20,04:25,T,True
driver_availability,driver,권승준,권승준,DRV_008,,,233,,53,265,270,04:25,04:30,T,True
driver_availability,driver,권승준,권승준,DRV_008,,,233,,54,270,275,04:30,04:35,T,True
driver_availability,driver,권승준,권승준,DRV_008,,,233,,55,275,280,04:35,04:40,T,True
driver_availability,driver,권승준,권승준,DRV_008,,,233,,56,280,285,04:40,04:45,T,True
driver_availability,driver,권승준,권승준,DRV_008,,,233,,57,285,290,04:45,04:50,T,True
driver_availability,driver,권승준,권승준,DRV_008,,,233,,58,290,295,04:50,04:55,T,True
driver_availability,driver,권승준,권승준,DRV_008,,,233,,59,295,300,04:55,05:00,T,True
driver_availability,driver,권승준,권승준,DRV_008,,,233,,60,300,305,05:00,05:05,T,True
driver_availability,driver,권승준,권승준,DRV_008,,,233,,61,305,310,05:05,05:10,T,True
driver_availability,driver,권승준,권승준,DRV_008,,,233,,62,310,315,05:10,05:15,T,True
driver_availability,driver,권승준,권승준,DRV_008,,,233,,63,315,320,05:15,05:20,T,True
driver_availability,driver,권승준,권승준,DRV_008,,,233,,64,320,325,05:20,05:25,T,True
driver_availability,driver,권승준,권승준,DRV_008,,,233,,65,325,330,05:25,05:30,T,True
driver_availability,driver,권승준,권승준,DRV_008,,,233,,66,330,335,05:30,05:35,T,True
driver_availability,driver,권승준,권승준,DRV_008,,,233,,67,335,340,05:35,05:40,T,True
driver_availability,driver,권승준,권승준,DRV_008,,,233,,68,340,345,05:40,05:45,T,True
driver_availability,driver,권승준,권승준,DRV_008,,,233,,69,345,350,05:45,05:50,T,True
driver_availability,driver,권승준,권승준,DRV_008,,,233,,70,350,355,05:50,05:55,T,True
driver_availability,driver,권승준,권승준,DRV_008,,,233,,71,355,360,05:55,06:00,T,True
driver_availability,driver,권승준,권승준,DRV_008,,,233,,72,360,365,06:00,06:05,T,True
driver_availability,driver,권승준,권승준,DRV_008,,,233,,73,365,370,06:05,06:10,T,True
driver_availability,driver,권승준,권승준,DRV_008,,,233,,74,370,375,06:10,06:15,T,True
driver_availability,driver,권승준,권승준,DRV_008,,,233,,75,375,380,06:15,06:20,T,True
driver_availability,driver,권승준,권승준,DRV_008,,,233,,76,380,385,06:20,06:25,T,True
driver_availability,driver,권승준,권승준,DRV_008,,,233,,77,385,390,06:25,06:30,T,True
driver_availability,driver,권승준,권승준,DRV_008,,,233,,78,390,395,06:30,06:35,T,True
driver_availability,driver,권승준,권승준,DRV_008,,,233,,79,395,400,06:35,06:40,T,True
driver_availability,driver,권승준,권승준,DRV_008,,,233,,80,400,405,06:40,06:45,T,True
driver_availability,driver,권승준,권승준,DRV_008,,,233,,81,405,410,06:45,06:50,T,True
driver_availability,driver,권승준,권승준,DRV_008,,,233,,82,410,415,06:50,06:55,T,True
driver_availability,driver,권승준,권승준,DRV_008,,,233,,83,415,420,06:55,07:00,T,True
driver_availability,driver,권승준,권승준,DRV_008,,,233,,84,420,425,07:00,07:05,T,True
driver_availability,driver,권승준,권승준,DRV_008,,,233,,85,425,430,07:05,07:10,T,True
driver_availability,driver,권승준,권승준,DRV_008,,,233,,86,430,435,07:10,07:15,T,True
driver_availability,driver,권승준,권승준,DRV_008,,,233,,87,435,440,07:15,07:20,T,True
driver_availability,driver,권승준,권승준,DRV_008,,,233,,88,440,445,07:20,07:25,T,True
driver_availability,driver,권승준,권승준,DRV_008,,,233,,89,445,450,07:25,07:30,T,True
driver_availability,driver,권승준,권승준,DRV_008,,,233,,90,450,455,07:30,07:35,T,True
driver_availability,driver,권승준,권승준,DRV_008,,,233,,91,455,460,07:35,07:40,T,True
driver_availability,driver,권승준,권승준,DRV_008,,,233,,92,460,465,07:40,07:45,T,True
driver_availability,driver,권승준,권승준,DRV_008,,,233,,93,465,470,07:45,07:50,T,True
driver_availability,driver,권승준,권승준,DRV_008,,,233,,94,470,475,07:50,07:55,T,True
driver_availability,driver,권승준,권승준,DRV_008,,,233,,95,475,480,07:55,08:00,T,True
driver_availability,driver,권승준,권승준,DRV_008,,,233,,96,480,485,08:00,08:05,F,False
driver_availability,driver,권승준,권승준,DRV_008,,,233,,97,485,490,08:05,08:10,F,False
driver_availability,driver,권승준,권승준,DRV_008,,,233,,98,490,495,08:10,08:15,F,False
driver_availability,driver,권승준,권승준,DRV_008,,,233,,99,495,500,08:15,08:20,F,False
driver_availability,driver,권승준,권승준,DRV_008,,,233,,100,500,505,08:20,08:25,F,False
driver_availability,driver,권승준,권승준,DRV_008,,,233,,101,505,510,08:25,08:30,F,False
driver_availability,driver,권승준,권승준,DRV_008,,,233,,102,510,515,08:30,08:35,F,False
driver_availability,driver,권승준,권승준,DRV_008,,,233,,103,515,520,08:35,08:40,F,False
driver_availability,driver,권승준,권승준,DRV_008,,,233,,104,520,525,08:40,08:45,F,False
driver_availability,driver,권승준,권승준,DRV_008,,,233,,105,525,530,08:45,08:50,F,False
driver_availability,driver,권승준,권승준,DRV_008,,,233,,106,530,535,08:50,08:55,F,False
driver_availability,driver,권승준,권승준,DRV_008,,,233,,107,535,540,08:55,09:00,F,False
driver_availability,driver,권승준,권승준,DRV_008,,,233,,108,540,545,09:00,09:05,F,False
driver_availability,driver,권승준,권승준,DRV_008,,,233,,109,545,550,09:05,09:10,F,False
driver_availability,driver,권승준,권승준,DRV_008,,,233,,110,550,555,09:10,09:15,F,False
driver_availability,driver,권승준,권승준,DRV_008,,,233,,111,555,560,09:15,09:20,F,False
driver_availability,driver,권승준,권승준,DRV_008,,,233,,112,560,565,09:20,09:25,F,False
driver_availability,driver,권승준,권승준,DRV_008,,,233,,113,565,570,09:25,09:30,F,False
driver_availability,driver,권승준,권승준,DRV_008,,,233,,114,570,575,09:30,09:35,F,False
driver_availability,driver,권승준,권승준,DRV_008,,,233,,115,575,580,09:35,09:40,F,False
driver_availability,driver,권승준,권승준,DRV_008,,,233,,116,580,585,09:40,09:45,F,False
driver_availability,driver,권승준,권승준,DRV_008,,,233,,117,585,590,09:45,09:50,F,False
driver_availability,driver,권승준,권승준,DRV_008,,,233,,118,590,595,09:50,09:55,F,False
driver_availability,driver,권승준,권승준,DRV_008,,,233,,119,595,600,09:55,10:00,F,False
driver_availability,driver,권승준,권승준,DRV_008,,,233,,120,600,605,10:00,10:05,F,False
driver_availability,driver,권승준,권승준,DRV_008,,,233,,121,605,610,10:05,10:10,F,False
driver_availability,driver,권승준,권승준,DRV_008,,,233,,122,610,615,10:10,10:15,F,False
driver_availability,driver,권승준,권승준,DRV_008,,,233,,123,615,620,10:15,10:20,F,False
driver_availability,driver,권승준,권승준,DRV_008,,,233,,124,620,625,10:20,10:25,F,False
driver_availability,driver,권승준,권승준,DRV_008,,,233,,125,625,630,10:25,10:30,F,False
driver_availability,driver,권승준,권승준,DRV_008,,,233,,126,630,635,10:30,10:35,F,False
driver_availability,driver,권승준,권승준,DRV_008,,,233,,127,635,640,10:35,10:40,F,False
driver_availability,driver,권승준,권승준,DRV_008,,,233,,128,640,645,10:40,10:45,F,False
driver_availability,driver,권승준,권승준,DRV_008,,,233,,129,645,650,10:45,10:50,F,False
driver_availability,driver,권승준,권승준,DRV_008,,,233,,130,650,655,10:50,10:55,F,False
driver_availability,driver,권승준,권승준,DRV_008,,,233,,131,655,660,10:55,11:00,F,False
driver_availability,driver,권승준,권승준,DRV_008,,,233,,132,660,665,11:00,11:05,F,False
driver_availability,driver,권승준,권승준,DRV_008,,,233,,133,665,670,11:05,11:10,F,False
driver_availability,driver,권승준,권승준,DRV_008,,,233,,134,670,675,11:10,11:15,F,False
driver_availability,driver,권승준,권승준,DRV_008,,,233,,135,675,680,11:15,11:20,F,False
driver_availability,driver,권승준,권승준,DRV_008,,,233,,136,680,685,11:20,11:25,F,False
driver_availability,driver,권승준,권승준,DRV_008,,,233,,137,685,690,11:25,11:30,F,False
driver_availability,driver,권승준,권승준,DRV_008,,,233,,138,690,695,11:30,11:35,F,False
driver_availability,driver,권승준,권승준,DRV_008,,,233,,139,695,700,11:35,11:40,F,False
driver_availability,driver,권승준,권승준,DRV_008,,,233,,140,700,705,11:40,11:45,F,False
driver_availability,driver,권승준,권승준,DRV_008,,,233,,141,705,710,11:45,11:50,F,False
driver_availability,driver,권승준,권승준,DRV_008,,,233,,142,710,715,11:50,11:55,F,False
driver_availability,driver,권승준,권승준,DRV_008,,,233,,143,715,720,11:55,12:00,F,False
driver_availability,driver,권승준,권승준,DRV_008,,,233,,144,720,725,12:00,12:05,F,False
driver_availability,driver,권승준,권승준,DRV_008,,,233,,145,725,730,12:05,12:10,F,False
driver_availability,driver,권승준,권승준,DRV_008,,,233,,146,730,735,12:10,12:15,F,False
driver_availability,driver,권승준,권승준,DRV_008,,,233,,147,735,740,12:15,12:20,F,False
driver_availability,driver,권승준,권승준,DRV_008,,,233,,148,740,745,12:20,12:25,F,False
driver_availability,driver,권승준,권승준,DRV_008,,,233,,149,745,750,12:25,12:30,F,False
driver_availability,driver,권승준,권승준,DRV_008,,,233,,150,750,755,12:30,12:35,F,False
driver_availability,driver,권승준,권승준,DRV_008,,,233,,151,755,760,12:35,12:40,F,False
driver_availability,driver,권승준,권승준,DRV_008,,,233,,152,760,765,12:40,12:45,F,False
driver_availability,driver,권승준,권승준,DRV_008,,,233,,153,765,770,12:45,12:50,F,False
driver_availability,driver,권승준,권승준,DRV_008,,,233,,154,770,775,12:50,12:55,F,False
driver_availability,driver,권승준,권승준,DRV_008,,,233,,155,775,780,12:55,13:00,F,False
driver_availability,driver,권승준,권승준,DRV_008,,,233,,156,780,785,13:00,13:05,F,False
driver_availability,driver,권승준,권승준,DRV_008,,,233,,157,785,790,13:05,13:10,F,False
driver_availability,driver,권승준,권승준,DRV_008,,,233,,158,790,795,13:10,13:15,F,False
driver_availability,driver,권승준,권승준,DRV_008,,,233,,159,795,800,13:15,13:20,F,False
driver_availability,driver,권승준,권승준,DRV_008,,,233,,160,800,805,13:20,13:25,F,False
driver_availability,driver,권승준,권승준,DRV_008,,,233,,161,805,810,13:25,13:30,F,False
driver_availability,driver,권승준,권승준,DRV_008,,,233,,162,810,815,13:30,13:35,F,False
driver_availability,driver,권승준,권승준,DRV_008,,,233,,163,815,820,13:35,13:40,F,False
driver_availability,driver,권승준,권승준,DRV_008,,,233,,164,820,825,13:40,13:45,F,False
driver_availability,driver,권승준,권승준,DRV_008,,,233,,165,825,830,13:45,13:50,F,False
driver_availability,driver,권승준,권승준,DRV_008,,,233,,166,830,835,13:50,13:55,F,False
driver_availability,driver,권승준,권승준,DRV_008,,,233,,167,835,840,13:55,14:00,F,False
driver_availability,driver,권승준,권승준,DRV_008,,,233,,168,840,845,14:00,14:05,F,False
driver_availability,driver,권승준,권승준,DRV_008,,,233,,169,845,850,14:05,14:10,F,False
driver_availability,driver,권승준,권승준,DRV_008,,,233,,170,850,855,14:10,14:15,F,False
driver_availability,driver,권승준,권승준,DRV_008,,,233,,171,855,860,14:15,14:20,F,False
driver_availability,driver,권승준,권승준,DRV_008,,,233,,172,860,865,14:20,14:25,F,False
driver_availability,driver,권승준,권승준,DRV_008,,,233,,173,865,870,14:25,14:30,F,False
driver_availability,driver,권승준,권승준,DRV_008,,,233,,174,870,875,14:30,14:35,F,False
driver_availability,driver,권승준,권승준,DRV_008,,,233,,175,875,880,14:35,14:40,F,False
driver_availability,driver,권승준,권승준,DRV_008,,,233,,176,880,885,14:40,14:45,F,False
driver_availability,driver,권승준,권승준,DRV_008,,,233,,177,885,890,14:45,14:50,F,False
driver_availability,driver,권승준,권승준,DRV_008,,,233,,178,890,895,14:50,14:55,F,False
driver_availability,driver,권승준,권승준,DRV_008,,,233,,179,895,900,14:55,15:00,F,False
driver_availability,driver,권승준,권승준,DRV_008,,,233,,180,900,905,15:00,15:05,F,False
driver_availability,driver,권승준,권승준,DRV_008,,,233,,181,905,910,15:05,15:10,F,False
driver_availability,driver,권승준,권승준,DRV_008,,,233,,182,910,915,15:10,15:15,F,False
driver_availability,driver,권승준,권승준,DRV_008,,,233,,183,915,920,15:15,15:20,F,False
driver_availability,driver,권승준,권승준,DRV_008,,,233,,184,920,925,15:20,15:25,F,False
driver_availability,driver,권승준,권승준,DRV_008,,,233,,185,925,930,15:25,15:30,F,False
driver_availability,driver,권승준,권승준,DRV_008,,,233,,186,930,935,15:30,15:35,F,False
driver_availability,driver,권승준,권승준,DRV_008,,,233,,187,935,940,15:35,15:40,F,False
driver_availability,driver,권승준,권승준,DRV_008,,,233,,188,940,945,15:40,15:45,F,False
driver_availability,driver,권승준,권승준,DRV_008,,,233,,189,945,950,15:45,15:50,F,False
driver_availability,driver,권승준,권승준,DRV_008,,,233,,190,950,955,15:50,15:55,F,False
driver_availability,driver,권승준,권승준,DRV_008,,,233,,191,955,960,15:55,16:00,F,False
driver_availability,driver,권승준,권승준,DRV_008,,,233,,192,960,965,16:00,16:05,F,False
driver_availability,driver,권승준,권승준,DRV_008,,,233,,193,965,970,16:05,16:10,F,False
driver_availability,driver,권승준,권승준,DRV_008,,,233,,194,970,975,16:10,16:15,F,False
driver_availability,driver,권승준,권승준,DRV_008,,,233,,195,975,980,16:15,16:20,F,False
driver_availability,driver,권승준,권승준,DRV_008,,,233,,196,980,985,16:20,16:25,F,False
driver_availability,driver,권승준,권승준,DRV_008,,,233,,197,985,990,16:25,16:30,F,False
driver_availability,driver,권승준,권승준,DRV_008,,,233,,198,990,995,16:30,16:35,F,False
driver_availability,driver,권승준,권승준,DRV_008,,,233,,199,995,1000,16:35,16:40,F,False
driver_availability,driver,권승준,권승준,DRV_008,,,233,,200,1000,1005,16:40,16:45,F,False
driver_availability,driver,권승준,권승준,DRV_008,,,233,,201,1005,1010,16:45,16:50,F,False
driver_availability,driver,권승준,권승준,DRV_008,,,233,,202,1010,1015,16:50,16:55,F,False
driver_availability,driver,권승준,권승준,DRV_008,,,233,,203,1015,1020,16:55,17:00,F,False
driver_availability,driver,권승준,권승준,DRV_008,,,233,,204,1020,1025,17:00,17:05,T,True
driver_availability,driver,권승준,권승준,DRV_008,,,233,,205,1025,1030,17:05,17:10,T,True
driver_availability,driver,권승준,권승준,DRV_008,,,233,,206,1030,1035,17:10,17:15,T,True
driver_availability,driver,권승준,권승준,DRV_008,,,233,,207,1035,1040,17:15,17:20,T,True
driver_availability,driver,권승준,권승준,DRV_008,,,233,,208,1040,1045,17:20,17:25,T,True
driver_availability,driver,권승준,권승준,DRV_008,,,233,,209,1045,1050,17:25,17:30,T,True
driver_availability,driver,권승준,권승준,DRV_008,,,233,,210,1050,1055,17:30,17:35,T,True
driver_availability,driver,권승준,권승준,DRV_008,,,233,,211,1055,1060,17:35,17:40,T,True
driver_availability,driver,권승준,권승준,DRV_008,,,233,,212,1060,1065,17:40,17:45,T,True
driver_availability,driver,권승준,권승준,DRV_008,,,233,,213,1065,1070,17:45,17:50,T,True
driver_availability,driver,권승준,권승준,DRV_008,,,233,,214,1070,1075,17:50,17:55,T,True
driver_availability,driver,권승준,권승준,DRV_008,,,233,,215,1075,1080,17:55,18:00,T,True
driver_availability,driver,권승준,권승준,DRV_008,,,233,,216,1080,1085,18:00,18:05,T,True
driver_availability,driver,권승준,권승준,DRV_008,,,233,,217,1085,1090,18:05,18:10,T,True
driver_availability,driver,권승준,권승준,DRV_008,,,233,,218,1090,1095,18:10,18:15,T,True
driver_availability,driver,권승준,권승준,DRV_008,,,233,,219,1095,1100,18:15,18:20,T,True
driver_availability,driver,권승준,권승준,DRV_008,,,233,,220,1100,1105,18:20,18:25,T,True
driver_availability,driver,권승준,권승준,DRV_008,,,233,,221,1105,1110,18:25,18:30,T,True
driver_availability,driver,권승준,권승준,DRV_008,,,233,,222,1110,1115,18:30,18:35,T,True
driver_availability,driver,권승준,권승준,DRV_008,,,233,,223,1115,1120,18:35,18:40,T,True
driver_availability,driver,권승준,권승준,DRV_008,,,233,,224,1120,1125,18:40,18:45,T,True
driver_availability,driver,권승준,권승준,DRV_008,,,233,,225,1125,1130,18:45,18:50,T,True
driver_availability,driver,권승준,권승준,DRV_008,,,233,,226,1130,1135,18:50,18:55,T,True
driver_availability,driver,권승준,권승준,DRV_008,,,233,,227,1135,1140,18:55,19:00,T,True
driver_availability,driver,권승준,권승준,DRV_008,,,233,,228,1140,1145,19:00,19:05,T,True
driver_availability,driver,권승준,권승준,DRV_008,,,233,,229,1145,1150,19:05,19:10,T,True
driver_availability,driver,권승준,권승준,DRV_008,,,233,,230,1150,1155,19:10,19:15,T,True
driver_availability,driver,권승준,권승준,DRV_008,,,233,,231,1155,1160,19:15,19:20,T,True
driver_availability,driver,권승준,권승준,DRV_008,,,233,,232,1160,1165,19:20,19:25,T,True
driver_availability,driver,권승준,권승준,DRV_008,,,233,,233,1165,1170,19:25,19:30,T,True
driver_availability,driver,권승준,권승준,DRV_008,,,233,,234,1170,1175,19:30,19:35,T,True
driver_availability,driver,권승준,권승준,DRV_008,,,233,,235,1175,1180,19:35,19:40,T,True
driver_availability,driver,권승준,권승준,DRV_008,,,233,,236,1180,1185,19:40,19:45,T,True
driver_availability,driver,권승준,권승준,DRV_008,,,233,,237,1185,1190,19:45,19:50,T,True
driver_availability,driver,권승준,권승준,DRV_008,,,233,,238,1190,1195,19:50,19:55,T,True
driver_availability,driver,권승준,권승준,DRV_008,,,233,,239,1195,1200,19:55,20:00,T,True
driver_availability,driver,권승준,권승준,DRV_008,,,233,,240,1200,1205,20:00,20:05,T,True
driver_availability,driver,권승준,권승준,DRV_008,,,233,,241,1205,1210,20:05,20:10,T,True
driver_availability,driver,권승준,권승준,DRV_008,,,233,,242,1210,1215,20:10,20:15,T,True
driver_availability,driver,권승준,권승준,DRV_008,,,233,,243,1215,1220,20:15,20:20,T,True
driver_availability,driver,권승준,권승준,DRV_008,,,233,,244,1220,1225,20:20,20:25,T,True
driver_availability,driver,권승준,권승준,DRV_008,,,233,,245,1225,1230,20:25,20:30,T,True
driver_availability,driver,권승준,권승준,DRV_008,,,233,,246,1230,1235,20:30,20:35,T,True
driver_availability,driver,권승준,권승준,DRV_008,,,233,,247,1235,1240,20:35,20:40,T,True
driver_availability,driver,권승준,권승준,DRV_008,,,233,,248,1240,1245,20:40,20:45,T,True
driver_availability,driver,권승준,권승준,DRV_008,,,233,,249,1245,1250,20:45,20:50,T,True
driver_availability,driver,권승준,권승준,DRV_008,,,233,,250,1250,1255,20:50,20:55,T,True
driver_availability,driver,권승준,권승준,DRV_008,,,233,,251,1255,1260,20:55,21:00,T,True
driver_availability,driver,권승준,권승준,DRV_008,,,233,,252,1260,1265,21:00,21:05,T,True
driver_availability,driver,권승준,권승준,DRV_008,,,233,,253,1265,1270,21:05,21:10,T,True
driver_availability,driver,권승준,권승준,DRV_008,,,233,,254,1270,1275,21:10,21:15,T,True
driver_availability,driver,권승준,권승준,DRV_008,,,233,,255,1275,1280,21:15,21:20,T,True
driver_availability,driver,권승준,권승준,DRV_008,,,233,,256,1280,1285,21:20,21:25,T,True
driver_availability,driver,권승준,권승준,DRV_008,,,233,,257,1285,1290,21:25,21:30,T,True
driver_availability,driver,권승준,권승준,DRV_008,,,233,,258,1290,1295,21:30,21:35,T,True
driver_availability,driver,권승준,권승준,DRV_008,,,233,,259,1295,1300,21:35,21:40,T,True
driver_availability,driver,권승준,권승준,DRV_008,,,233,,260,1300,1305,21:40,21:45,T,True
driver_availability,driver,권승준,권승준,DRV_008,,,233,,261,1305,1310,21:45,21:50,T,True
driver_availability,driver,권승준,권승준,DRV_008,,,233,,262,1310,1315,21:50,21:55,T,True
driver_availability,driver,권승준,권승준,DRV_008,,,233,,263,1315,1320,21:55,22:00,T,True
driver_availability,driver,권승준,권승준,DRV_008,,,233,,264,1320,1325,22:00,22:05,T,True
driver_availability,driver,권승준,권승준,DRV_008,,,233,,265,1325,1330,22:05,22:10,T,True
driver_availability,driver,권승준,권승준,DRV_008,,,233,,266,1330,1335,22:10,22:15,T,True
driver_availability,driver,권승준,권승준,DRV_008,,,233,,267,1335,1340,22:15,22:20,T,True
driver_availability,driver,권승준,권승준,DRV_008,,,233,,268,1340,1345,22:20,22:25,T,True
driver_availability,driver,권승준,권승준,DRV_008,,,233,,269,1345,1350,22:25,22:30,T,True
driver_availability,driver,권승준,권승준,DRV_008,,,233,,270,1350,1355,22:30,22:35,T,True
driver_availability,driver,권승준,권승준,DRV_008,,,233,,271,1355,1360,22:35,22:40,T,True
driver_availability,driver,권승준,권승준,DRV_008,,,233,,272,1360,1365,22:40,22:45,T,True
driver_availability,driver,권승준,권승준,DRV_008,,,233,,273,1365,1370,22:45,22:50,T,True
driver_availability,driver,권승준,권승준,DRV_008,,,233,,274,1370,1375,22:50,22:55,T,True
driver_availability,driver,권승준,권승준,DRV_008,,,233,,275,1375,1380,22:55,23:00,T,True
driver_availability,driver,권승준,권승준,DRV_008,,,233,,276,1380,1385,23:00,23:05,T,True
driver_availability,driver,권승준,권승준,DRV_008,,,233,,277,1385,1390,23:05,23:10,T,True
driver_availability,driver,권승준,권승준,DRV_008,,,233,,278,1390,1395,23:10,23:15,T,True
driver_availability,driver,권승준,권승준,DRV_008,,,233,,279,1395,1400,23:15,23:20,T,True
driver_availability,driver,권승준,권승준,DRV_008,,,233,,280,1400,1405,23:20,23:25,T,True
driver_availability,driver,권승준,권승준,DRV_008,,,233,,281,1405,1410,23:25,23:30,T,True
driver_availability,driver,권승준,권승준,DRV_008,,,233,,282,1410,1415,23:30,23:35,T,True
driver_availability,driver,권승준,권승준,DRV_008,,,233,,283,1415,1420,23:35,23:40,T,True
driver_availability,driver,권승준,권승준,DRV_008,,,233,,284,1420,1425,23:40,23:45,T,True
driver_availability,driver,권승준,권승준,DRV_008,,,233,,285,1425,1430,23:45,23:50,T,True
driver_availability,driver,권승준,권승준,DRV_008,,,233,,286,1430,1435,23:50,23:55,T,True
driver_availability,driver,권승준,권승준,DRV_008,,,233,,287,1435,1440,23:55,24:00,T,True
driver_availability,driver,김원승,김원승,DRV_009,,,333,대공방어대 차출(00:00-17:00),0,0,5,00:00,00:05,F,False
driver_availability,driver,김원승,김원승,DRV_009,,,333,대공방어대 차출(00:00-17:00),1,5,10,00:05,00:10,F,False
driver_availability,driver,김원승,김원승,DRV_009,,,333,대공방어대 차출(00:00-17:00),2,10,15,00:10,00:15,F,False
driver_availability,driver,김원승,김원승,DRV_009,,,333,대공방어대 차출(00:00-17:00),3,15,20,00:15,00:20,F,False
driver_availability,driver,김원승,김원승,DRV_009,,,333,대공방어대 차출(00:00-17:00),4,20,25,00:20,00:25,F,False
driver_availability,driver,김원승,김원승,DRV_009,,,333,대공방어대 차출(00:00-17:00),5,25,30,00:25,00:30,F,False
driver_availability,driver,김원승,김원승,DRV_009,,,333,대공방어대 차출(00:00-17:00),6,30,35,00:30,00:35,F,False
driver_availability,driver,김원승,김원승,DRV_009,,,333,대공방어대 차출(00:00-17:00),7,35,40,00:35,00:40,F,False
driver_availability,driver,김원승,김원승,DRV_009,,,333,대공방어대 차출(00:00-17:00),8,40,45,00:40,00:45,F,False
driver_availability,driver,김원승,김원승,DRV_009,,,333,대공방어대 차출(00:00-17:00),9,45,50,00:45,00:50,F,False
driver_availability,driver,김원승,김원승,DRV_009,,,333,대공방어대 차출(00:00-17:00),10,50,55,00:50,00:55,F,False
driver_availability,driver,김원승,김원승,DRV_009,,,333,대공방어대 차출(00:00-17:00),11,55,60,00:55,01:00,F,False
driver_availability,driver,김원승,김원승,DRV_009,,,333,대공방어대 차출(00:00-17:00),12,60,65,01:00,01:05,F,False
driver_availability,driver,김원승,김원승,DRV_009,,,333,대공방어대 차출(00:00-17:00),13,65,70,01:05,01:10,F,False
driver_availability,driver,김원승,김원승,DRV_009,,,333,대공방어대 차출(00:00-17:00),14,70,75,01:10,01:15,F,False
driver_availability,driver,김원승,김원승,DRV_009,,,333,대공방어대 차출(00:00-17:00),15,75,80,01:15,01:20,F,False
driver_availability,driver,김원승,김원승,DRV_009,,,333,대공방어대 차출(00:00-17:00),16,80,85,01:20,01:25,F,False
driver_availability,driver,김원승,김원승,DRV_009,,,333,대공방어대 차출(00:00-17:00),17,85,90,01:25,01:30,F,False
driver_availability,driver,김원승,김원승,DRV_009,,,333,대공방어대 차출(00:00-17:00),18,90,95,01:30,01:35,F,False
driver_availability,driver,김원승,김원승,DRV_009,,,333,대공방어대 차출(00:00-17:00),19,95,100,01:35,01:40,F,False
driver_availability,driver,김원승,김원승,DRV_009,,,333,대공방어대 차출(00:00-17:00),20,100,105,01:40,01:45,F,False
driver_availability,driver,김원승,김원승,DRV_009,,,333,대공방어대 차출(00:00-17:00),21,105,110,01:45,01:50,F,False
driver_availability,driver,김원승,김원승,DRV_009,,,333,대공방어대 차출(00:00-17:00),22,110,115,01:50,01:55,F,False
driver_availability,driver,김원승,김원승,DRV_009,,,333,대공방어대 차출(00:00-17:00),23,115,120,01:55,02:00,F,False
driver_availability,driver,김원승,김원승,DRV_009,,,333,대공방어대 차출(00:00-17:00),24,120,125,02:00,02:05,F,False
driver_availability,driver,김원승,김원승,DRV_009,,,333,대공방어대 차출(00:00-17:00),25,125,130,02:05,02:10,F,False
driver_availability,driver,김원승,김원승,DRV_009,,,333,대공방어대 차출(00:00-17:00),26,130,135,02:10,02:15,F,False
driver_availability,driver,김원승,김원승,DRV_009,,,333,대공방어대 차출(00:00-17:00),27,135,140,02:15,02:20,F,False
driver_availability,driver,김원승,김원승,DRV_009,,,333,대공방어대 차출(00:00-17:00),28,140,145,02:20,02:25,F,False
driver_availability,driver,김원승,김원승,DRV_009,,,333,대공방어대 차출(00:00-17:00),29,145,150,02:25,02:30,F,False
driver_availability,driver,김원승,김원승,DRV_009,,,333,대공방어대 차출(00:00-17:00),30,150,155,02:30,02:35,F,False
driver_availability,driver,김원승,김원승,DRV_009,,,333,대공방어대 차출(00:00-17:00),31,155,160,02:35,02:40,F,False
driver_availability,driver,김원승,김원승,DRV_009,,,333,대공방어대 차출(00:00-17:00),32,160,165,02:40,02:45,F,False
driver_availability,driver,김원승,김원승,DRV_009,,,333,대공방어대 차출(00:00-17:00),33,165,170,02:45,02:50,F,False
driver_availability,driver,김원승,김원승,DRV_009,,,333,대공방어대 차출(00:00-17:00),34,170,175,02:50,02:55,F,False
driver_availability,driver,김원승,김원승,DRV_009,,,333,대공방어대 차출(00:00-17:00),35,175,180,02:55,03:00,F,False
driver_availability,driver,김원승,김원승,DRV_009,,,333,대공방어대 차출(00:00-17:00),36,180,185,03:00,03:05,F,False
driver_availability,driver,김원승,김원승,DRV_009,,,333,대공방어대 차출(00:00-17:00),37,185,190,03:05,03:10,F,False
driver_availability,driver,김원승,김원승,DRV_009,,,333,대공방어대 차출(00:00-17:00),38,190,195,03:10,03:15,F,False
driver_availability,driver,김원승,김원승,DRV_009,,,333,대공방어대 차출(00:00-17:00),39,195,200,03:15,03:20,F,False
driver_availability,driver,김원승,김원승,DRV_009,,,333,대공방어대 차출(00:00-17:00),40,200,205,03:20,03:25,F,False
driver_availability,driver,김원승,김원승,DRV_009,,,333,대공방어대 차출(00:00-17:00),41,205,210,03:25,03:30,F,False
driver_availability,driver,김원승,김원승,DRV_009,,,333,대공방어대 차출(00:00-17:00),42,210,215,03:30,03:35,F,False
driver_availability,driver,김원승,김원승,DRV_009,,,333,대공방어대 차출(00:00-17:00),43,215,220,03:35,03:40,F,False
driver_availability,driver,김원승,김원승,DRV_009,,,333,대공방어대 차출(00:00-17:00),44,220,225,03:40,03:45,F,False
driver_availability,driver,김원승,김원승,DRV_009,,,333,대공방어대 차출(00:00-17:00),45,225,230,03:45,03:50,F,False
driver_availability,driver,김원승,김원승,DRV_009,,,333,대공방어대 차출(00:00-17:00),46,230,235,03:50,03:55,F,False
driver_availability,driver,김원승,김원승,DRV_009,,,333,대공방어대 차출(00:00-17:00),47,235,240,03:55,04:00,F,False
driver_availability,driver,김원승,김원승,DRV_009,,,333,대공방어대 차출(00:00-17:00),48,240,245,04:00,04:05,F,False
driver_availability,driver,김원승,김원승,DRV_009,,,333,대공방어대 차출(00:00-17:00),49,245,250,04:05,04:10,F,False
driver_availability,driver,김원승,김원승,DRV_009,,,333,대공방어대 차출(00:00-17:00),50,250,255,04:10,04:15,F,False
driver_availability,driver,김원승,김원승,DRV_009,,,333,대공방어대 차출(00:00-17:00),51,255,260,04:15,04:20,F,False
driver_availability,driver,김원승,김원승,DRV_009,,,333,대공방어대 차출(00:00-17:00),52,260,265,04:20,04:25,F,False
driver_availability,driver,김원승,김원승,DRV_009,,,333,대공방어대 차출(00:00-17:00),53,265,270,04:25,04:30,F,False
driver_availability,driver,김원승,김원승,DRV_009,,,333,대공방어대 차출(00:00-17:00),54,270,275,04:30,04:35,F,False
driver_availability,driver,김원승,김원승,DRV_009,,,333,대공방어대 차출(00:00-17:00),55,275,280,04:35,04:40,F,False
driver_availability,driver,김원승,김원승,DRV_009,,,333,대공방어대 차출(00:00-17:00),56,280,285,04:40,04:45,F,False
driver_availability,driver,김원승,김원승,DRV_009,,,333,대공방어대 차출(00:00-17:00),57,285,290,04:45,04:50,F,False
driver_availability,driver,김원승,김원승,DRV_009,,,333,대공방어대 차출(00:00-17:00),58,290,295,04:50,04:55,F,False
driver_availability,driver,김원승,김원승,DRV_009,,,333,대공방어대 차출(00:00-17:00),59,295,300,04:55,05:00,F,False
driver_availability,driver,김원승,김원승,DRV_009,,,333,대공방어대 차출(00:00-17:00),60,300,305,05:00,05:05,F,False
driver_availability,driver,김원승,김원승,DRV_009,,,333,대공방어대 차출(00:00-17:00),61,305,310,05:05,05:10,F,False
driver_availability,driver,김원승,김원승,DRV_009,,,333,대공방어대 차출(00:00-17:00),62,310,315,05:10,05:15,F,False
driver_availability,driver,김원승,김원승,DRV_009,,,333,대공방어대 차출(00:00-17:00),63,315,320,05:15,05:20,F,False
driver_availability,driver,김원승,김원승,DRV_009,,,333,대공방어대 차출(00:00-17:00),64,320,325,05:20,05:25,F,False
driver_availability,driver,김원승,김원승,DRV_009,,,333,대공방어대 차출(00:00-17:00),65,325,330,05:25,05:30,F,False
driver_availability,driver,김원승,김원승,DRV_009,,,333,대공방어대 차출(00:00-17:00),66,330,335,05:30,05:35,F,False
driver_availability,driver,김원승,김원승,DRV_009,,,333,대공방어대 차출(00:00-17:00),67,335,340,05:35,05:40,F,False
driver_availability,driver,김원승,김원승,DRV_009,,,333,대공방어대 차출(00:00-17:00),68,340,345,05:40,05:45,F,False
driver_availability,driver,김원승,김원승,DRV_009,,,333,대공방어대 차출(00:00-17:00),69,345,350,05:45,05:50,F,False
driver_availability,driver,김원승,김원승,DRV_009,,,333,대공방어대 차출(00:00-17:00),70,350,355,05:50,05:55,F,False
driver_availability,driver,김원승,김원승,DRV_009,,,333,대공방어대 차출(00:00-17:00),71,355,360,05:55,06:00,F,False
driver_availability,driver,김원승,김원승,DRV_009,,,333,대공방어대 차출(00:00-17:00),72,360,365,06:00,06:05,F,False
driver_availability,driver,김원승,김원승,DRV_009,,,333,대공방어대 차출(00:00-17:00),73,365,370,06:05,06:10,F,False
driver_availability,driver,김원승,김원승,DRV_009,,,333,대공방어대 차출(00:00-17:00),74,370,375,06:10,06:15,F,False
driver_availability,driver,김원승,김원승,DRV_009,,,333,대공방어대 차출(00:00-17:00),75,375,380,06:15,06:20,F,False
driver_availability,driver,김원승,김원승,DRV_009,,,333,대공방어대 차출(00:00-17:00),76,380,385,06:20,06:25,F,False
driver_availability,driver,김원승,김원승,DRV_009,,,333,대공방어대 차출(00:00-17:00),77,385,390,06:25,06:30,F,False
driver_availability,driver,김원승,김원승,DRV_009,,,333,대공방어대 차출(00:00-17:00),78,390,395,06:30,06:35,F,False
driver_availability,driver,김원승,김원승,DRV_009,,,333,대공방어대 차출(00:00-17:00),79,395,400,06:35,06:40,F,False
driver_availability,driver,김원승,김원승,DRV_009,,,333,대공방어대 차출(00:00-17:00),80,400,405,06:40,06:45,F,False
driver_availability,driver,김원승,김원승,DRV_009,,,333,대공방어대 차출(00:00-17:00),81,405,410,06:45,06:50,F,False
driver_availability,driver,김원승,김원승,DRV_009,,,333,대공방어대 차출(00:00-17:00),82,410,415,06:50,06:55,F,False
driver_availability,driver,김원승,김원승,DRV_009,,,333,대공방어대 차출(00:00-17:00),83,415,420,06:55,07:00,F,False
driver_availability,driver,김원승,김원승,DRV_009,,,333,대공방어대 차출(00:00-17:00),84,420,425,07:00,07:05,F,False
driver_availability,driver,김원승,김원승,DRV_009,,,333,대공방어대 차출(00:00-17:00),85,425,430,07:05,07:10,F,False
driver_availability,driver,김원승,김원승,DRV_009,,,333,대공방어대 차출(00:00-17:00),86,430,435,07:10,07:15,F,False
driver_availability,driver,김원승,김원승,DRV_009,,,333,대공방어대 차출(00:00-17:00),87,435,440,07:15,07:20,F,False
driver_availability,driver,김원승,김원승,DRV_009,,,333,대공방어대 차출(00:00-17:00),88,440,445,07:20,07:25,F,False
driver_availability,driver,김원승,김원승,DRV_009,,,333,대공방어대 차출(00:00-17:00),89,445,450,07:25,07:30,F,False
driver_availability,driver,김원승,김원승,DRV_009,,,333,대공방어대 차출(00:00-17:00),90,450,455,07:30,07:35,F,False
driver_availability,driver,김원승,김원승,DRV_009,,,333,대공방어대 차출(00:00-17:00),91,455,460,07:35,07:40,F,False
driver_availability,driver,김원승,김원승,DRV_009,,,333,대공방어대 차출(00:00-17:00),92,460,465,07:40,07:45,F,False
driver_availability,driver,김원승,김원승,DRV_009,,,333,대공방어대 차출(00:00-17:00),93,465,470,07:45,07:50,F,False
driver_availability,driver,김원승,김원승,DRV_009,,,333,대공방어대 차출(00:00-17:00),94,470,475,07:50,07:55,F,False
driver_availability,driver,김원승,김원승,DRV_009,,,333,대공방어대 차출(00:00-17:00),95,475,480,07:55,08:00,F,False
driver_availability,driver,김원승,김원승,DRV_009,,,333,대공방어대 차출(00:00-17:00),96,480,485,08:00,08:05,F,False
driver_availability,driver,김원승,김원승,DRV_009,,,333,대공방어대 차출(00:00-17:00),97,485,490,08:05,08:10,F,False
driver_availability,driver,김원승,김원승,DRV_009,,,333,대공방어대 차출(00:00-17:00),98,490,495,08:10,08:15,F,False
driver_availability,driver,김원승,김원승,DRV_009,,,333,대공방어대 차출(00:00-17:00),99,495,500,08:15,08:20,F,False
driver_availability,driver,김원승,김원승,DRV_009,,,333,대공방어대 차출(00:00-17:00),100,500,505,08:20,08:25,F,False
driver_availability,driver,김원승,김원승,DRV_009,,,333,대공방어대 차출(00:00-17:00),101,505,510,08:25,08:30,F,False
driver_availability,driver,김원승,김원승,DRV_009,,,333,대공방어대 차출(00:00-17:00),102,510,515,08:30,08:35,F,False
driver_availability,driver,김원승,김원승,DRV_009,,,333,대공방어대 차출(00:00-17:00),103,515,520,08:35,08:40,F,False
driver_availability,driver,김원승,김원승,DRV_009,,,333,대공방어대 차출(00:00-17:00),104,520,525,08:40,08:45,F,False
driver_availability,driver,김원승,김원승,DRV_009,,,333,대공방어대 차출(00:00-17:00),105,525,530,08:45,08:50,F,False
driver_availability,driver,김원승,김원승,DRV_009,,,333,대공방어대 차출(00:00-17:00),106,530,535,08:50,08:55,F,False
driver_availability,driver,김원승,김원승,DRV_009,,,333,대공방어대 차출(00:00-17:00),107,535,540,08:55,09:00,F,False
driver_availability,driver,김원승,김원승,DRV_009,,,333,대공방어대 차출(00:00-17:00),108,540,545,09:00,09:05,F,False
driver_availability,driver,김원승,김원승,DRV_009,,,333,대공방어대 차출(00:00-17:00),109,545,550,09:05,09:10,F,False
driver_availability,driver,김원승,김원승,DRV_009,,,333,대공방어대 차출(00:00-17:00),110,550,555,09:10,09:15,F,False
driver_availability,driver,김원승,김원승,DRV_009,,,333,대공방어대 차출(00:00-17:00),111,555,560,09:15,09:20,F,False
driver_availability,driver,김원승,김원승,DRV_009,,,333,대공방어대 차출(00:00-17:00),112,560,565,09:20,09:25,F,False
driver_availability,driver,김원승,김원승,DRV_009,,,333,대공방어대 차출(00:00-17:00),113,565,570,09:25,09:30,F,False
driver_availability,driver,김원승,김원승,DRV_009,,,333,대공방어대 차출(00:00-17:00),114,570,575,09:30,09:35,F,False
driver_availability,driver,김원승,김원승,DRV_009,,,333,대공방어대 차출(00:00-17:00),115,575,580,09:35,09:40,F,False
driver_availability,driver,김원승,김원승,DRV_009,,,333,대공방어대 차출(00:00-17:00),116,580,585,09:40,09:45,F,False
driver_availability,driver,김원승,김원승,DRV_009,,,333,대공방어대 차출(00:00-17:00),117,585,590,09:45,09:50,F,False
driver_availability,driver,김원승,김원승,DRV_009,,,333,대공방어대 차출(00:00-17:00),118,590,595,09:50,09:55,F,False
driver_availability,driver,김원승,김원승,DRV_009,,,333,대공방어대 차출(00:00-17:00),119,595,600,09:55,10:00,F,False
driver_availability,driver,김원승,김원승,DRV_009,,,333,대공방어대 차출(00:00-17:00),120,600,605,10:00,10:05,F,False
driver_availability,driver,김원승,김원승,DRV_009,,,333,대공방어대 차출(00:00-17:00),121,605,610,10:05,10:10,F,False
driver_availability,driver,김원승,김원승,DRV_009,,,333,대공방어대 차출(00:00-17:00),122,610,615,10:10,10:15,F,False
driver_availability,driver,김원승,김원승,DRV_009,,,333,대공방어대 차출(00:00-17:00),123,615,620,10:15,10:20,F,False
driver_availability,driver,김원승,김원승,DRV_009,,,333,대공방어대 차출(00:00-17:00),124,620,625,10:20,10:25,F,False
driver_availability,driver,김원승,김원승,DRV_009,,,333,대공방어대 차출(00:00-17:00),125,625,630,10:25,10:30,F,False
driver_availability,driver,김원승,김원승,DRV_009,,,333,대공방어대 차출(00:00-17:00),126,630,635,10:30,10:35,F,False
driver_availability,driver,김원승,김원승,DRV_009,,,333,대공방어대 차출(00:00-17:00),127,635,640,10:35,10:40,F,False
driver_availability,driver,김원승,김원승,DRV_009,,,333,대공방어대 차출(00:00-17:00),128,640,645,10:40,10:45,F,False
driver_availability,driver,김원승,김원승,DRV_009,,,333,대공방어대 차출(00:00-17:00),129,645,650,10:45,10:50,F,False
driver_availability,driver,김원승,김원승,DRV_009,,,333,대공방어대 차출(00:00-17:00),130,650,655,10:50,10:55,F,False
driver_availability,driver,김원승,김원승,DRV_009,,,333,대공방어대 차출(00:00-17:00),131,655,660,10:55,11:00,F,False
driver_availability,driver,김원승,김원승,DRV_009,,,333,대공방어대 차출(00:00-17:00),132,660,665,11:00,11:05,F,False
driver_availability,driver,김원승,김원승,DRV_009,,,333,대공방어대 차출(00:00-17:00),133,665,670,11:05,11:10,F,False
driver_availability,driver,김원승,김원승,DRV_009,,,333,대공방어대 차출(00:00-17:00),134,670,675,11:10,11:15,F,False
driver_availability,driver,김원승,김원승,DRV_009,,,333,대공방어대 차출(00:00-17:00),135,675,680,11:15,11:20,F,False
driver_availability,driver,김원승,김원승,DRV_009,,,333,대공방어대 차출(00:00-17:00),136,680,685,11:20,11:25,F,False
driver_availability,driver,김원승,김원승,DRV_009,,,333,대공방어대 차출(00:00-17:00),137,685,690,11:25,11:30,F,False
driver_availability,driver,김원승,김원승,DRV_009,,,333,대공방어대 차출(00:00-17:00),138,690,695,11:30,11:35,F,False
driver_availability,driver,김원승,김원승,DRV_009,,,333,대공방어대 차출(00:00-17:00),139,695,700,11:35,11:40,F,False
driver_availability,driver,김원승,김원승,DRV_009,,,333,대공방어대 차출(00:00-17:00),140,700,705,11:40,11:45,F,False
driver_availability,driver,김원승,김원승,DRV_009,,,333,대공방어대 차출(00:00-17:00),141,705,710,11:45,11:50,F,False
driver_availability,driver,김원승,김원승,DRV_009,,,333,대공방어대 차출(00:00-17:00),142,710,715,11:50,11:55,F,False
driver_availability,driver,김원승,김원승,DRV_009,,,333,대공방어대 차출(00:00-17:00),143,715,720,11:55,12:00,F,False
driver_availability,driver,김원승,김원승,DRV_009,,,333,대공방어대 차출(00:00-17:00),144,720,725,12:00,12:05,F,False
driver_availability,driver,김원승,김원승,DRV_009,,,333,대공방어대 차출(00:00-17:00),145,725,730,12:05,12:10,F,False
driver_availability,driver,김원승,김원승,DRV_009,,,333,대공방어대 차출(00:00-17:00),146,730,735,12:10,12:15,F,False
driver_availability,driver,김원승,김원승,DRV_009,,,333,대공방어대 차출(00:00-17:00),147,735,740,12:15,12:20,F,False
driver_availability,driver,김원승,김원승,DRV_009,,,333,대공방어대 차출(00:00-17:00),148,740,745,12:20,12:25,F,False
driver_availability,driver,김원승,김원승,DRV_009,,,333,대공방어대 차출(00:00-17:00),149,745,750,12:25,12:30,F,False
driver_availability,driver,김원승,김원승,DRV_009,,,333,대공방어대 차출(00:00-17:00),150,750,755,12:30,12:35,F,False
driver_availability,driver,김원승,김원승,DRV_009,,,333,대공방어대 차출(00:00-17:00),151,755,760,12:35,12:40,F,False
driver_availability,driver,김원승,김원승,DRV_009,,,333,대공방어대 차출(00:00-17:00),152,760,765,12:40,12:45,F,False
driver_availability,driver,김원승,김원승,DRV_009,,,333,대공방어대 차출(00:00-17:00),153,765,770,12:45,12:50,F,False
driver_availability,driver,김원승,김원승,DRV_009,,,333,대공방어대 차출(00:00-17:00),154,770,775,12:50,12:55,F,False
driver_availability,driver,김원승,김원승,DRV_009,,,333,대공방어대 차출(00:00-17:00),155,775,780,12:55,13:00,F,False
driver_availability,driver,김원승,김원승,DRV_009,,,333,대공방어대 차출(00:00-17:00),156,780,785,13:00,13:05,F,False
driver_availability,driver,김원승,김원승,DRV_009,,,333,대공방어대 차출(00:00-17:00),157,785,790,13:05,13:10,F,False
driver_availability,driver,김원승,김원승,DRV_009,,,333,대공방어대 차출(00:00-17:00),158,790,795,13:10,13:15,F,False
driver_availability,driver,김원승,김원승,DRV_009,,,333,대공방어대 차출(00:00-17:00),159,795,800,13:15,13:20,F,False
driver_availability,driver,김원승,김원승,DRV_009,,,333,대공방어대 차출(00:00-17:00),160,800,805,13:20,13:25,F,False
driver_availability,driver,김원승,김원승,DRV_009,,,333,대공방어대 차출(00:00-17:00),161,805,810,13:25,13:30,F,False
driver_availability,driver,김원승,김원승,DRV_009,,,333,대공방어대 차출(00:00-17:00),162,810,815,13:30,13:35,F,False
driver_availability,driver,김원승,김원승,DRV_009,,,333,대공방어대 차출(00:00-17:00),163,815,820,13:35,13:40,F,False
driver_availability,driver,김원승,김원승,DRV_009,,,333,대공방어대 차출(00:00-17:00),164,820,825,13:40,13:45,F,False
driver_availability,driver,김원승,김원승,DRV_009,,,333,대공방어대 차출(00:00-17:00),165,825,830,13:45,13:50,F,False
driver_availability,driver,김원승,김원승,DRV_009,,,333,대공방어대 차출(00:00-17:00),166,830,835,13:50,13:55,F,False
driver_availability,driver,김원승,김원승,DRV_009,,,333,대공방어대 차출(00:00-17:00),167,835,840,13:55,14:00,F,False
driver_availability,driver,김원승,김원승,DRV_009,,,333,대공방어대 차출(00:00-17:00),168,840,845,14:00,14:05,F,False
driver_availability,driver,김원승,김원승,DRV_009,,,333,대공방어대 차출(00:00-17:00),169,845,850,14:05,14:10,F,False
driver_availability,driver,김원승,김원승,DRV_009,,,333,대공방어대 차출(00:00-17:00),170,850,855,14:10,14:15,F,False
driver_availability,driver,김원승,김원승,DRV_009,,,333,대공방어대 차출(00:00-17:00),171,855,860,14:15,14:20,F,False
driver_availability,driver,김원승,김원승,DRV_009,,,333,대공방어대 차출(00:00-17:00),172,860,865,14:20,14:25,F,False
driver_availability,driver,김원승,김원승,DRV_009,,,333,대공방어대 차출(00:00-17:00),173,865,870,14:25,14:30,F,False
driver_availability,driver,김원승,김원승,DRV_009,,,333,대공방어대 차출(00:00-17:00),174,870,875,14:30,14:35,F,False
driver_availability,driver,김원승,김원승,DRV_009,,,333,대공방어대 차출(00:00-17:00),175,875,880,14:35,14:40,F,False
driver_availability,driver,김원승,김원승,DRV_009,,,333,대공방어대 차출(00:00-17:00),176,880,885,14:40,14:45,F,False
driver_availability,driver,김원승,김원승,DRV_009,,,333,대공방어대 차출(00:00-17:00),177,885,890,14:45,14:50,F,False
driver_availability,driver,김원승,김원승,DRV_009,,,333,대공방어대 차출(00:00-17:00),178,890,895,14:50,14:55,F,False
driver_availability,driver,김원승,김원승,DRV_009,,,333,대공방어대 차출(00:00-17:00),179,895,900,14:55,15:00,F,False
driver_availability,driver,김원승,김원승,DRV_009,,,333,대공방어대 차출(00:00-17:00),180,900,905,15:00,15:05,F,False
driver_availability,driver,김원승,김원승,DRV_009,,,333,대공방어대 차출(00:00-17:00),181,905,910,15:05,15:10,F,False
driver_availability,driver,김원승,김원승,DRV_009,,,333,대공방어대 차출(00:00-17:00),182,910,915,15:10,15:15,F,False
driver_availability,driver,김원승,김원승,DRV_009,,,333,대공방어대 차출(00:00-17:00),183,915,920,15:15,15:20,F,False
driver_availability,driver,김원승,김원승,DRV_009,,,333,대공방어대 차출(00:00-17:00),184,920,925,15:20,15:25,F,False
driver_availability,driver,김원승,김원승,DRV_009,,,333,대공방어대 차출(00:00-17:00),185,925,930,15:25,15:30,F,False
driver_availability,driver,김원승,김원승,DRV_009,,,333,대공방어대 차출(00:00-17:00),186,930,935,15:30,15:35,F,False
driver_availability,driver,김원승,김원승,DRV_009,,,333,대공방어대 차출(00:00-17:00),187,935,940,15:35,15:40,F,False
driver_availability,driver,김원승,김원승,DRV_009,,,333,대공방어대 차출(00:00-17:00),188,940,945,15:40,15:45,F,False
driver_availability,driver,김원승,김원승,DRV_009,,,333,대공방어대 차출(00:00-17:00),189,945,950,15:45,15:50,F,False
driver_availability,driver,김원승,김원승,DRV_009,,,333,대공방어대 차출(00:00-17:00),190,950,955,15:50,15:55,F,False
driver_availability,driver,김원승,김원승,DRV_009,,,333,대공방어대 차출(00:00-17:00),191,955,960,15:55,16:00,F,False
driver_availability,driver,김원승,김원승,DRV_009,,,333,대공방어대 차출(00:00-17:00),192,960,965,16:00,16:05,F,False
driver_availability,driver,김원승,김원승,DRV_009,,,333,대공방어대 차출(00:00-17:00),193,965,970,16:05,16:10,F,False
driver_availability,driver,김원승,김원승,DRV_009,,,333,대공방어대 차출(00:00-17:00),194,970,975,16:10,16:15,F,False
driver_availability,driver,김원승,김원승,DRV_009,,,333,대공방어대 차출(00:00-17:00),195,975,980,16:15,16:20,F,False
driver_availability,driver,김원승,김원승,DRV_009,,,333,대공방어대 차출(00:00-17:00),196,980,985,16:20,16:25,F,False
driver_availability,driver,김원승,김원승,DRV_009,,,333,대공방어대 차출(00:00-17:00),197,985,990,16:25,16:30,F,False
driver_availability,driver,김원승,김원승,DRV_009,,,333,대공방어대 차출(00:00-17:00),198,990,995,16:30,16:35,F,False
driver_availability,driver,김원승,김원승,DRV_009,,,333,대공방어대 차출(00:00-17:00),199,995,1000,16:35,16:40,F,False
driver_availability,driver,김원승,김원승,DRV_009,,,333,대공방어대 차출(00:00-17:00),200,1000,1005,16:40,16:45,F,False
driver_availability,driver,김원승,김원승,DRV_009,,,333,대공방어대 차출(00:00-17:00),201,1005,1010,16:45,16:50,F,False
driver_availability,driver,김원승,김원승,DRV_009,,,333,대공방어대 차출(00:00-17:00),202,1010,1015,16:50,16:55,F,False
driver_availability,driver,김원승,김원승,DRV_009,,,333,대공방어대 차출(00:00-17:00),203,1015,1020,16:55,17:00,F,False
driver_availability,driver,김원승,김원승,DRV_009,,,333,대공방어대 차출(00:00-17:00),204,1020,1025,17:00,17:05,T,True
driver_availability,driver,김원승,김원승,DRV_009,,,333,대공방어대 차출(00:00-17:00),205,1025,1030,17:05,17:10,T,True
driver_availability,driver,김원승,김원승,DRV_009,,,333,대공방어대 차출(00:00-17:00),206,1030,1035,17:10,17:15,T,True
driver_availability,driver,김원승,김원승,DRV_009,,,333,대공방어대 차출(00:00-17:00),207,1035,1040,17:15,17:20,T,True
driver_availability,driver,김원승,김원승,DRV_009,,,333,대공방어대 차출(00:00-17:00),208,1040,1045,17:20,17:25,T,True
driver_availability,driver,김원승,김원승,DRV_009,,,333,대공방어대 차출(00:00-17:00),209,1045,1050,17:25,17:30,T,True
driver_availability,driver,김원승,김원승,DRV_009,,,333,대공방어대 차출(00:00-17:00),210,1050,1055,17:30,17:35,T,True
driver_availability,driver,김원승,김원승,DRV_009,,,333,대공방어대 차출(00:00-17:00),211,1055,1060,17:35,17:40,T,True
driver_availability,driver,김원승,김원승,DRV_009,,,333,대공방어대 차출(00:00-17:00),212,1060,1065,17:40,17:45,T,True
driver_availability,driver,김원승,김원승,DRV_009,,,333,대공방어대 차출(00:00-17:00),213,1065,1070,17:45,17:50,T,True
driver_availability,driver,김원승,김원승,DRV_009,,,333,대공방어대 차출(00:00-17:00),214,1070,1075,17:50,17:55,T,True
driver_availability,driver,김원승,김원승,DRV_009,,,333,대공방어대 차출(00:00-17:00),215,1075,1080,17:55,18:00,T,True
driver_availability,driver,김원승,김원승,DRV_009,,,333,대공방어대 차출(00:00-17:00),216,1080,1085,18:00,18:05,T,True
driver_availability,driver,김원승,김원승,DRV_009,,,333,대공방어대 차출(00:00-17:00),217,1085,1090,18:05,18:10,T,True
driver_availability,driver,김원승,김원승,DRV_009,,,333,대공방어대 차출(00:00-17:00),218,1090,1095,18:10,18:15,T,True
driver_availability,driver,김원승,김원승,DRV_009,,,333,대공방어대 차출(00:00-17:00),219,1095,1100,18:15,18:20,T,True
driver_availability,driver,김원승,김원승,DRV_009,,,333,대공방어대 차출(00:00-17:00),220,1100,1105,18:20,18:25,T,True
driver_availability,driver,김원승,김원승,DRV_009,,,333,대공방어대 차출(00:00-17:00),221,1105,1110,18:25,18:30,T,True
driver_availability,driver,김원승,김원승,DRV_009,,,333,대공방어대 차출(00:00-17:00),222,1110,1115,18:30,18:35,T,True
driver_availability,driver,김원승,김원승,DRV_009,,,333,대공방어대 차출(00:00-17:00),223,1115,1120,18:35,18:40,T,True
driver_availability,driver,김원승,김원승,DRV_009,,,333,대공방어대 차출(00:00-17:00),224,1120,1125,18:40,18:45,T,True
driver_availability,driver,김원승,김원승,DRV_009,,,333,대공방어대 차출(00:00-17:00),225,1125,1130,18:45,18:50,T,True
driver_availability,driver,김원승,김원승,DRV_009,,,333,대공방어대 차출(00:00-17:00),226,1130,1135,18:50,18:55,T,True
driver_availability,driver,김원승,김원승,DRV_009,,,333,대공방어대 차출(00:00-17:00),227,1135,1140,18:55,19:00,T,True
driver_availability,driver,김원승,김원승,DRV_009,,,333,대공방어대 차출(00:00-17:00),228,1140,1145,19:00,19:05,T,True
driver_availability,driver,김원승,김원승,DRV_009,,,333,대공방어대 차출(00:00-17:00),229,1145,1150,19:05,19:10,T,True
driver_availability,driver,김원승,김원승,DRV_009,,,333,대공방어대 차출(00:00-17:00),230,1150,1155,19:10,19:15,T,True
driver_availability,driver,김원승,김원승,DRV_009,,,333,대공방어대 차출(00:00-17:00),231,1155,1160,19:15,19:20,T,True
driver_availability,driver,김원승,김원승,DRV_009,,,333,대공방어대 차출(00:00-17:00),232,1160,1165,19:20,19:25,T,True
driver_availability,driver,김원승,김원승,DRV_009,,,333,대공방어대 차출(00:00-17:00),233,1165,1170,19:25,19:30,T,True
driver_availability,driver,김원승,김원승,DRV_009,,,333,대공방어대 차출(00:00-17:00),234,1170,1175,19:30,19:35,T,True
driver_availability,driver,김원승,김원승,DRV_009,,,333,대공방어대 차출(00:00-17:00),235,1175,1180,19:35,19:40,T,True
driver_availability,driver,김원승,김원승,DRV_009,,,333,대공방어대 차출(00:00-17:00),236,1180,1185,19:40,19:45,T,True
driver_availability,driver,김원승,김원승,DRV_009,,,333,대공방어대 차출(00:00-17:00),237,1185,1190,19:45,19:50,T,True
driver_availability,driver,김원승,김원승,DRV_009,,,333,대공방어대 차출(00:00-17:00),238,1190,1195,19:50,19:55,T,True
driver_availability,driver,김원승,김원승,DRV_009,,,333,대공방어대 차출(00:00-17:00),239,1195,1200,19:55,20:00,T,True
driver_availability,driver,김원승,김원승,DRV_009,,,333,대공방어대 차출(00:00-17:00),240,1200,1205,20:00,20:05,T,True
driver_availability,driver,김원승,김원승,DRV_009,,,333,대공방어대 차출(00:00-17:00),241,1205,1210,20:05,20:10,T,True
driver_availability,driver,김원승,김원승,DRV_009,,,333,대공방어대 차출(00:00-17:00),242,1210,1215,20:10,20:15,T,True
driver_availability,driver,김원승,김원승,DRV_009,,,333,대공방어대 차출(00:00-17:00),243,1215,1220,20:15,20:20,T,True
driver_availability,driver,김원승,김원승,DRV_009,,,333,대공방어대 차출(00:00-17:00),244,1220,1225,20:20,20:25,T,True
driver_availability,driver,김원승,김원승,DRV_009,,,333,대공방어대 차출(00:00-17:00),245,1225,1230,20:25,20:30,T,True
driver_availability,driver,김원승,김원승,DRV_009,,,333,대공방어대 차출(00:00-17:00),246,1230,1235,20:30,20:35,T,True
driver_availability,driver,김원승,김원승,DRV_009,,,333,대공방어대 차출(00:00-17:00),247,1235,1240,20:35,20:40,T,True
driver_availability,driver,김원승,김원승,DRV_009,,,333,대공방어대 차출(00:00-17:00),248,1240,1245,20:40,20:45,T,True
driver_availability,driver,김원승,김원승,DRV_009,,,333,대공방어대 차출(00:00-17:00),249,1245,1250,20:45,20:50,T,True
driver_availability,driver,김원승,김원승,DRV_009,,,333,대공방어대 차출(00:00-17:00),250,1250,1255,20:50,20:55,T,True
driver_availability,driver,김원승,김원승,DRV_009,,,333,대공방어대 차출(00:00-17:00),251,1255,1260,20:55,21:00,T,True
driver_availability,driver,김원승,김원승,DRV_009,,,333,대공방어대 차출(00:00-17:00),252,1260,1265,21:00,21:05,T,True
driver_availability,driver,김원승,김원승,DRV_009,,,333,대공방어대 차출(00:00-17:00),253,1265,1270,21:05,21:10,T,True
driver_availability,driver,김원승,김원승,DRV_009,,,333,대공방어대 차출(00:00-17:00),254,1270,1275,21:10,21:15,T,True
driver_availability,driver,김원승,김원승,DRV_009,,,333,대공방어대 차출(00:00-17:00),255,1275,1280,21:15,21:20,T,True
driver_availability,driver,김원승,김원승,DRV_009,,,333,대공방어대 차출(00:00-17:00),256,1280,1285,21:20,21:25,T,True
driver_availability,driver,김원승,김원승,DRV_009,,,333,대공방어대 차출(00:00-17:00),257,1285,1290,21:25,21:30,T,True
driver_availability,driver,김원승,김원승,DRV_009,,,333,대공방어대 차출(00:00-17:00),258,1290,1295,21:30,21:35,T,True
driver_availability,driver,김원승,김원승,DRV_009,,,333,대공방어대 차출(00:00-17:00),259,1295,1300,21:35,21:40,T,True
driver_availability,driver,김원승,김원승,DRV_009,,,333,대공방어대 차출(00:00-17:00),260,1300,1305,21:40,21:45,T,True
driver_availability,driver,김원승,김원승,DRV_009,,,333,대공방어대 차출(00:00-17:00),261,1305,1310,21:45,21:50,T,True
driver_availability,driver,김원승,김원승,DRV_009,,,333,대공방어대 차출(00:00-17:00),262,1310,1315,21:50,21:55,T,True
driver_availability,driver,김원승,김원승,DRV_009,,,333,대공방어대 차출(00:00-17:00),263,1315,1320,21:55,22:00,T,True
driver_availability,driver,김원승,김원승,DRV_009,,,333,대공방어대 차출(00:00-17:00),264,1320,1325,22:00,22:05,T,True
driver_availability,driver,김원승,김원승,DRV_009,,,333,대공방어대 차출(00:00-17:00),265,1325,1330,22:05,22:10,T,True
driver_availability,driver,김원승,김원승,DRV_009,,,333,대공방어대 차출(00:00-17:00),266,1330,1335,22:10,22:15,T,True
driver_availability,driver,김원승,김원승,DRV_009,,,333,대공방어대 차출(00:00-17:00),267,1335,1340,22:15,22:20,T,True
driver_availability,driver,김원승,김원승,DRV_009,,,333,대공방어대 차출(00:00-17:00),268,1340,1345,22:20,22:25,T,True
driver_availability,driver,김원승,김원승,DRV_009,,,333,대공방어대 차출(00:00-17:00),269,1345,1350,22:25,22:30,T,True
driver_availability,driver,김원승,김원승,DRV_009,,,333,대공방어대 차출(00:00-17:00),270,1350,1355,22:30,22:35,T,True
driver_availability,driver,김원승,김원승,DRV_009,,,333,대공방어대 차출(00:00-17:00),271,1355,1360,22:35,22:40,T,True
driver_availability,driver,김원승,김원승,DRV_009,,,333,대공방어대 차출(00:00-17:00),272,1360,1365,22:40,22:45,T,True
driver_availability,driver,김원승,김원승,DRV_009,,,333,대공방어대 차출(00:00-17:00),273,1365,1370,22:45,22:50,T,True
driver_availability,driver,김원승,김원승,DRV_009,,,333,대공방어대 차출(00:00-17:00),274,1370,1375,22:50,22:55,T,True
driver_availability,driver,김원승,김원승,DRV_009,,,333,대공방어대 차출(00:00-17:00),275,1375,1380,22:55,23:00,T,True
driver_availability,driver,김원승,김원승,DRV_009,,,333,대공방어대 차출(00:00-17:00),276,1380,1385,23:00,23:05,T,True
driver_availability,driver,김원승,김원승,DRV_009,,,333,대공방어대 차출(00:00-17:00),277,1385,1390,23:05,23:10,T,True
driver_availability,driver,김원승,김원승,DRV_009,,,333,대공방어대 차출(00:00-17:00),278,1390,1395,23:10,23:15,T,True
driver_availability,driver,김원승,김원승,DRV_009,,,333,대공방어대 차출(00:00-17:00),279,1395,1400,23:15,23:20,T,True
driver_availability,driver,김원승,김원승,DRV_009,,,333,대공방어대 차출(00:00-17:00),280,1400,1405,23:20,23:25,T,True
driver_availability,driver,김원승,김원승,DRV_009,,,333,대공방어대 차출(00:00-17:00),281,1405,1410,23:25,23:30,T,True
driver_availability,driver,김원승,김원승,DRV_009,,,333,대공방어대 차출(00:00-17:00),282,1410,1415,23:30,23:35,T,True
driver_availability,driver,김원승,김원승,DRV_009,,,333,대공방어대 차출(00:00-17:00),283,1415,1420,23:35,23:40,T,True
driver_availability,driver,김원승,김원승,DRV_009,,,333,대공방어대 차출(00:00-17:00),284,1420,1425,23:40,23:45,T,True
driver_availability,driver,김원승,김원승,DRV_009,,,333,대공방어대 차출(00:00-17:00),285,1425,1430,23:45,23:50,T,True
driver_availability,driver,김원승,김원승,DRV_009,,,333,대공방어대 차출(00:00-17:00),286,1430,1435,23:50,23:55,T,True
driver_availability,driver,김원승,김원승,DRV_009,,,333,대공방어대 차출(00:00-17:00),287,1435,1440,23:55,24:00,T,True
driver_availability,driver,허준민,허준민,DRV_010,,,111,,0,0,5,00:00,00:05,T,True
driver_availability,driver,허준민,허준민,DRV_010,,,111,,1,5,10,00:05,00:10,T,True
driver_availability,driver,허준민,허준민,DRV_010,,,111,,2,10,15,00:10,00:15,T,True
driver_availability,driver,허준민,허준민,DRV_010,,,111,,3,15,20,00:15,00:20,T,True
driver_availability,driver,허준민,허준민,DRV_010,,,111,,4,20,25,00:20,00:25,T,True
driver_availability,driver,허준민,허준민,DRV_010,,,111,,5,25,30,00:25,00:30,T,True
driver_availability,driver,허준민,허준민,DRV_010,,,111,,6,30,35,00:30,00:35,T,True
driver_availability,driver,허준민,허준민,DRV_010,,,111,,7,35,40,00:35,00:40,T,True
driver_availability,driver,허준민,허준민,DRV_010,,,111,,8,40,45,00:40,00:45,T,True
driver_availability,driver,허준민,허준민,DRV_010,,,111,,9,45,50,00:45,00:50,T,True
driver_availability,driver,허준민,허준민,DRV_010,,,111,,10,50,55,00:50,00:55,T,True
driver_availability,driver,허준민,허준민,DRV_010,,,111,,11,55,60,00:55,01:00,T,True
driver_availability,driver,허준민,허준민,DRV_010,,,111,,12,60,65,01:00,01:05,T,True
driver_availability,driver,허준민,허준민,DRV_010,,,111,,13,65,70,01:05,01:10,T,True
driver_availability,driver,허준민,허준민,DRV_010,,,111,,14,70,75,01:10,01:15,T,True
driver_availability,driver,허준민,허준민,DRV_010,,,111,,15,75,80,01:15,01:20,T,True
driver_availability,driver,허준민,허준민,DRV_010,,,111,,16,80,85,01:20,01:25,T,True
driver_availability,driver,허준민,허준민,DRV_010,,,111,,17,85,90,01:25,01:30,T,True
driver_availability,driver,허준민,허준민,DRV_010,,,111,,18,90,95,01:30,01:35,T,True
driver_availability,driver,허준민,허준민,DRV_010,,,111,,19,95,100,01:35,01:40,T,True
driver_availability,driver,허준민,허준민,DRV_010,,,111,,20,100,105,01:40,01:45,T,True
driver_availability,driver,허준민,허준민,DRV_010,,,111,,21,105,110,01:45,01:50,T,True
driver_availability,driver,허준민,허준민,DRV_010,,,111,,22,110,115,01:50,01:55,T,True
driver_availability,driver,허준민,허준민,DRV_010,,,111,,23,115,120,01:55,02:00,T,True
driver_availability,driver,허준민,허준민,DRV_010,,,111,,24,120,125,02:00,02:05,T,True
driver_availability,driver,허준민,허준민,DRV_010,,,111,,25,125,130,02:05,02:10,T,True
driver_availability,driver,허준민,허준민,DRV_010,,,111,,26,130,135,02:10,02:15,T,True
driver_availability,driver,허준민,허준민,DRV_010,,,111,,27,135,140,02:15,02:20,T,True
driver_availability,driver,허준민,허준민,DRV_010,,,111,,28,140,145,02:20,02:25,T,True
driver_availability,driver,허준민,허준민,DRV_010,,,111,,29,145,150,02:25,02:30,T,True
driver_availability,driver,허준민,허준민,DRV_010,,,111,,30,150,155,02:30,02:35,T,True
driver_availability,driver,허준민,허준민,DRV_010,,,111,,31,155,160,02:35,02:40,T,True
driver_availability,driver,허준민,허준민,DRV_010,,,111,,32,160,165,02:40,02:45,T,True
driver_availability,driver,허준민,허준민,DRV_010,,,111,,33,165,170,02:45,02:50,T,True
driver_availability,driver,허준민,허준민,DRV_010,,,111,,34,170,175,02:50,02:55,T,True
driver_availability,driver,허준민,허준민,DRV_010,,,111,,35,175,180,02:55,03:00,T,True
driver_availability,driver,허준민,허준민,DRV_010,,,111,,36,180,185,03:00,03:05,T,True
driver_availability,driver,허준민,허준민,DRV_010,,,111,,37,185,190,03:05,03:10,T,True
driver_availability,driver,허준민,허준민,DRV_010,,,111,,38,190,195,03:10,03:15,T,True
driver_availability,driver,허준민,허준민,DRV_010,,,111,,39,195,200,03:15,03:20,T,True
driver_availability,driver,허준민,허준민,DRV_010,,,111,,40,200,205,03:20,03:25,T,True
driver_availability,driver,허준민,허준민,DRV_010,,,111,,41,205,210,03:25,03:30,T,True
driver_availability,driver,허준민,허준민,DRV_010,,,111,,42,210,215,03:30,03:35,T,True
driver_availability,driver,허준민,허준민,DRV_010,,,111,,43,215,220,03:35,03:40,T,True
driver_availability,driver,허준민,허준민,DRV_010,,,111,,44,220,225,03:40,03:45,T,True
driver_availability,driver,허준민,허준민,DRV_010,,,111,,45,225,230,03:45,03:50,T,True
driver_availability,driver,허준민,허준민,DRV_010,,,111,,46,230,235,03:50,03:55,T,True
driver_availability,driver,허준민,허준민,DRV_010,,,111,,47,235,240,03:55,04:00,T,True
driver_availability,driver,허준민,허준민,DRV_010,,,111,,48,240,245,04:00,04:05,T,True
driver_availability,driver,허준민,허준민,DRV_010,,,111,,49,245,250,04:05,04:10,T,True
driver_availability,driver,허준민,허준민,DRV_010,,,111,,50,250,255,04:10,04:15,T,True
driver_availability,driver,허준민,허준민,DRV_010,,,111,,51,255,260,04:15,04:20,T,True
driver_availability,driver,허준민,허준민,DRV_010,,,111,,52,260,265,04:20,04:25,T,True
driver_availability,driver,허준민,허준민,DRV_010,,,111,,53,265,270,04:25,04:30,T,True
driver_availability,driver,허준민,허준민,DRV_010,,,111,,54,270,275,04:30,04:35,T,True
driver_availability,driver,허준민,허준민,DRV_010,,,111,,55,275,280,04:35,04:40,T,True
driver_availability,driver,허준민,허준민,DRV_010,,,111,,56,280,285,04:40,04:45,T,True
driver_availability,driver,허준민,허준민,DRV_010,,,111,,57,285,290,04:45,04:50,T,True
driver_availability,driver,허준민,허준민,DRV_010,,,111,,58,290,295,04:50,04:55,T,True
driver_availability,driver,허준민,허준민,DRV_010,,,111,,59,295,300,04:55,05:00,T,True
driver_availability,driver,허준민,허준민,DRV_010,,,111,,60,300,305,05:00,05:05,T,True
driver_availability,driver,허준민,허준민,DRV_010,,,111,,61,305,310,05:05,05:10,T,True
driver_availability,driver,허준민,허준민,DRV_010,,,111,,62,310,315,05:10,05:15,T,True
driver_availability,driver,허준민,허준민,DRV_010,,,111,,63,315,320,05:15,05:20,T,True
driver_availability,driver,허준민,허준민,DRV_010,,,111,,64,320,325,05:20,05:25,T,True
driver_availability,driver,허준민,허준민,DRV_010,,,111,,65,325,330,05:25,05:30,T,True
driver_availability,driver,허준민,허준민,DRV_010,,,111,,66,330,335,05:30,05:35,T,True
driver_availability,driver,허준민,허준민,DRV_010,,,111,,67,335,340,05:35,05:40,T,True
driver_availability,driver,허준민,허준민,DRV_010,,,111,,68,340,345,05:40,05:45,T,True
driver_availability,driver,허준민,허준민,DRV_010,,,111,,69,345,350,05:45,05:50,T,True
driver_availability,driver,허준민,허준민,DRV_010,,,111,,70,350,355,05:50,05:55,T,True
driver_availability,driver,허준민,허준민,DRV_010,,,111,,71,355,360,05:55,06:00,T,True
driver_availability,driver,허준민,허준민,DRV_010,,,111,,72,360,365,06:00,06:05,T,True
driver_availability,driver,허준민,허준민,DRV_010,,,111,,73,365,370,06:05,06:10,T,True
driver_availability,driver,허준민,허준민,DRV_010,,,111,,74,370,375,06:10,06:15,T,True
driver_availability,driver,허준민,허준민,DRV_010,,,111,,75,375,380,06:15,06:20,T,True
driver_availability,driver,허준민,허준민,DRV_010,,,111,,76,380,385,06:20,06:25,T,True
driver_availability,driver,허준민,허준민,DRV_010,,,111,,77,385,390,06:25,06:30,T,True
driver_availability,driver,허준민,허준민,DRV_010,,,111,,78,390,395,06:30,06:35,T,True
driver_availability,driver,허준민,허준민,DRV_010,,,111,,79,395,400,06:35,06:40,T,True
driver_availability,driver,허준민,허준민,DRV_010,,,111,,80,400,405,06:40,06:45,T,True
driver_availability,driver,허준민,허준민,DRV_010,,,111,,81,405,410,06:45,06:50,T,True
driver_availability,driver,허준민,허준민,DRV_010,,,111,,82,410,415,06:50,06:55,T,True
driver_availability,driver,허준민,허준민,DRV_010,,,111,,83,415,420,06:55,07:00,T,True
driver_availability,driver,허준민,허준민,DRV_010,,,111,,84,420,425,07:00,07:05,T,True
driver_availability,driver,허준민,허준민,DRV_010,,,111,,85,425,430,07:05,07:10,T,True
driver_availability,driver,허준민,허준민,DRV_010,,,111,,86,430,435,07:10,07:15,T,True
driver_availability,driver,허준민,허준민,DRV_010,,,111,,87,435,440,07:15,07:20,T,True
driver_availability,driver,허준민,허준민,DRV_010,,,111,,88,440,445,07:20,07:25,T,True
driver_availability,driver,허준민,허준민,DRV_010,,,111,,89,445,450,07:25,07:30,T,True
driver_availability,driver,허준민,허준민,DRV_010,,,111,,90,450,455,07:30,07:35,T,True
driver_availability,driver,허준민,허준민,DRV_010,,,111,,91,455,460,07:35,07:40,T,True
driver_availability,driver,허준민,허준민,DRV_010,,,111,,92,460,465,07:40,07:45,T,True
driver_availability,driver,허준민,허준민,DRV_010,,,111,,93,465,470,07:45,07:50,T,True
driver_availability,driver,허준민,허준민,DRV_010,,,111,,94,470,475,07:50,07:55,T,True
driver_availability,driver,허준민,허준민,DRV_010,,,111,,95,475,480,07:55,08:00,T,True
driver_availability,driver,허준민,허준민,DRV_010,,,111,,96,480,485,08:00,08:05,F,False
driver_availability,driver,허준민,허준민,DRV_010,,,111,,97,485,490,08:05,08:10,F,False
driver_availability,driver,허준민,허준민,DRV_010,,,111,,98,490,495,08:10,08:15,F,False
driver_availability,driver,허준민,허준민,DRV_010,,,111,,99,495,500,08:15,08:20,F,False
driver_availability,driver,허준민,허준민,DRV_010,,,111,,100,500,505,08:20,08:25,F,False
driver_availability,driver,허준민,허준민,DRV_010,,,111,,101,505,510,08:25,08:30,F,False
driver_availability,driver,허준민,허준민,DRV_010,,,111,,102,510,515,08:30,08:35,F,False
driver_availability,driver,허준민,허준민,DRV_010,,,111,,103,515,520,08:35,08:40,F,False
driver_availability,driver,허준민,허준민,DRV_010,,,111,,104,520,525,08:40,08:45,F,False
driver_availability,driver,허준민,허준민,DRV_010,,,111,,105,525,530,08:45,08:50,F,False
driver_availability,driver,허준민,허준민,DRV_010,,,111,,106,530,535,08:50,08:55,F,False
driver_availability,driver,허준민,허준민,DRV_010,,,111,,107,535,540,08:55,09:00,F,False
driver_availability,driver,허준민,허준민,DRV_010,,,111,,108,540,545,09:00,09:05,F,False
driver_availability,driver,허준민,허준민,DRV_010,,,111,,109,545,550,09:05,09:10,F,False
driver_availability,driver,허준민,허준민,DRV_010,,,111,,110,550,555,09:10,09:15,F,False
driver_availability,driver,허준민,허준민,DRV_010,,,111,,111,555,560,09:15,09:20,F,False
driver_availability,driver,허준민,허준민,DRV_010,,,111,,112,560,565,09:20,09:25,F,False
driver_availability,driver,허준민,허준민,DRV_010,,,111,,113,565,570,09:25,09:30,F,False
driver_availability,driver,허준민,허준민,DRV_010,,,111,,114,570,575,09:30,09:35,F,False
driver_availability,driver,허준민,허준민,DRV_010,,,111,,115,575,580,09:35,09:40,F,False
driver_availability,driver,허준민,허준민,DRV_010,,,111,,116,580,585,09:40,09:45,F,False
driver_availability,driver,허준민,허준민,DRV_010,,,111,,117,585,590,09:45,09:50,F,False
driver_availability,driver,허준민,허준민,DRV_010,,,111,,118,590,595,09:50,09:55,F,False
driver_availability,driver,허준민,허준민,DRV_010,,,111,,119,595,600,09:55,10:00,F,False
driver_availability,driver,허준민,허준민,DRV_010,,,111,,120,600,605,10:00,10:05,F,False
driver_availability,driver,허준민,허준민,DRV_010,,,111,,121,605,610,10:05,10:10,F,False
driver_availability,driver,허준민,허준민,DRV_010,,,111,,122,610,615,10:10,10:15,F,False
driver_availability,driver,허준민,허준민,DRV_010,,,111,,123,615,620,10:15,10:20,F,False
driver_availability,driver,허준민,허준민,DRV_010,,,111,,124,620,625,10:20,10:25,F,False
driver_availability,driver,허준민,허준민,DRV_010,,,111,,125,625,630,10:25,10:30,F,False
driver_availability,driver,허준민,허준민,DRV_010,,,111,,126,630,635,10:30,10:35,F,False
driver_availability,driver,허준민,허준민,DRV_010,,,111,,127,635,640,10:35,10:40,F,False
driver_availability,driver,허준민,허준민,DRV_010,,,111,,128,640,645,10:40,10:45,F,False
driver_availability,driver,허준민,허준민,DRV_010,,,111,,129,645,650,10:45,10:50,F,False
driver_availability,driver,허준민,허준민,DRV_010,,,111,,130,650,655,10:50,10:55,F,False
driver_availability,driver,허준민,허준민,DRV_010,,,111,,131,655,660,10:55,11:00,F,False
driver_availability,driver,허준민,허준민,DRV_010,,,111,,132,660,665,11:00,11:05,F,False
driver_availability,driver,허준민,허준민,DRV_010,,,111,,133,665,670,11:05,11:10,F,False
driver_availability,driver,허준민,허준민,DRV_010,,,111,,134,670,675,11:10,11:15,F,False
driver_availability,driver,허준민,허준민,DRV_010,,,111,,135,675,680,11:15,11:20,F,False
driver_availability,driver,허준민,허준민,DRV_010,,,111,,136,680,685,11:20,11:25,F,False
driver_availability,driver,허준민,허준민,DRV_010,,,111,,137,685,690,11:25,11:30,F,False
driver_availability,driver,허준민,허준민,DRV_010,,,111,,138,690,695,11:30,11:35,F,False
driver_availability,driver,허준민,허준민,DRV_010,,,111,,139,695,700,11:35,11:40,F,False
driver_availability,driver,허준민,허준민,DRV_010,,,111,,140,700,705,11:40,11:45,F,False
driver_availability,driver,허준민,허준민,DRV_010,,,111,,141,705,710,11:45,11:50,F,False
driver_availability,driver,허준민,허준민,DRV_010,,,111,,142,710,715,11:50,11:55,F,False
driver_availability,driver,허준민,허준민,DRV_010,,,111,,143,715,720,11:55,12:00,F,False
driver_availability,driver,허준민,허준민,DRV_010,,,111,,144,720,725,12:00,12:05,F,False
driver_availability,driver,허준민,허준민,DRV_010,,,111,,145,725,730,12:05,12:10,F,False
driver_availability,driver,허준민,허준민,DRV_010,,,111,,146,730,735,12:10,12:15,F,False
driver_availability,driver,허준민,허준민,DRV_010,,,111,,147,735,740,12:15,12:20,F,False
driver_availability,driver,허준민,허준민,DRV_010,,,111,,148,740,745,12:20,12:25,F,False
driver_availability,driver,허준민,허준민,DRV_010,,,111,,149,745,750,12:25,12:30,F,False
driver_availability,driver,허준민,허준민,DRV_010,,,111,,150,750,755,12:30,12:35,F,False
driver_availability,driver,허준민,허준민,DRV_010,,,111,,151,755,760,12:35,12:40,F,False
driver_availability,driver,허준민,허준민,DRV_010,,,111,,152,760,765,12:40,12:45,F,False
driver_availability,driver,허준민,허준민,DRV_010,,,111,,153,765,770,12:45,12:50,F,False
driver_availability,driver,허준민,허준민,DRV_010,,,111,,154,770,775,12:50,12:55,F,False
driver_availability,driver,허준민,허준민,DRV_010,,,111,,155,775,780,12:55,13:00,F,False
driver_availability,driver,허준민,허준민,DRV_010,,,111,,156,780,785,13:00,13:05,F,False
driver_availability,driver,허준민,허준민,DRV_010,,,111,,157,785,790,13:05,13:10,F,False
driver_availability,driver,허준민,허준민,DRV_010,,,111,,158,790,795,13:10,13:15,F,False
driver_availability,driver,허준민,허준민,DRV_010,,,111,,159,795,800,13:15,13:20,F,False
driver_availability,driver,허준민,허준민,DRV_010,,,111,,160,800,805,13:20,13:25,F,False
driver_availability,driver,허준민,허준민,DRV_010,,,111,,161,805,810,13:25,13:30,F,False
driver_availability,driver,허준민,허준민,DRV_010,,,111,,162,810,815,13:30,13:35,F,False
driver_availability,driver,허준민,허준민,DRV_010,,,111,,163,815,820,13:35,13:40,F,False
driver_availability,driver,허준민,허준민,DRV_010,,,111,,164,820,825,13:40,13:45,F,False
driver_availability,driver,허준민,허준민,DRV_010,,,111,,165,825,830,13:45,13:50,F,False
driver_availability,driver,허준민,허준민,DRV_010,,,111,,166,830,835,13:50,13:55,F,False
driver_availability,driver,허준민,허준민,DRV_010,,,111,,167,835,840,13:55,14:00,F,False
driver_availability,driver,허준민,허준민,DRV_010,,,111,,168,840,845,14:00,14:05,F,False
driver_availability,driver,허준민,허준민,DRV_010,,,111,,169,845,850,14:05,14:10,F,False
driver_availability,driver,허준민,허준민,DRV_010,,,111,,170,850,855,14:10,14:15,F,False
driver_availability,driver,허준민,허준민,DRV_010,,,111,,171,855,860,14:15,14:20,F,False
driver_availability,driver,허준민,허준민,DRV_010,,,111,,172,860,865,14:20,14:25,F,False
driver_availability,driver,허준민,허준민,DRV_010,,,111,,173,865,870,14:25,14:30,F,False
driver_availability,driver,허준민,허준민,DRV_010,,,111,,174,870,875,14:30,14:35,F,False
driver_availability,driver,허준민,허준민,DRV_010,,,111,,175,875,880,14:35,14:40,F,False
driver_availability,driver,허준민,허준민,DRV_010,,,111,,176,880,885,14:40,14:45,F,False
driver_availability,driver,허준민,허준민,DRV_010,,,111,,177,885,890,14:45,14:50,F,False
driver_availability,driver,허준민,허준민,DRV_010,,,111,,178,890,895,14:50,14:55,F,False
driver_availability,driver,허준민,허준민,DRV_010,,,111,,179,895,900,14:55,15:00,F,False
driver_availability,driver,허준민,허준민,DRV_010,,,111,,180,900,905,15:00,15:05,F,False
driver_availability,driver,허준민,허준민,DRV_010,,,111,,181,905,910,15:05,15:10,F,False
driver_availability,driver,허준민,허준민,DRV_010,,,111,,182,910,915,15:10,15:15,F,False
driver_availability,driver,허준민,허준민,DRV_010,,,111,,183,915,920,15:15,15:20,F,False
driver_availability,driver,허준민,허준민,DRV_010,,,111,,184,920,925,15:20,15:25,F,False
driver_availability,driver,허준민,허준민,DRV_010,,,111,,185,925,930,15:25,15:30,F,False
driver_availability,driver,허준민,허준민,DRV_010,,,111,,186,930,935,15:30,15:35,F,False
driver_availability,driver,허준민,허준민,DRV_010,,,111,,187,935,940,15:35,15:40,F,False
driver_availability,driver,허준민,허준민,DRV_010,,,111,,188,940,945,15:40,15:45,F,False
driver_availability,driver,허준민,허준민,DRV_010,,,111,,189,945,950,15:45,15:50,F,False
driver_availability,driver,허준민,허준민,DRV_010,,,111,,190,950,955,15:50,15:55,F,False
driver_availability,driver,허준민,허준민,DRV_010,,,111,,191,955,960,15:55,16:00,F,False
driver_availability,driver,허준민,허준민,DRV_010,,,111,,192,960,965,16:00,16:05,F,False
driver_availability,driver,허준민,허준민,DRV_010,,,111,,193,965,970,16:05,16:10,F,False
driver_availability,driver,허준민,허준민,DRV_010,,,111,,194,970,975,16:10,16:15,F,False
driver_availability,driver,허준민,허준민,DRV_010,,,111,,195,975,980,16:15,16:20,F,False
driver_availability,driver,허준민,허준민,DRV_010,,,111,,196,980,985,16:20,16:25,F,False
driver_availability,driver,허준민,허준민,DRV_010,,,111,,197,985,990,16:25,16:30,F,False
driver_availability,driver,허준민,허준민,DRV_010,,,111,,198,990,995,16:30,16:35,F,False
driver_availability,driver,허준민,허준민,DRV_010,,,111,,199,995,1000,16:35,16:40,F,False
driver_availability,driver,허준민,허준민,DRV_010,,,111,,200,1000,1005,16:40,16:45,F,False
driver_availability,driver,허준민,허준민,DRV_010,,,111,,201,1005,1010,16:45,16:50,F,False
driver_availability,driver,허준민,허준민,DRV_010,,,111,,202,1010,1015,16:50,16:55,F,False
driver_availability,driver,허준민,허준민,DRV_010,,,111,,203,1015,1020,16:55,17:00,F,False
driver_availability,driver,허준민,허준민,DRV_010,,,111,,204,1020,1025,17:00,17:05,T,True
driver_availability,driver,허준민,허준민,DRV_010,,,111,,205,1025,1030,17:05,17:10,T,True
driver_availability,driver,허준민,허준민,DRV_010,,,111,,206,1030,1035,17:10,17:15,T,True
driver_availability,driver,허준민,허준민,DRV_010,,,111,,207,1035,1040,17:15,17:20,T,True
driver_availability,driver,허준민,허준민,DRV_010,,,111,,208,1040,1045,17:20,17:25,T,True
driver_availability,driver,허준민,허준민,DRV_010,,,111,,209,1045,1050,17:25,17:30,T,True
driver_availability,driver,허준민,허준민,DRV_010,,,111,,210,1050,1055,17:30,17:35,T,True
driver_availability,driver,허준민,허준민,DRV_010,,,111,,211,1055,1060,17:35,17:40,T,True
driver_availability,driver,허준민,허준민,DRV_010,,,111,,212,1060,1065,17:40,17:45,T,True
driver_availability,driver,허준민,허준민,DRV_010,,,111,,213,1065,1070,17:45,17:50,T,True
driver_availability,driver,허준민,허준민,DRV_010,,,111,,214,1070,1075,17:50,17:55,T,True
driver_availability,driver,허준민,허준민,DRV_010,,,111,,215,1075,1080,17:55,18:00,T,True
driver_availability,driver,허준민,허준민,DRV_010,,,111,,216,1080,1085,18:00,18:05,T,True
driver_availability,driver,허준민,허준민,DRV_010,,,111,,217,1085,1090,18:05,18:10,T,True
driver_availability,driver,허준민,허준민,DRV_010,,,111,,218,1090,1095,18:10,18:15,T,True
driver_availability,driver,허준민,허준민,DRV_010,,,111,,219,1095,1100,18:15,18:20,T,True
driver_availability,driver,허준민,허준민,DRV_010,,,111,,220,1100,1105,18:20,18:25,T,True
driver_availability,driver,허준민,허준민,DRV_010,,,111,,221,1105,1110,18:25,18:30,T,True
driver_availability,driver,허준민,허준민,DRV_010,,,111,,222,1110,1115,18:30,18:35,T,True
driver_availability,driver,허준민,허준민,DRV_010,,,111,,223,1115,1120,18:35,18:40,T,True
driver_availability,driver,허준민,허준민,DRV_010,,,111,,224,1120,1125,18:40,18:45,T,True
driver_availability,driver,허준민,허준민,DRV_010,,,111,,225,1125,1130,18:45,18:50,T,True
driver_availability,driver,허준민,허준민,DRV_010,,,111,,226,1130,1135,18:50,18:55,T,True
driver_availability,driver,허준민,허준민,DRV_010,,,111,,227,1135,1140,18:55,19:00,T,True
driver_availability,driver,허준민,허준민,DRV_010,,,111,,228,1140,1145,19:00,19:05,T,True
driver_availability,driver,허준민,허준민,DRV_010,,,111,,229,1145,1150,19:05,19:10,T,True
driver_availability,driver,허준민,허준민,DRV_010,,,111,,230,1150,1155,19:10,19:15,T,True
driver_availability,driver,허준민,허준민,DRV_010,,,111,,231,1155,1160,19:15,19:20,T,True
driver_availability,driver,허준민,허준민,DRV_010,,,111,,232,1160,1165,19:20,19:25,T,True
driver_availability,driver,허준민,허준민,DRV_010,,,111,,233,1165,1170,19:25,19:30,T,True
driver_availability,driver,허준민,허준민,DRV_010,,,111,,234,1170,1175,19:30,19:35,T,True
driver_availability,driver,허준민,허준민,DRV_010,,,111,,235,1175,1180,19:35,19:40,T,True
driver_availability,driver,허준민,허준민,DRV_010,,,111,,236,1180,1185,19:40,19:45,T,True
driver_availability,driver,허준민,허준민,DRV_010,,,111,,237,1185,1190,19:45,19:50,T,True
driver_availability,driver,허준민,허준민,DRV_010,,,111,,238,1190,1195,19:50,19:55,T,True
driver_availability,driver,허준민,허준민,DRV_010,,,111,,239,1195,1200,19:55,20:00,T,True
driver_availability,driver,허준민,허준민,DRV_010,,,111,,240,1200,1205,20:00,20:05,T,True
driver_availability,driver,허준민,허준민,DRV_010,,,111,,241,1205,1210,20:05,20:10,T,True
driver_availability,driver,허준민,허준민,DRV_010,,,111,,242,1210,1215,20:10,20:15,T,True
driver_availability,driver,허준민,허준민,DRV_010,,,111,,243,1215,1220,20:15,20:20,T,True
driver_availability,driver,허준민,허준민,DRV_010,,,111,,244,1220,1225,20:20,20:25,T,True
driver_availability,driver,허준민,허준민,DRV_010,,,111,,245,1225,1230,20:25,20:30,T,True
driver_availability,driver,허준민,허준민,DRV_010,,,111,,246,1230,1235,20:30,20:35,T,True
driver_availability,driver,허준민,허준민,DRV_010,,,111,,247,1235,1240,20:35,20:40,T,True
driver_availability,driver,허준민,허준민,DRV_010,,,111,,248,1240,1245,20:40,20:45,T,True
driver_availability,driver,허준민,허준민,DRV_010,,,111,,249,1245,1250,20:45,20:50,T,True
driver_availability,driver,허준민,허준민,DRV_010,,,111,,250,1250,1255,20:50,20:55,T,True
driver_availability,driver,허준민,허준민,DRV_010,,,111,,251,1255,1260,20:55,21:00,T,True
driver_availability,driver,허준민,허준민,DRV_010,,,111,,252,1260,1265,21:00,21:05,T,True
driver_availability,driver,허준민,허준민,DRV_010,,,111,,253,1265,1270,21:05,21:10,T,True
driver_availability,driver,허준민,허준민,DRV_010,,,111,,254,1270,1275,21:10,21:15,T,True
driver_availability,driver,허준민,허준민,DRV_010,,,111,,255,1275,1280,21:15,21:20,T,True
driver_availability,driver,허준민,허준민,DRV_010,,,111,,256,1280,1285,21:20,21:25,T,True
driver_availability,driver,허준민,허준민,DRV_010,,,111,,257,1285,1290,21:25,21:30,T,True
driver_availability,driver,허준민,허준민,DRV_010,,,111,,258,1290,1295,21:30,21:35,T,True
driver_availability,driver,허준민,허준민,DRV_010,,,111,,259,1295,1300,21:35,21:40,T,True
driver_availability,driver,허준민,허준민,DRV_010,,,111,,260,1300,1305,21:40,21:45,T,True
driver_availability,driver,허준민,허준민,DRV_010,,,111,,261,1305,1310,21:45,21:50,T,True
driver_availability,driver,허준민,허준민,DRV_010,,,111,,262,1310,1315,21:50,21:55,T,True
driver_availability,driver,허준민,허준민,DRV_010,,,111,,263,1315,1320,21:55,22:00,T,True
driver_availability,driver,허준민,허준민,DRV_010,,,111,,264,1320,1325,22:00,22:05,T,True
driver_availability,driver,허준민,허준민,DRV_010,,,111,,265,1325,1330,22:05,22:10,T,True
driver_availability,driver,허준민,허준민,DRV_010,,,111,,266,1330,1335,22:10,22:15,T,True
driver_availability,driver,허준민,허준민,DRV_010,,,111,,267,1335,1340,22:15,22:20,T,True
driver_availability,driver,허준민,허준민,DRV_010,,,111,,268,1340,1345,22:20,22:25,T,True
driver_availability,driver,허준민,허준민,DRV_010,,,111,,269,1345,1350,22:25,22:30,T,True
driver_availability,driver,허준민,허준민,DRV_010,,,111,,270,1350,1355,22:30,22:35,T,True
driver_availability,driver,허준민,허준민,DRV_010,,,111,,271,1355,1360,22:35,22:40,T,True
driver_availability,driver,허준민,허준민,DRV_010,,,111,,272,1360,1365,22:40,22:45,T,True
driver_availability,driver,허준민,허준민,DRV_010,,,111,,273,1365,1370,22:45,22:50,T,True
driver_availability,driver,허준민,허준민,DRV_010,,,111,,274,1370,1375,22:50,22:55,T,True
driver_availability,driver,허준민,허준민,DRV_010,,,111,,275,1375,1380,22:55,23:00,T,True
driver_availability,driver,허준민,허준민,DRV_010,,,111,,276,1380,1385,23:00,23:05,T,True
driver_availability,driver,허준민,허준민,DRV_010,,,111,,277,1385,1390,23:05,23:10,T,True
driver_availability,driver,허준민,허준민,DRV_010,,,111,,278,1390,1395,23:10,23:15,T,True
driver_availability,driver,허준민,허준민,DRV_010,,,111,,279,1395,1400,23:15,23:20,T,True
driver_availability,driver,허준민,허준민,DRV_010,,,111,,280,1400,1405,23:20,23:25,T,True
driver_availability,driver,허준민,허준민,DRV_010,,,111,,281,1405,1410,23:25,23:30,T,True
driver_availability,driver,허준민,허준민,DRV_010,,,111,,282,1410,1415,23:30,23:35,T,True
driver_availability,driver,허준민,허준민,DRV_010,,,111,,283,1415,1420,23:35,23:40,T,True
driver_availability,driver,허준민,허준민,DRV_010,,,111,,284,1420,1425,23:40,23:45,T,True
driver_availability,driver,허준민,허준민,DRV_010,,,111,,285,1425,1430,23:45,23:50,T,True
driver_availability,driver,허준민,허준민,DRV_010,,,111,,286,1430,1435,23:50,23:55,T,True
driver_availability,driver,허준민,허준민,DRV_010,,,111,,287,1435,1440,23:55,24:00,T,True
driver_availability,driver,원허,원허,DRV_011,,,223,,0,0,5,00:00,00:05,T,True
driver_availability,driver,원허,원허,DRV_011,,,223,,1,5,10,00:05,00:10,T,True
driver_availability,driver,원허,원허,DRV_011,,,223,,2,10,15,00:10,00:15,T,True
driver_availability,driver,원허,원허,DRV_011,,,223,,3,15,20,00:15,00:20,T,True
driver_availability,driver,원허,원허,DRV_011,,,223,,4,20,25,00:20,00:25,T,True
driver_availability,driver,원허,원허,DRV_011,,,223,,5,25,30,00:25,00:30,T,True
driver_availability,driver,원허,원허,DRV_011,,,223,,6,30,35,00:30,00:35,T,True
driver_availability,driver,원허,원허,DRV_011,,,223,,7,35,40,00:35,00:40,T,True
driver_availability,driver,원허,원허,DRV_011,,,223,,8,40,45,00:40,00:45,T,True
driver_availability,driver,원허,원허,DRV_011,,,223,,9,45,50,00:45,00:50,T,True
driver_availability,driver,원허,원허,DRV_011,,,223,,10,50,55,00:50,00:55,T,True
driver_availability,driver,원허,원허,DRV_011,,,223,,11,55,60,00:55,01:00,T,True
driver_availability,driver,원허,원허,DRV_011,,,223,,12,60,65,01:00,01:05,T,True
driver_availability,driver,원허,원허,DRV_011,,,223,,13,65,70,01:05,01:10,T,True
driver_availability,driver,원허,원허,DRV_011,,,223,,14,70,75,01:10,01:15,T,True
driver_availability,driver,원허,원허,DRV_011,,,223,,15,75,80,01:15,01:20,T,True
driver_availability,driver,원허,원허,DRV_011,,,223,,16,80,85,01:20,01:25,T,True
driver_availability,driver,원허,원허,DRV_011,,,223,,17,85,90,01:25,01:30,T,True
driver_availability,driver,원허,원허,DRV_011,,,223,,18,90,95,01:30,01:35,T,True
driver_availability,driver,원허,원허,DRV_011,,,223,,19,95,100,01:35,01:40,T,True
driver_availability,driver,원허,원허,DRV_011,,,223,,20,100,105,01:40,01:45,T,True
driver_availability,driver,원허,원허,DRV_011,,,223,,21,105,110,01:45,01:50,T,True
driver_availability,driver,원허,원허,DRV_011,,,223,,22,110,115,01:50,01:55,T,True
driver_availability,driver,원허,원허,DRV_011,,,223,,23,115,120,01:55,02:00,T,True
driver_availability,driver,원허,원허,DRV_011,,,223,,24,120,125,02:00,02:05,T,True
driver_availability,driver,원허,원허,DRV_011,,,223,,25,125,130,02:05,02:10,T,True
driver_availability,driver,원허,원허,DRV_011,,,223,,26,130,135,02:10,02:15,T,True
driver_availability,driver,원허,원허,DRV_011,,,223,,27,135,140,02:15,02:20,T,True
driver_availability,driver,원허,원허,DRV_011,,,223,,28,140,145,02:20,02:25,T,True
driver_availability,driver,원허,원허,DRV_011,,,223,,29,145,150,02:25,02:30,T,True
driver_availability,driver,원허,원허,DRV_011,,,223,,30,150,155,02:30,02:35,T,True
driver_availability,driver,원허,원허,DRV_011,,,223,,31,155,160,02:35,02:40,T,True
driver_availability,driver,원허,원허,DRV_011,,,223,,32,160,165,02:40,02:45,T,True
driver_availability,driver,원허,원허,DRV_011,,,223,,33,165,170,02:45,02:50,T,True
driver_availability,driver,원허,원허,DRV_011,,,223,,34,170,175,02:50,02:55,T,True
driver_availability,driver,원허,원허,DRV_011,,,223,,35,175,180,02:55,03:00,T,True
driver_availability,driver,원허,원허,DRV_011,,,223,,36,180,185,03:00,03:05,T,True
driver_availability,driver,원허,원허,DRV_011,,,223,,37,185,190,03:05,03:10,T,True
driver_availability,driver,원허,원허,DRV_011,,,223,,38,190,195,03:10,03:15,T,True
driver_availability,driver,원허,원허,DRV_011,,,223,,39,195,200,03:15,03:20,T,True
driver_availability,driver,원허,원허,DRV_011,,,223,,40,200,205,03:20,03:25,T,True
driver_availability,driver,원허,원허,DRV_011,,,223,,41,205,210,03:25,03:30,T,True
driver_availability,driver,원허,원허,DRV_011,,,223,,42,210,215,03:30,03:35,T,True
driver_availability,driver,원허,원허,DRV_011,,,223,,43,215,220,03:35,03:40,T,True
driver_availability,driver,원허,원허,DRV_011,,,223,,44,220,225,03:40,03:45,T,True
driver_availability,driver,원허,원허,DRV_011,,,223,,45,225,230,03:45,03:50,T,True
driver_availability,driver,원허,원허,DRV_011,,,223,,46,230,235,03:50,03:55,T,True
driver_availability,driver,원허,원허,DRV_011,,,223,,47,235,240,03:55,04:00,T,True
driver_availability,driver,원허,원허,DRV_011,,,223,,48,240,245,04:00,04:05,T,True
driver_availability,driver,원허,원허,DRV_011,,,223,,49,245,250,04:05,04:10,T,True
driver_availability,driver,원허,원허,DRV_011,,,223,,50,250,255,04:10,04:15,T,True
driver_availability,driver,원허,원허,DRV_011,,,223,,51,255,260,04:15,04:20,T,True
driver_availability,driver,원허,원허,DRV_011,,,223,,52,260,265,04:20,04:25,T,True
driver_availability,driver,원허,원허,DRV_011,,,223,,53,265,270,04:25,04:30,T,True
driver_availability,driver,원허,원허,DRV_011,,,223,,54,270,275,04:30,04:35,T,True
driver_availability,driver,원허,원허,DRV_011,,,223,,55,275,280,04:35,04:40,T,True
driver_availability,driver,원허,원허,DRV_011,,,223,,56,280,285,04:40,04:45,T,True
driver_availability,driver,원허,원허,DRV_011,,,223,,57,285,290,04:45,04:50,T,True
driver_availability,driver,원허,원허,DRV_011,,,223,,58,290,295,04:50,04:55,T,True
driver_availability,driver,원허,원허,DRV_011,,,223,,59,295,300,04:55,05:00,T,True
driver_availability,driver,원허,원허,DRV_011,,,223,,60,300,305,05:00,05:05,T,True
driver_availability,driver,원허,원허,DRV_011,,,223,,61,305,310,05:05,05:10,T,True
driver_availability,driver,원허,원허,DRV_011,,,223,,62,310,315,05:10,05:15,T,True
driver_availability,driver,원허,원허,DRV_011,,,223,,63,315,320,05:15,05:20,T,True
driver_availability,driver,원허,원허,DRV_011,,,223,,64,320,325,05:20,05:25,T,True
driver_availability,driver,원허,원허,DRV_011,,,223,,65,325,330,05:25,05:30,T,True
driver_availability,driver,원허,원허,DRV_011,,,223,,66,330,335,05:30,05:35,T,True
driver_availability,driver,원허,원허,DRV_011,,,223,,67,335,340,05:35,05:40,T,True
driver_availability,driver,원허,원허,DRV_011,,,223,,68,340,345,05:40,05:45,T,True
driver_availability,driver,원허,원허,DRV_011,,,223,,69,345,350,05:45,05:50,T,True
driver_availability,driver,원허,원허,DRV_011,,,223,,70,350,355,05:50,05:55,T,True
driver_availability,driver,원허,원허,DRV_011,,,223,,71,355,360,05:55,06:00,T,True
driver_availability,driver,원허,원허,DRV_011,,,223,,72,360,365,06:00,06:05,T,True
driver_availability,driver,원허,원허,DRV_011,,,223,,73,365,370,06:05,06:10,T,True
driver_availability,driver,원허,원허,DRV_011,,,223,,74,370,375,06:10,06:15,T,True
driver_availability,driver,원허,원허,DRV_011,,,223,,75,375,380,06:15,06:20,T,True
driver_availability,driver,원허,원허,DRV_011,,,223,,76,380,385,06:20,06:25,T,True
driver_availability,driver,원허,원허,DRV_011,,,223,,77,385,390,06:25,06:30,T,True
driver_availability,driver,원허,원허,DRV_011,,,223,,78,390,395,06:30,06:35,T,True
driver_availability,driver,원허,원허,DRV_011,,,223,,79,395,400,06:35,06:40,T,True
driver_availability,driver,원허,원허,DRV_011,,,223,,80,400,405,06:40,06:45,T,True
driver_availability,driver,원허,원허,DRV_011,,,223,,81,405,410,06:45,06:50,T,True
driver_availability,driver,원허,원허,DRV_011,,,223,,82,410,415,06:50,06:55,T,True
driver_availability,driver,원허,원허,DRV_011,,,223,,83,415,420,06:55,07:00,T,True
driver_availability,driver,원허,원허,DRV_011,,,223,,84,420,425,07:00,07:05,T,True
driver_availability,driver,원허,원허,DRV_011,,,223,,85,425,430,07:05,07:10,T,True
driver_availability,driver,원허,원허,DRV_011,,,223,,86,430,435,07:10,07:15,T,True
driver_availability,driver,원허,원허,DRV_011,,,223,,87,435,440,07:15,07:20,T,True
driver_availability,driver,원허,원허,DRV_011,,,223,,88,440,445,07:20,07:25,T,True
driver_availability,driver,원허,원허,DRV_011,,,223,,89,445,450,07:25,07:30,T,True
driver_availability,driver,원허,원허,DRV_011,,,223,,90,450,455,07:30,07:35,T,True
driver_availability,driver,원허,원허,DRV_011,,,223,,91,455,460,07:35,07:40,T,True
driver_availability,driver,원허,원허,DRV_011,,,223,,92,460,465,07:40,07:45,T,True
driver_availability,driver,원허,원허,DRV_011,,,223,,93,465,470,07:45,07:50,T,True
driver_availability,driver,원허,원허,DRV_011,,,223,,94,470,475,07:50,07:55,T,True
driver_availability,driver,원허,원허,DRV_011,,,223,,95,475,480,07:55,08:00,T,True
driver_availability,driver,원허,원허,DRV_011,,,223,,96,480,485,08:00,08:05,F,False
driver_availability,driver,원허,원허,DRV_011,,,223,,97,485,490,08:05,08:10,F,False
driver_availability,driver,원허,원허,DRV_011,,,223,,98,490,495,08:10,08:15,F,False
driver_availability,driver,원허,원허,DRV_011,,,223,,99,495,500,08:15,08:20,F,False
driver_availability,driver,원허,원허,DRV_011,,,223,,100,500,505,08:20,08:25,F,False
driver_availability,driver,원허,원허,DRV_011,,,223,,101,505,510,08:25,08:30,F,False
driver_availability,driver,원허,원허,DRV_011,,,223,,102,510,515,08:30,08:35,F,False
driver_availability,driver,원허,원허,DRV_011,,,223,,103,515,520,08:35,08:40,F,False
driver_availability,driver,원허,원허,DRV_011,,,223,,104,520,525,08:40,08:45,F,False
driver_availability,driver,원허,원허,DRV_011,,,223,,105,525,530,08:45,08:50,F,False
driver_availability,driver,원허,원허,DRV_011,,,223,,106,530,535,08:50,08:55,F,False
driver_availability,driver,원허,원허,DRV_011,,,223,,107,535,540,08:55,09:00,F,False
driver_availability,driver,원허,원허,DRV_011,,,223,,108,540,545,09:00,09:05,F,False
driver_availability,driver,원허,원허,DRV_011,,,223,,109,545,550,09:05,09:10,F,False
driver_availability,driver,원허,원허,DRV_011,,,223,,110,550,555,09:10,09:15,F,False
driver_availability,driver,원허,원허,DRV_011,,,223,,111,555,560,09:15,09:20,F,False
driver_availability,driver,원허,원허,DRV_011,,,223,,112,560,565,09:20,09:25,F,False
driver_availability,driver,원허,원허,DRV_011,,,223,,113,565,570,09:25,09:30,F,False
driver_availability,driver,원허,원허,DRV_011,,,223,,114,570,575,09:30,09:35,F,False
driver_availability,driver,원허,원허,DRV_011,,,223,,115,575,580,09:35,09:40,F,False
driver_availability,driver,원허,원허,DRV_011,,,223,,116,580,585,09:40,09:45,F,False
driver_availability,driver,원허,원허,DRV_011,,,223,,117,585,590,09:45,09:50,F,False
driver_availability,driver,원허,원허,DRV_011,,,223,,118,590,595,09:50,09:55,F,False
driver_availability,driver,원허,원허,DRV_011,,,223,,119,595,600,09:55,10:00,F,False
driver_availability,driver,원허,원허,DRV_011,,,223,,120,600,605,10:00,10:05,F,False
driver_availability,driver,원허,원허,DRV_011,,,223,,121,605,610,10:05,10:10,F,False
driver_availability,driver,원허,원허,DRV_011,,,223,,122,610,615,10:10,10:15,F,False
driver_availability,driver,원허,원허,DRV_011,,,223,,123,615,620,10:15,10:20,F,False
driver_availability,driver,원허,원허,DRV_011,,,223,,124,620,625,10:20,10:25,F,False
driver_availability,driver,원허,원허,DRV_011,,,223,,125,625,630,10:25,10:30,F,False
driver_availability,driver,원허,원허,DRV_011,,,223,,126,630,635,10:30,10:35,F,False
driver_availability,driver,원허,원허,DRV_011,,,223,,127,635,640,10:35,10:40,F,False
driver_availability,driver,원허,원허,DRV_011,,,223,,128,640,645,10:40,10:45,F,False
driver_availability,driver,원허,원허,DRV_011,,,223,,129,645,650,10:45,10:50,F,False
driver_availability,driver,원허,원허,DRV_011,,,223,,130,650,655,10:50,10:55,F,False
driver_availability,driver,원허,원허,DRV_011,,,223,,131,655,660,10:55,11:00,F,False
driver_availability,driver,원허,원허,DRV_011,,,223,,132,660,665,11:00,11:05,F,False
driver_availability,driver,원허,원허,DRV_011,,,223,,133,665,670,11:05,11:10,F,False
driver_availability,driver,원허,원허,DRV_011,,,223,,134,670,675,11:10,11:15,F,False
driver_availability,driver,원허,원허,DRV_011,,,223,,135,675,680,11:15,11:20,F,False
driver_availability,driver,원허,원허,DRV_011,,,223,,136,680,685,11:20,11:25,F,False
driver_availability,driver,원허,원허,DRV_011,,,223,,137,685,690,11:25,11:30,F,False
driver_availability,driver,원허,원허,DRV_011,,,223,,138,690,695,11:30,11:35,F,False
driver_availability,driver,원허,원허,DRV_011,,,223,,139,695,700,11:35,11:40,F,False
driver_availability,driver,원허,원허,DRV_011,,,223,,140,700,705,11:40,11:45,F,False
driver_availability,driver,원허,원허,DRV_011,,,223,,141,705,710,11:45,11:50,F,False
driver_availability,driver,원허,원허,DRV_011,,,223,,142,710,715,11:50,11:55,F,False
driver_availability,driver,원허,원허,DRV_011,,,223,,143,715,720,11:55,12:00,F,False
driver_availability,driver,원허,원허,DRV_011,,,223,,144,720,725,12:00,12:05,F,False
driver_availability,driver,원허,원허,DRV_011,,,223,,145,725,730,12:05,12:10,F,False
driver_availability,driver,원허,원허,DRV_011,,,223,,146,730,735,12:10,12:15,F,False
driver_availability,driver,원허,원허,DRV_011,,,223,,147,735,740,12:15,12:20,F,False
driver_availability,driver,원허,원허,DRV_011,,,223,,148,740,745,12:20,12:25,F,False
driver_availability,driver,원허,원허,DRV_011,,,223,,149,745,750,12:25,12:30,F,False
driver_availability,driver,원허,원허,DRV_011,,,223,,150,750,755,12:30,12:35,F,False
driver_availability,driver,원허,원허,DRV_011,,,223,,151,755,760,12:35,12:40,F,False
driver_availability,driver,원허,원허,DRV_011,,,223,,152,760,765,12:40,12:45,F,False
driver_availability,driver,원허,원허,DRV_011,,,223,,153,765,770,12:45,12:50,F,False
driver_availability,driver,원허,원허,DRV_011,,,223,,154,770,775,12:50,12:55,F,False
driver_availability,driver,원허,원허,DRV_011,,,223,,155,775,780,12:55,13:00,F,False
driver_availability,driver,원허,원허,DRV_011,,,223,,156,780,785,13:00,13:05,F,False
driver_availability,driver,원허,원허,DRV_011,,,223,,157,785,790,13:05,13:10,F,False
driver_availability,driver,원허,원허,DRV_011,,,223,,158,790,795,13:10,13:15,F,False
driver_availability,driver,원허,원허,DRV_011,,,223,,159,795,800,13:15,13:20,F,False
driver_availability,driver,원허,원허,DRV_011,,,223,,160,800,805,13:20,13:25,F,False
driver_availability,driver,원허,원허,DRV_011,,,223,,161,805,810,13:25,13:30,F,False
driver_availability,driver,원허,원허,DRV_011,,,223,,162,810,815,13:30,13:35,F,False
driver_availability,driver,원허,원허,DRV_011,,,223,,163,815,820,13:35,13:40,F,False
driver_availability,driver,원허,원허,DRV_011,,,223,,164,820,825,13:40,13:45,F,False
driver_availability,driver,원허,원허,DRV_011,,,223,,165,825,830,13:45,13:50,F,False
driver_availability,driver,원허,원허,DRV_011,,,223,,166,830,835,13:50,13:55,F,False
driver_availability,driver,원허,원허,DRV_011,,,223,,167,835,840,13:55,14:00,F,False
driver_availability,driver,원허,원허,DRV_011,,,223,,168,840,845,14:00,14:05,F,False
driver_availability,driver,원허,원허,DRV_011,,,223,,169,845,850,14:05,14:10,F,False
driver_availability,driver,원허,원허,DRV_011,,,223,,170,850,855,14:10,14:15,F,False
driver_availability,driver,원허,원허,DRV_011,,,223,,171,855,860,14:15,14:20,F,False
driver_availability,driver,원허,원허,DRV_011,,,223,,172,860,865,14:20,14:25,F,False
driver_availability,driver,원허,원허,DRV_011,,,223,,173,865,870,14:25,14:30,F,False
driver_availability,driver,원허,원허,DRV_011,,,223,,174,870,875,14:30,14:35,F,False
driver_availability,driver,원허,원허,DRV_011,,,223,,175,875,880,14:35,14:40,F,False
driver_availability,driver,원허,원허,DRV_011,,,223,,176,880,885,14:40,14:45,F,False
driver_availability,driver,원허,원허,DRV_011,,,223,,177,885,890,14:45,14:50,F,False
driver_availability,driver,원허,원허,DRV_011,,,223,,178,890,895,14:50,14:55,F,False
driver_availability,driver,원허,원허,DRV_011,,,223,,179,895,900,14:55,15:00,F,False
driver_availability,driver,원허,원허,DRV_011,,,223,,180,900,905,15:00,15:05,F,False
driver_availability,driver,원허,원허,DRV_011,,,223,,181,905,910,15:05,15:10,F,False
driver_availability,driver,원허,원허,DRV_011,,,223,,182,910,915,15:10,15:15,F,False
driver_availability,driver,원허,원허,DRV_011,,,223,,183,915,920,15:15,15:20,F,False
driver_availability,driver,원허,원허,DRV_011,,,223,,184,920,925,15:20,15:25,F,False
driver_availability,driver,원허,원허,DRV_011,,,223,,185,925,930,15:25,15:30,F,False
driver_availability,driver,원허,원허,DRV_011,,,223,,186,930,935,15:30,15:35,F,False
driver_availability,driver,원허,원허,DRV_011,,,223,,187,935,940,15:35,15:40,F,False
driver_availability,driver,원허,원허,DRV_011,,,223,,188,940,945,15:40,15:45,F,False
driver_availability,driver,원허,원허,DRV_011,,,223,,189,945,950,15:45,15:50,F,False
driver_availability,driver,원허,원허,DRV_011,,,223,,190,950,955,15:50,15:55,F,False
driver_availability,driver,원허,원허,DRV_011,,,223,,191,955,960,15:55,16:00,F,False
driver_availability,driver,원허,원허,DRV_011,,,223,,192,960,965,16:00,16:05,F,False
driver_availability,driver,원허,원허,DRV_011,,,223,,193,965,970,16:05,16:10,F,False
driver_availability,driver,원허,원허,DRV_011,,,223,,194,970,975,16:10,16:15,F,False
driver_availability,driver,원허,원허,DRV_011,,,223,,195,975,980,16:15,16:20,F,False
driver_availability,driver,원허,원허,DRV_011,,,223,,196,980,985,16:20,16:25,F,False
driver_availability,driver,원허,원허,DRV_011,,,223,,197,985,990,16:25,16:30,F,False
driver_availability,driver,원허,원허,DRV_011,,,223,,198,990,995,16:30,16:35,F,False
driver_availability,driver,원허,원허,DRV_011,,,223,,199,995,1000,16:35,16:40,F,False
driver_availability,driver,원허,원허,DRV_011,,,223,,200,1000,1005,16:40,16:45,F,False
driver_availability,driver,원허,원허,DRV_011,,,223,,201,1005,1010,16:45,16:50,F,False
driver_availability,driver,원허,원허,DRV_011,,,223,,202,1010,1015,16:50,16:55,F,False
driver_availability,driver,원허,원허,DRV_011,,,223,,203,1015,1020,16:55,17:00,F,False
driver_availability,driver,원허,원허,DRV_011,,,223,,204,1020,1025,17:00,17:05,T,True
driver_availability,driver,원허,원허,DRV_011,,,223,,205,1025,1030,17:05,17:10,T,True
driver_availability,driver,원허,원허,DRV_011,,,223,,206,1030,1035,17:10,17:15,T,True
driver_availability,driver,원허,원허,DRV_011,,,223,,207,1035,1040,17:15,17:20,T,True
driver_availability,driver,원허,원허,DRV_011,,,223,,208,1040,1045,17:20,17:25,T,True
driver_availability,driver,원허,원허,DRV_011,,,223,,209,1045,1050,17:25,17:30,T,True
driver_availability,driver,원허,원허,DRV_011,,,223,,210,1050,1055,17:30,17:35,T,True
driver_availability,driver,원허,원허,DRV_011,,,223,,211,1055,1060,17:35,17:40,T,True
driver_availability,driver,원허,원허,DRV_011,,,223,,212,1060,1065,17:40,17:45,T,True
driver_availability,driver,원허,원허,DRV_011,,,223,,213,1065,1070,17:45,17:50,T,True
driver_availability,driver,원허,원허,DRV_011,,,223,,214,1070,1075,17:50,17:55,T,True
driver_availability,driver,원허,원허,DRV_011,,,223,,215,1075,1080,17:55,18:00,T,True
driver_availability,driver,원허,원허,DRV_011,,,223,,216,1080,1085,18:00,18:05,T,True
driver_availability,driver,원허,원허,DRV_011,,,223,,217,1085,1090,18:05,18:10,T,True
driver_availability,driver,원허,원허,DRV_011,,,223,,218,1090,1095,18:10,18:15,T,True
driver_availability,driver,원허,원허,DRV_011,,,223,,219,1095,1100,18:15,18:20,T,True
driver_availability,driver,원허,원허,DRV_011,,,223,,220,1100,1105,18:20,18:25,T,True
driver_availability,driver,원허,원허,DRV_011,,,223,,221,1105,1110,18:25,18:30,T,True
driver_availability,driver,원허,원허,DRV_011,,,223,,222,1110,1115,18:30,18:35,T,True
driver_availability,driver,원허,원허,DRV_011,,,223,,223,1115,1120,18:35,18:40,T,True
driver_availability,driver,원허,원허,DRV_011,,,223,,224,1120,1125,18:40,18:45,T,True
driver_availability,driver,원허,원허,DRV_011,,,223,,225,1125,1130,18:45,18:50,T,True
driver_availability,driver,원허,원허,DRV_011,,,223,,226,1130,1135,18:50,18:55,T,True
driver_availability,driver,원허,원허,DRV_011,,,223,,227,1135,1140,18:55,19:00,T,True
driver_availability,driver,원허,원허,DRV_011,,,223,,228,1140,1145,19:00,19:05,T,True
driver_availability,driver,원허,원허,DRV_011,,,223,,229,1145,1150,19:05,19:10,T,True
driver_availability,driver,원허,원허,DRV_011,,,223,,230,1150,1155,19:10,19:15,T,True
driver_availability,driver,원허,원허,DRV_011,,,223,,231,1155,1160,19:15,19:20,T,True
driver_availability,driver,원허,원허,DRV_011,,,223,,232,1160,1165,19:20,19:25,T,True
driver_availability,driver,원허,원허,DRV_011,,,223,,233,1165,1170,19:25,19:30,T,True
driver_availability,driver,원허,원허,DRV_011,,,223,,234,1170,1175,19:30,19:35,T,True
driver_availability,driver,원허,원허,DRV_011,,,223,,235,1175,1180,19:35,19:40,T,True
driver_availability,driver,원허,원허,DRV_011,,,223,,236,1180,1185,19:40,19:45,T,True
driver_availability,driver,원허,원허,DRV_011,,,223,,237,1185,1190,19:45,19:50,T,True
driver_availability,driver,원허,원허,DRV_011,,,223,,238,1190,1195,19:50,19:55,T,True
driver_availability,driver,원허,원허,DRV_011,,,223,,239,1195,1200,19:55,20:00,T,True
driver_availability,driver,원허,원허,DRV_011,,,223,,240,1200,1205,20:00,20:05,T,True
driver_availability,driver,원허,원허,DRV_011,,,223,,241,1205,1210,20:05,20:10,T,True
driver_availability,driver,원허,원허,DRV_011,,,223,,242,1210,1215,20:10,20:15,T,True
driver_availability,driver,원허,원허,DRV_011,,,223,,243,1215,1220,20:15,20:20,T,True
driver_availability,driver,원허,원허,DRV_011,,,223,,244,1220,1225,20:20,20:25,T,True
driver_availability,driver,원허,원허,DRV_011,,,223,,245,1225,1230,20:25,20:30,T,True
driver_availability,driver,원허,원허,DRV_011,,,223,,246,1230,1235,20:30,20:35,T,True
driver_availability,driver,원허,원허,DRV_011,,,223,,247,1235,1240,20:35,20:40,T,True
driver_availability,driver,원허,원허,DRV_011,,,223,,248,1240,1245,20:40,20:45,T,True
driver_availability,driver,원허,원허,DRV_011,,,223,,249,1245,1250,20:45,20:50,T,True
driver_availability,driver,원허,원허,DRV_011,,,223,,250,1250,1255,20:50,20:55,T,True
driver_availability,driver,원허,원허,DRV_011,,,223,,251,1255,1260,20:55,21:00,T,True
driver_availability,driver,원허,원허,DRV_011,,,223,,252,1260,1265,21:00,21:05,T,True
driver_availability,driver,원허,원허,DRV_011,,,223,,253,1265,1270,21:05,21:10,T,True
driver_availability,driver,원허,원허,DRV_011,,,223,,254,1270,1275,21:10,21:15,T,True
driver_availability,driver,원허,원허,DRV_011,,,223,,255,1275,1280,21:15,21:20,T,True
driver_availability,driver,원허,원허,DRV_011,,,223,,256,1280,1285,21:20,21:25,T,True
driver_availability,driver,원허,원허,DRV_011,,,223,,257,1285,1290,21:25,21:30,T,True
driver_availability,driver,원허,원허,DRV_011,,,223,,258,1290,1295,21:30,21:35,T,True
driver_availability,driver,원허,원허,DRV_011,,,223,,259,1295,1300,21:35,21:40,T,True
driver_availability,driver,원허,원허,DRV_011,,,223,,260,1300,1305,21:40,21:45,T,True
driver_availability,driver,원허,원허,DRV_011,,,223,,261,1305,1310,21:45,21:50,T,True
driver_availability,driver,원허,원허,DRV_011,,,223,,262,1310,1315,21:50,21:55,T,True
driver_availability,driver,원허,원허,DRV_011,,,223,,263,1315,1320,21:55,22:00,T,True
driver_availability,driver,원허,원허,DRV_011,,,223,,264,1320,1325,22:00,22:05,T,True
driver_availability,driver,원허,원허,DRV_011,,,223,,265,1325,1330,22:05,22:10,T,True
driver_availability,driver,원허,원허,DRV_011,,,223,,266,1330,1335,22:10,22:15,T,True
driver_availability,driver,원허,원허,DRV_011,,,223,,267,1335,1340,22:15,22:20,T,True
driver_availability,driver,원허,원허,DRV_011,,,223,,268,1340,1345,22:20,22:25,T,True
driver_availability,driver,원허,원허,DRV_011,,,223,,269,1345,1350,22:25,22:30,T,True
driver_availability,driver,원허,원허,DRV_011,,,223,,270,1350,1355,22:30,22:35,T,True
driver_availability,driver,원허,원허,DRV_011,,,223,,271,1355,1360,22:35,22:40,T,True
driver_availability,driver,원허,원허,DRV_011,,,223,,272,1360,1365,22:40,22:45,T,True
driver_availability,driver,원허,원허,DRV_011,,,223,,273,1365,1370,22:45,22:50,T,True
driver_availability,driver,원허,원허,DRV_011,,,223,,274,1370,1375,22:50,22:55,T,True
driver_availability,driver,원허,원허,DRV_011,,,223,,275,1375,1380,22:55,23:00,T,True
driver_availability,driver,원허,원허,DRV_011,,,223,,276,1380,1385,23:00,23:05,T,True
driver_availability,driver,원허,원허,DRV_011,,,223,,277,1385,1390,23:05,23:10,T,True
driver_availability,driver,원허,원허,DRV_011,,,223,,278,1390,1395,23:10,23:15,T,True
driver_availability,driver,원허,원허,DRV_011,,,223,,279,1395,1400,23:15,23:20,T,True
driver_availability,driver,원허,원허,DRV_011,,,223,,280,1400,1405,23:20,23:25,T,True
driver_availability,driver,원허,원허,DRV_011,,,223,,281,1405,1410,23:25,23:30,T,True
driver_availability,driver,원허,원허,DRV_011,,,223,,282,1410,1415,23:30,23:35,T,True
driver_availability,driver,원허,원허,DRV_011,,,223,,283,1415,1420,23:35,23:40,T,True
driver_availability,driver,원허,원허,DRV_011,,,223,,284,1420,1425,23:40,23:45,T,True
driver_availability,driver,원허,원허,DRV_011,,,223,,285,1425,1430,23:45,23:50,T,True
driver_availability,driver,원허,원허,DRV_011,,,223,,286,1430,1435,23:50,23:55,T,True
driver_availability,driver,원허,원허,DRV_011,,,223,,287,1435,1440,23:55,24:00,T,True
driver_availability,driver,허환준,허환준,DRV_012,,,111,휴가,0,0,5,00:00,00:05,F,False
driver_availability,driver,허환준,허환준,DRV_012,,,111,휴가,1,5,10,00:05,00:10,F,False
driver_availability,driver,허환준,허환준,DRV_012,,,111,휴가,2,10,15,00:10,00:15,F,False
driver_availability,driver,허환준,허환준,DRV_012,,,111,휴가,3,15,20,00:15,00:20,F,False
driver_availability,driver,허환준,허환준,DRV_012,,,111,휴가,4,20,25,00:20,00:25,F,False
driver_availability,driver,허환준,허환준,DRV_012,,,111,휴가,5,25,30,00:25,00:30,F,False
driver_availability,driver,허환준,허환준,DRV_012,,,111,휴가,6,30,35,00:30,00:35,F,False
driver_availability,driver,허환준,허환준,DRV_012,,,111,휴가,7,35,40,00:35,00:40,F,False
driver_availability,driver,허환준,허환준,DRV_012,,,111,휴가,8,40,45,00:40,00:45,F,False
driver_availability,driver,허환준,허환준,DRV_012,,,111,휴가,9,45,50,00:45,00:50,F,False
driver_availability,driver,허환준,허환준,DRV_012,,,111,휴가,10,50,55,00:50,00:55,F,False
driver_availability,driver,허환준,허환준,DRV_012,,,111,휴가,11,55,60,00:55,01:00,F,False
driver_availability,driver,허환준,허환준,DRV_012,,,111,휴가,12,60,65,01:00,01:05,F,False
driver_availability,driver,허환준,허환준,DRV_012,,,111,휴가,13,65,70,01:05,01:10,F,False
driver_availability,driver,허환준,허환준,DRV_012,,,111,휴가,14,70,75,01:10,01:15,F,False
driver_availability,driver,허환준,허환준,DRV_012,,,111,휴가,15,75,80,01:15,01:20,F,False
driver_availability,driver,허환준,허환준,DRV_012,,,111,휴가,16,80,85,01:20,01:25,F,False
driver_availability,driver,허환준,허환준,DRV_012,,,111,휴가,17,85,90,01:25,01:30,F,False
driver_availability,driver,허환준,허환준,DRV_012,,,111,휴가,18,90,95,01:30,01:35,F,False
driver_availability,driver,허환준,허환준,DRV_012,,,111,휴가,19,95,100,01:35,01:40,F,False
driver_availability,driver,허환준,허환준,DRV_012,,,111,휴가,20,100,105,01:40,01:45,F,False
driver_availability,driver,허환준,허환준,DRV_012,,,111,휴가,21,105,110,01:45,01:50,F,False
driver_availability,driver,허환준,허환준,DRV_012,,,111,휴가,22,110,115,01:50,01:55,F,False
driver_availability,driver,허환준,허환준,DRV_012,,,111,휴가,23,115,120,01:55,02:00,F,False
driver_availability,driver,허환준,허환준,DRV_012,,,111,휴가,24,120,125,02:00,02:05,F,False
driver_availability,driver,허환준,허환준,DRV_012,,,111,휴가,25,125,130,02:05,02:10,F,False
driver_availability,driver,허환준,허환준,DRV_012,,,111,휴가,26,130,135,02:10,02:15,F,False
driver_availability,driver,허환준,허환준,DRV_012,,,111,휴가,27,135,140,02:15,02:20,F,False
driver_availability,driver,허환준,허환준,DRV_012,,,111,휴가,28,140,145,02:20,02:25,F,False
driver_availability,driver,허환준,허환준,DRV_012,,,111,휴가,29,145,150,02:25,02:30,F,False
driver_availability,driver,허환준,허환준,DRV_012,,,111,휴가,30,150,155,02:30,02:35,F,False
driver_availability,driver,허환준,허환준,DRV_012,,,111,휴가,31,155,160,02:35,02:40,F,False
driver_availability,driver,허환준,허환준,DRV_012,,,111,휴가,32,160,165,02:40,02:45,F,False
driver_availability,driver,허환준,허환준,DRV_012,,,111,휴가,33,165,170,02:45,02:50,F,False
driver_availability,driver,허환준,허환준,DRV_012,,,111,휴가,34,170,175,02:50,02:55,F,False
driver_availability,driver,허환준,허환준,DRV_012,,,111,휴가,35,175,180,02:55,03:00,F,False
driver_availability,driver,허환준,허환준,DRV_012,,,111,휴가,36,180,185,03:00,03:05,F,False
driver_availability,driver,허환준,허환준,DRV_012,,,111,휴가,37,185,190,03:05,03:10,F,False
driver_availability,driver,허환준,허환준,DRV_012,,,111,휴가,38,190,195,03:10,03:15,F,False
driver_availability,driver,허환준,허환준,DRV_012,,,111,휴가,39,195,200,03:15,03:20,F,False
driver_availability,driver,허환준,허환준,DRV_012,,,111,휴가,40,200,205,03:20,03:25,F,False
driver_availability,driver,허환준,허환준,DRV_012,,,111,휴가,41,205,210,03:25,03:30,F,False
driver_availability,driver,허환준,허환준,DRV_012,,,111,휴가,42,210,215,03:30,03:35,F,False
driver_availability,driver,허환준,허환준,DRV_012,,,111,휴가,43,215,220,03:35,03:40,F,False
driver_availability,driver,허환준,허환준,DRV_012,,,111,휴가,44,220,225,03:40,03:45,F,False
driver_availability,driver,허환준,허환준,DRV_012,,,111,휴가,45,225,230,03:45,03:50,F,False
driver_availability,driver,허환준,허환준,DRV_012,,,111,휴가,46,230,235,03:50,03:55,F,False
driver_availability,driver,허환준,허환준,DRV_012,,,111,휴가,47,235,240,03:55,04:00,F,False
driver_availability,driver,허환준,허환준,DRV_012,,,111,휴가,48,240,245,04:00,04:05,F,False
driver_availability,driver,허환준,허환준,DRV_012,,,111,휴가,49,245,250,04:05,04:10,F,False
driver_availability,driver,허환준,허환준,DRV_012,,,111,휴가,50,250,255,04:10,04:15,F,False
driver_availability,driver,허환준,허환준,DRV_012,,,111,휴가,51,255,260,04:15,04:20,F,False
driver_availability,driver,허환준,허환준,DRV_012,,,111,휴가,52,260,265,04:20,04:25,F,False
driver_availability,driver,허환준,허환준,DRV_012,,,111,휴가,53,265,270,04:25,04:30,F,False
driver_availability,driver,허환준,허환준,DRV_012,,,111,휴가,54,270,275,04:30,04:35,F,False
driver_availability,driver,허환준,허환준,DRV_012,,,111,휴가,55,275,280,04:35,04:40,F,False
driver_availability,driver,허환준,허환준,DRV_012,,,111,휴가,56,280,285,04:40,04:45,F,False
driver_availability,driver,허환준,허환준,DRV_012,,,111,휴가,57,285,290,04:45,04:50,F,False
driver_availability,driver,허환준,허환준,DRV_012,,,111,휴가,58,290,295,04:50,04:55,F,False
driver_availability,driver,허환준,허환준,DRV_012,,,111,휴가,59,295,300,04:55,05:00,F,False
driver_availability,driver,허환준,허환준,DRV_012,,,111,휴가,60,300,305,05:00,05:05,F,False
driver_availability,driver,허환준,허환준,DRV_012,,,111,휴가,61,305,310,05:05,05:10,F,False
driver_availability,driver,허환준,허환준,DRV_012,,,111,휴가,62,310,315,05:10,05:15,F,False
driver_availability,driver,허환준,허환준,DRV_012,,,111,휴가,63,315,320,05:15,05:20,F,False
driver_availability,driver,허환준,허환준,DRV_012,,,111,휴가,64,320,325,05:20,05:25,F,False
driver_availability,driver,허환준,허환준,DRV_012,,,111,휴가,65,325,330,05:25,05:30,F,False
driver_availability,driver,허환준,허환준,DRV_012,,,111,휴가,66,330,335,05:30,05:35,F,False
driver_availability,driver,허환준,허환준,DRV_012,,,111,휴가,67,335,340,05:35,05:40,F,False
driver_availability,driver,허환준,허환준,DRV_012,,,111,휴가,68,340,345,05:40,05:45,F,False
driver_availability,driver,허환준,허환준,DRV_012,,,111,휴가,69,345,350,05:45,05:50,F,False
driver_availability,driver,허환준,허환준,DRV_012,,,111,휴가,70,350,355,05:50,05:55,F,False
driver_availability,driver,허환준,허환준,DRV_012,,,111,휴가,71,355,360,05:55,06:00,F,False
driver_availability,driver,허환준,허환준,DRV_012,,,111,휴가,72,360,365,06:00,06:05,F,False
driver_availability,driver,허환준,허환준,DRV_012,,,111,휴가,73,365,370,06:05,06:10,F,False
driver_availability,driver,허환준,허환준,DRV_012,,,111,휴가,74,370,375,06:10,06:15,F,False
driver_availability,driver,허환준,허환준,DRV_012,,,111,휴가,75,375,380,06:15,06:20,F,False
driver_availability,driver,허환준,허환준,DRV_012,,,111,휴가,76,380,385,06:20,06:25,F,False
driver_availability,driver,허환준,허환준,DRV_012,,,111,휴가,77,385,390,06:25,06:30,F,False
driver_availability,driver,허환준,허환준,DRV_012,,,111,휴가,78,390,395,06:30,06:35,F,False
driver_availability,driver,허환준,허환준,DRV_012,,,111,휴가,79,395,400,06:35,06:40,F,False
driver_availability,driver,허환준,허환준,DRV_012,,,111,휴가,80,400,405,06:40,06:45,F,False
driver_availability,driver,허환준,허환준,DRV_012,,,111,휴가,81,405,410,06:45,06:50,F,False
driver_availability,driver,허환준,허환준,DRV_012,,,111,휴가,82,410,415,06:50,06:55,F,False
driver_availability,driver,허환준,허환준,DRV_012,,,111,휴가,83,415,420,06:55,07:00,F,False
driver_availability,driver,허환준,허환준,DRV_012,,,111,휴가,84,420,425,07:00,07:05,F,False
driver_availability,driver,허환준,허환준,DRV_012,,,111,휴가,85,425,430,07:05,07:10,F,False
driver_availability,driver,허환준,허환준,DRV_012,,,111,휴가,86,430,435,07:10,07:15,F,False
driver_availability,driver,허환준,허환준,DRV_012,,,111,휴가,87,435,440,07:15,07:20,F,False
driver_availability,driver,허환준,허환준,DRV_012,,,111,휴가,88,440,445,07:20,07:25,F,False
driver_availability,driver,허환준,허환준,DRV_012,,,111,휴가,89,445,450,07:25,07:30,F,False
driver_availability,driver,허환준,허환준,DRV_012,,,111,휴가,90,450,455,07:30,07:35,F,False
driver_availability,driver,허환준,허환준,DRV_012,,,111,휴가,91,455,460,07:35,07:40,F,False
driver_availability,driver,허환준,허환준,DRV_012,,,111,휴가,92,460,465,07:40,07:45,F,False
driver_availability,driver,허환준,허환준,DRV_012,,,111,휴가,93,465,470,07:45,07:50,F,False
driver_availability,driver,허환준,허환준,DRV_012,,,111,휴가,94,470,475,07:50,07:55,F,False
driver_availability,driver,허환준,허환준,DRV_012,,,111,휴가,95,475,480,07:55,08:00,F,False
driver_availability,driver,허환준,허환준,DRV_012,,,111,휴가,96,480,485,08:00,08:05,F,False
driver_availability,driver,허환준,허환준,DRV_012,,,111,휴가,97,485,490,08:05,08:10,F,False
driver_availability,driver,허환준,허환준,DRV_012,,,111,휴가,98,490,495,08:10,08:15,F,False
driver_availability,driver,허환준,허환준,DRV_012,,,111,휴가,99,495,500,08:15,08:20,F,False
driver_availability,driver,허환준,허환준,DRV_012,,,111,휴가,100,500,505,08:20,08:25,F,False
driver_availability,driver,허환준,허환준,DRV_012,,,111,휴가,101,505,510,08:25,08:30,F,False
driver_availability,driver,허환준,허환준,DRV_012,,,111,휴가,102,510,515,08:30,08:35,F,False
driver_availability,driver,허환준,허환준,DRV_012,,,111,휴가,103,515,520,08:35,08:40,F,False
driver_availability,driver,허환준,허환준,DRV_012,,,111,휴가,104,520,525,08:40,08:45,F,False
driver_availability,driver,허환준,허환준,DRV_012,,,111,휴가,105,525,530,08:45,08:50,F,False
driver_availability,driver,허환준,허환준,DRV_012,,,111,휴가,106,530,535,08:50,08:55,F,False
driver_availability,driver,허환준,허환준,DRV_012,,,111,휴가,107,535,540,08:55,09:00,F,False
driver_availability,driver,허환준,허환준,DRV_012,,,111,휴가,108,540,545,09:00,09:05,F,False
driver_availability,driver,허환준,허환준,DRV_012,,,111,휴가,109,545,550,09:05,09:10,F,False
driver_availability,driver,허환준,허환준,DRV_012,,,111,휴가,110,550,555,09:10,09:15,F,False
driver_availability,driver,허환준,허환준,DRV_012,,,111,휴가,111,555,560,09:15,09:20,F,False
driver_availability,driver,허환준,허환준,DRV_012,,,111,휴가,112,560,565,09:20,09:25,F,False
driver_availability,driver,허환준,허환준,DRV_012,,,111,휴가,113,565,570,09:25,09:30,F,False
driver_availability,driver,허환준,허환준,DRV_012,,,111,휴가,114,570,575,09:30,09:35,F,False
driver_availability,driver,허환준,허환준,DRV_012,,,111,휴가,115,575,580,09:35,09:40,F,False
driver_availability,driver,허환준,허환준,DRV_012,,,111,휴가,116,580,585,09:40,09:45,F,False
driver_availability,driver,허환준,허환준,DRV_012,,,111,휴가,117,585,590,09:45,09:50,F,False
driver_availability,driver,허환준,허환준,DRV_012,,,111,휴가,118,590,595,09:50,09:55,F,False
driver_availability,driver,허환준,허환준,DRV_012,,,111,휴가,119,595,600,09:55,10:00,F,False
driver_availability,driver,허환준,허환준,DRV_012,,,111,휴가,120,600,605,10:00,10:05,F,False
driver_availability,driver,허환준,허환준,DRV_012,,,111,휴가,121,605,610,10:05,10:10,F,False
driver_availability,driver,허환준,허환준,DRV_012,,,111,휴가,122,610,615,10:10,10:15,F,False
driver_availability,driver,허환준,허환준,DRV_012,,,111,휴가,123,615,620,10:15,10:20,F,False
driver_availability,driver,허환준,허환준,DRV_012,,,111,휴가,124,620,625,10:20,10:25,F,False
driver_availability,driver,허환준,허환준,DRV_012,,,111,휴가,125,625,630,10:25,10:30,F,False
driver_availability,driver,허환준,허환준,DRV_012,,,111,휴가,126,630,635,10:30,10:35,F,False
driver_availability,driver,허환준,허환준,DRV_012,,,111,휴가,127,635,640,10:35,10:40,F,False
driver_availability,driver,허환준,허환준,DRV_012,,,111,휴가,128,640,645,10:40,10:45,F,False
driver_availability,driver,허환준,허환준,DRV_012,,,111,휴가,129,645,650,10:45,10:50,F,False
driver_availability,driver,허환준,허환준,DRV_012,,,111,휴가,130,650,655,10:50,10:55,F,False
driver_availability,driver,허환준,허환준,DRV_012,,,111,휴가,131,655,660,10:55,11:00,F,False
driver_availability,driver,허환준,허환준,DRV_012,,,111,휴가,132,660,665,11:00,11:05,F,False
driver_availability,driver,허환준,허환준,DRV_012,,,111,휴가,133,665,670,11:05,11:10,F,False
driver_availability,driver,허환준,허환준,DRV_012,,,111,휴가,134,670,675,11:10,11:15,F,False
driver_availability,driver,허환준,허환준,DRV_012,,,111,휴가,135,675,680,11:15,11:20,F,False
driver_availability,driver,허환준,허환준,DRV_012,,,111,휴가,136,680,685,11:20,11:25,F,False
driver_availability,driver,허환준,허환준,DRV_012,,,111,휴가,137,685,690,11:25,11:30,F,False
driver_availability,driver,허환준,허환준,DRV_012,,,111,휴가,138,690,695,11:30,11:35,F,False
driver_availability,driver,허환준,허환준,DRV_012,,,111,휴가,139,695,700,11:35,11:40,F,False
driver_availability,driver,허환준,허환준,DRV_012,,,111,휴가,140,700,705,11:40,11:45,F,False
driver_availability,driver,허환준,허환준,DRV_012,,,111,휴가,141,705,710,11:45,11:50,F,False
driver_availability,driver,허환준,허환준,DRV_012,,,111,휴가,142,710,715,11:50,11:55,F,False
driver_availability,driver,허환준,허환준,DRV_012,,,111,휴가,143,715,720,11:55,12:00,F,False
driver_availability,driver,허환준,허환준,DRV_012,,,111,휴가,144,720,725,12:00,12:05,F,False
driver_availability,driver,허환준,허환준,DRV_012,,,111,휴가,145,725,730,12:05,12:10,F,False
driver_availability,driver,허환준,허환준,DRV_012,,,111,휴가,146,730,735,12:10,12:15,F,False
driver_availability,driver,허환준,허환준,DRV_012,,,111,휴가,147,735,740,12:15,12:20,F,False
driver_availability,driver,허환준,허환준,DRV_012,,,111,휴가,148,740,745,12:20,12:25,F,False
driver_availability,driver,허환준,허환준,DRV_012,,,111,휴가,149,745,750,12:25,12:30,F,False
driver_availability,driver,허환준,허환준,DRV_012,,,111,휴가,150,750,755,12:30,12:35,F,False
driver_availability,driver,허환준,허환준,DRV_012,,,111,휴가,151,755,760,12:35,12:40,F,False
driver_availability,driver,허환준,허환준,DRV_012,,,111,휴가,152,760,765,12:40,12:45,F,False
driver_availability,driver,허환준,허환준,DRV_012,,,111,휴가,153,765,770,12:45,12:50,F,False
driver_availability,driver,허환준,허환준,DRV_012,,,111,휴가,154,770,775,12:50,12:55,F,False
driver_availability,driver,허환준,허환준,DRV_012,,,111,휴가,155,775,780,12:55,13:00,F,False
driver_availability,driver,허환준,허환준,DRV_012,,,111,휴가,156,780,785,13:00,13:05,F,False
driver_availability,driver,허환준,허환준,DRV_012,,,111,휴가,157,785,790,13:05,13:10,F,False
driver_availability,driver,허환준,허환준,DRV_012,,,111,휴가,158,790,795,13:10,13:15,F,False
driver_availability,driver,허환준,허환준,DRV_012,,,111,휴가,159,795,800,13:15,13:20,F,False
driver_availability,driver,허환준,허환준,DRV_012,,,111,휴가,160,800,805,13:20,13:25,F,False
driver_availability,driver,허환준,허환준,DRV_012,,,111,휴가,161,805,810,13:25,13:30,F,False
driver_availability,driver,허환준,허환준,DRV_012,,,111,휴가,162,810,815,13:30,13:35,F,False
driver_availability,driver,허환준,허환준,DRV_012,,,111,휴가,163,815,820,13:35,13:40,F,False
driver_availability,driver,허환준,허환준,DRV_012,,,111,휴가,164,820,825,13:40,13:45,F,False
driver_availability,driver,허환준,허환준,DRV_012,,,111,휴가,165,825,830,13:45,13:50,F,False
driver_availability,driver,허환준,허환준,DRV_012,,,111,휴가,166,830,835,13:50,13:55,F,False
driver_availability,driver,허환준,허환준,DRV_012,,,111,휴가,167,835,840,13:55,14:00,F,False
driver_availability,driver,허환준,허환준,DRV_012,,,111,휴가,168,840,845,14:00,14:05,F,False
driver_availability,driver,허환준,허환준,DRV_012,,,111,휴가,169,845,850,14:05,14:10,F,False
driver_availability,driver,허환준,허환준,DRV_012,,,111,휴가,170,850,855,14:10,14:15,F,False
driver_availability,driver,허환준,허환준,DRV_012,,,111,휴가,171,855,860,14:15,14:20,F,False
driver_availability,driver,허환준,허환준,DRV_012,,,111,휴가,172,860,865,14:20,14:25,F,False
driver_availability,driver,허환준,허환준,DRV_012,,,111,휴가,173,865,870,14:25,14:30,F,False
driver_availability,driver,허환준,허환준,DRV_012,,,111,휴가,174,870,875,14:30,14:35,F,False
driver_availability,driver,허환준,허환준,DRV_012,,,111,휴가,175,875,880,14:35,14:40,F,False
driver_availability,driver,허환준,허환준,DRV_012,,,111,휴가,176,880,885,14:40,14:45,F,False
driver_availability,driver,허환준,허환준,DRV_012,,,111,휴가,177,885,890,14:45,14:50,F,False
driver_availability,driver,허환준,허환준,DRV_012,,,111,휴가,178,890,895,14:50,14:55,F,False
driver_availability,driver,허환준,허환준,DRV_012,,,111,휴가,179,895,900,14:55,15:00,F,False
driver_availability,driver,허환준,허환준,DRV_012,,,111,휴가,180,900,905,15:00,15:05,F,False
driver_availability,driver,허환준,허환준,DRV_012,,,111,휴가,181,905,910,15:05,15:10,F,False
driver_availability,driver,허환준,허환준,DRV_012,,,111,휴가,182,910,915,15:10,15:15,F,False
driver_availability,driver,허환준,허환준,DRV_012,,,111,휴가,183,915,920,15:15,15:20,F,False
driver_availability,driver,허환준,허환준,DRV_012,,,111,휴가,184,920,925,15:20,15:25,F,False
driver_availability,driver,허환준,허환준,DRV_012,,,111,휴가,185,925,930,15:25,15:30,F,False
driver_availability,driver,허환준,허환준,DRV_012,,,111,휴가,186,930,935,15:30,15:35,F,False
driver_availability,driver,허환준,허환준,DRV_012,,,111,휴가,187,935,940,15:35,15:40,F,False
driver_availability,driver,허환준,허환준,DRV_012,,,111,휴가,188,940,945,15:40,15:45,F,False
driver_availability,driver,허환준,허환준,DRV_012,,,111,휴가,189,945,950,15:45,15:50,F,False
driver_availability,driver,허환준,허환준,DRV_012,,,111,휴가,190,950,955,15:50,15:55,F,False
driver_availability,driver,허환준,허환준,DRV_012,,,111,휴가,191,955,960,15:55,16:00,F,False
driver_availability,driver,허환준,허환준,DRV_012,,,111,휴가,192,960,965,16:00,16:05,F,False
driver_availability,driver,허환준,허환준,DRV_012,,,111,휴가,193,965,970,16:05,16:10,F,False
driver_availability,driver,허환준,허환준,DRV_012,,,111,휴가,194,970,975,16:10,16:15,F,False
driver_availability,driver,허환준,허환준,DRV_012,,,111,휴가,195,975,980,16:15,16:20,F,False
driver_availability,driver,허환준,허환준,DRV_012,,,111,휴가,196,980,985,16:20,16:25,F,False
driver_availability,driver,허환준,허환준,DRV_012,,,111,휴가,197,985,990,16:25,16:30,F,False
driver_availability,driver,허환준,허환준,DRV_012,,,111,휴가,198,990,995,16:30,16:35,F,False
driver_availability,driver,허환준,허환준,DRV_012,,,111,휴가,199,995,1000,16:35,16:40,F,False
driver_availability,driver,허환준,허환준,DRV_012,,,111,휴가,200,1000,1005,16:40,16:45,F,False
driver_availability,driver,허환준,허환준,DRV_012,,,111,휴가,201,1005,1010,16:45,16:50,F,False
driver_availability,driver,허환준,허환준,DRV_012,,,111,휴가,202,1010,1015,16:50,16:55,F,False
driver_availability,driver,허환준,허환준,DRV_012,,,111,휴가,203,1015,1020,16:55,17:00,F,False
driver_availability,driver,허환준,허환준,DRV_012,,,111,휴가,204,1020,1025,17:00,17:05,F,False
driver_availability,driver,허환준,허환준,DRV_012,,,111,휴가,205,1025,1030,17:05,17:10,F,False
driver_availability,driver,허환준,허환준,DRV_012,,,111,휴가,206,1030,1035,17:10,17:15,F,False
driver_availability,driver,허환준,허환준,DRV_012,,,111,휴가,207,1035,1040,17:15,17:20,F,False
driver_availability,driver,허환준,허환준,DRV_012,,,111,휴가,208,1040,1045,17:20,17:25,F,False
driver_availability,driver,허환준,허환준,DRV_012,,,111,휴가,209,1045,1050,17:25,17:30,F,False
driver_availability,driver,허환준,허환준,DRV_012,,,111,휴가,210,1050,1055,17:30,17:35,F,False
driver_availability,driver,허환준,허환준,DRV_012,,,111,휴가,211,1055,1060,17:35,17:40,F,False
driver_availability,driver,허환준,허환준,DRV_012,,,111,휴가,212,1060,1065,17:40,17:45,F,False
driver_availability,driver,허환준,허환준,DRV_012,,,111,휴가,213,1065,1070,17:45,17:50,F,False
driver_availability,driver,허환준,허환준,DRV_012,,,111,휴가,214,1070,1075,17:50,17:55,F,False
driver_availability,driver,허환준,허환준,DRV_012,,,111,휴가,215,1075,1080,17:55,18:00,F,False
driver_availability,driver,허환준,허환준,DRV_012,,,111,휴가,216,1080,1085,18:00,18:05,F,False
driver_availability,driver,허환준,허환준,DRV_012,,,111,휴가,217,1085,1090,18:05,18:10,F,False
driver_availability,driver,허환준,허환준,DRV_012,,,111,휴가,218,1090,1095,18:10,18:15,F,False
driver_availability,driver,허환준,허환준,DRV_012,,,111,휴가,219,1095,1100,18:15,18:20,F,False
driver_availability,driver,허환준,허환준,DRV_012,,,111,휴가,220,1100,1105,18:20,18:25,F,False
driver_availability,driver,허환준,허환준,DRV_012,,,111,휴가,221,1105,1110,18:25,18:30,F,False
driver_availability,driver,허환준,허환준,DRV_012,,,111,휴가,222,1110,1115,18:30,18:35,F,False
driver_availability,driver,허환준,허환준,DRV_012,,,111,휴가,223,1115,1120,18:35,18:40,F,False
driver_availability,driver,허환준,허환준,DRV_012,,,111,휴가,224,1120,1125,18:40,18:45,F,False
driver_availability,driver,허환준,허환준,DRV_012,,,111,휴가,225,1125,1130,18:45,18:50,F,False
driver_availability,driver,허환준,허환준,DRV_012,,,111,휴가,226,1130,1135,18:50,18:55,F,False
driver_availability,driver,허환준,허환준,DRV_012,,,111,휴가,227,1135,1140,18:55,19:00,F,False
driver_availability,driver,허환준,허환준,DRV_012,,,111,휴가,228,1140,1145,19:00,19:05,F,False
driver_availability,driver,허환준,허환준,DRV_012,,,111,휴가,229,1145,1150,19:05,19:10,F,False
driver_availability,driver,허환준,허환준,DRV_012,,,111,휴가,230,1150,1155,19:10,19:15,F,False
driver_availability,driver,허환준,허환준,DRV_012,,,111,휴가,231,1155,1160,19:15,19:20,F,False
driver_availability,driver,허환준,허환준,DRV_012,,,111,휴가,232,1160,1165,19:20,19:25,F,False
driver_availability,driver,허환준,허환준,DRV_012,,,111,휴가,233,1165,1170,19:25,19:30,F,False
driver_availability,driver,허환준,허환준,DRV_012,,,111,휴가,234,1170,1175,19:30,19:35,F,False
driver_availability,driver,허환준,허환준,DRV_012,,,111,휴가,235,1175,1180,19:35,19:40,F,False
driver_availability,driver,허환준,허환준,DRV_012,,,111,휴가,236,1180,1185,19:40,19:45,F,False
driver_availability,driver,허환준,허환준,DRV_012,,,111,휴가,237,1185,1190,19:45,19:50,F,False
driver_availability,driver,허환준,허환준,DRV_012,,,111,휴가,238,1190,1195,19:50,19:55,F,False
driver_availability,driver,허환준,허환준,DRV_012,,,111,휴가,239,1195,1200,19:55,20:00,F,False
driver_availability,driver,허환준,허환준,DRV_012,,,111,휴가,240,1200,1205,20:00,20:05,F,False
driver_availability,driver,허환준,허환준,DRV_012,,,111,휴가,241,1205,1210,20:05,20:10,F,False
driver_availability,driver,허환준,허환준,DRV_012,,,111,휴가,242,1210,1215,20:10,20:15,F,False
driver_availability,driver,허환준,허환준,DRV_012,,,111,휴가,243,1215,1220,20:15,20:20,F,False
driver_availability,driver,허환준,허환준,DRV_012,,,111,휴가,244,1220,1225,20:20,20:25,F,False
driver_availability,driver,허환준,허환준,DRV_012,,,111,휴가,245,1225,1230,20:25,20:30,F,False
driver_availability,driver,허환준,허환준,DRV_012,,,111,휴가,246,1230,1235,20:30,20:35,F,False
driver_availability,driver,허환준,허환준,DRV_012,,,111,휴가,247,1235,1240,20:35,20:40,F,False
driver_availability,driver,허환준,허환준,DRV_012,,,111,휴가,248,1240,1245,20:40,20:45,F,False
driver_availability,driver,허환준,허환준,DRV_012,,,111,휴가,249,1245,1250,20:45,20:50,F,False
driver_availability,driver,허환준,허환준,DRV_012,,,111,휴가,250,1250,1255,20:50,20:55,F,False
driver_availability,driver,허환준,허환준,DRV_012,,,111,휴가,251,1255,1260,20:55,21:00,F,False
driver_availability,driver,허환준,허환준,DRV_012,,,111,휴가,252,1260,1265,21:00,21:05,F,False
driver_availability,driver,허환준,허환준,DRV_012,,,111,휴가,253,1265,1270,21:05,21:10,F,False
driver_availability,driver,허환준,허환준,DRV_012,,,111,휴가,254,1270,1275,21:10,21:15,F,False
driver_availability,driver,허환준,허환준,DRV_012,,,111,휴가,255,1275,1280,21:15,21:20,F,False
driver_availability,driver,허환준,허환준,DRV_012,,,111,휴가,256,1280,1285,21:20,21:25,F,False
driver_availability,driver,허환준,허환준,DRV_012,,,111,휴가,257,1285,1290,21:25,21:30,F,False
driver_availability,driver,허환준,허환준,DRV_012,,,111,휴가,258,1290,1295,21:30,21:35,F,False
driver_availability,driver,허환준,허환준,DRV_012,,,111,휴가,259,1295,1300,21:35,21:40,F,False
driver_availability,driver,허환준,허환준,DRV_012,,,111,휴가,260,1300,1305,21:40,21:45,F,False
driver_availability,driver,허환준,허환준,DRV_012,,,111,휴가,261,1305,1310,21:45,21:50,F,False
driver_availability,driver,허환준,허환준,DRV_012,,,111,휴가,262,1310,1315,21:50,21:55,F,False
driver_availability,driver,허환준,허환준,DRV_012,,,111,휴가,263,1315,1320,21:55,22:00,F,False
driver_availability,driver,허환준,허환준,DRV_012,,,111,휴가,264,1320,1325,22:00,22:05,F,False
driver_availability,driver,허환준,허환준,DRV_012,,,111,휴가,265,1325,1330,22:05,22:10,F,False
driver_availability,driver,허환준,허환준,DRV_012,,,111,휴가,266,1330,1335,22:10,22:15,F,False
driver_availability,driver,허환준,허환준,DRV_012,,,111,휴가,267,1335,1340,22:15,22:20,F,False
driver_availability,driver,허환준,허환준,DRV_012,,,111,휴가,268,1340,1345,22:20,22:25,F,False
driver_availability,driver,허환준,허환준,DRV_012,,,111,휴가,269,1345,1350,22:25,22:30,F,False
driver_availability,driver,허환준,허환준,DRV_012,,,111,휴가,270,1350,1355,22:30,22:35,F,False
driver_availability,driver,허환준,허환준,DRV_012,,,111,휴가,271,1355,1360,22:35,22:40,F,False
driver_availability,driver,허환준,허환준,DRV_012,,,111,휴가,272,1360,1365,22:40,22:45,F,False
driver_availability,driver,허환준,허환준,DRV_012,,,111,휴가,273,1365,1370,22:45,22:50,F,False
driver_availability,driver,허환준,허환준,DRV_012,,,111,휴가,274,1370,1375,22:50,22:55,F,False
driver_availability,driver,허환준,허환준,DRV_012,,,111,휴가,275,1375,1380,22:55,23:00,F,False
driver_availability,driver,허환준,허환준,DRV_012,,,111,휴가,276,1380,1385,23:00,23:05,F,False
driver_availability,driver,허환준,허환준,DRV_012,,,111,휴가,277,1385,1390,23:05,23:10,F,False
driver_availability,driver,허환준,허환준,DRV_012,,,111,휴가,278,1390,1395,23:10,23:15,F,False
driver_availability,driver,허환준,허환준,DRV_012,,,111,휴가,279,1395,1400,23:15,23:20,F,False
driver_availability,driver,허환준,허환준,DRV_012,,,111,휴가,280,1400,1405,23:20,23:25,F,False
driver_availability,driver,허환준,허환준,DRV_012,,,111,휴가,281,1405,1410,23:25,23:30,F,False
driver_availability,driver,허환준,허환준,DRV_012,,,111,휴가,282,1410,1415,23:30,23:35,F,False
driver_availability,driver,허환준,허환준,DRV_012,,,111,휴가,283,1415,1420,23:35,23:40,F,False
driver_availability,driver,허환준,허환준,DRV_012,,,111,휴가,284,1420,1425,23:40,23:45,F,False
driver_availability,driver,허환준,허환준,DRV_012,,,111,휴가,285,1425,1430,23:45,23:50,F,False
driver_availability,driver,허환준,허환준,DRV_012,,,111,휴가,286,1430,1435,23:50,23:55,F,False
driver_availability,driver,허환준,허환준,DRV_012,,,111,휴가,287,1435,1440,23:55,24:00,F,False
driver_availability,driver,김진영,김진영,DRV_013,,,333,휴가,0,0,5,00:00,00:05,F,False
driver_availability,driver,김진영,김진영,DRV_013,,,333,휴가,1,5,10,00:05,00:10,F,False
driver_availability,driver,김진영,김진영,DRV_013,,,333,휴가,2,10,15,00:10,00:15,F,False
driver_availability,driver,김진영,김진영,DRV_013,,,333,휴가,3,15,20,00:15,00:20,F,False
driver_availability,driver,김진영,김진영,DRV_013,,,333,휴가,4,20,25,00:20,00:25,F,False
driver_availability,driver,김진영,김진영,DRV_013,,,333,휴가,5,25,30,00:25,00:30,F,False
driver_availability,driver,김진영,김진영,DRV_013,,,333,휴가,6,30,35,00:30,00:35,F,False
driver_availability,driver,김진영,김진영,DRV_013,,,333,휴가,7,35,40,00:35,00:40,F,False
driver_availability,driver,김진영,김진영,DRV_013,,,333,휴가,8,40,45,00:40,00:45,F,False
driver_availability,driver,김진영,김진영,DRV_013,,,333,휴가,9,45,50,00:45,00:50,F,False
driver_availability,driver,김진영,김진영,DRV_013,,,333,휴가,10,50,55,00:50,00:55,F,False
driver_availability,driver,김진영,김진영,DRV_013,,,333,휴가,11,55,60,00:55,01:00,F,False
driver_availability,driver,김진영,김진영,DRV_013,,,333,휴가,12,60,65,01:00,01:05,F,False
driver_availability,driver,김진영,김진영,DRV_013,,,333,휴가,13,65,70,01:05,01:10,F,False
driver_availability,driver,김진영,김진영,DRV_013,,,333,휴가,14,70,75,01:10,01:15,F,False
driver_availability,driver,김진영,김진영,DRV_013,,,333,휴가,15,75,80,01:15,01:20,F,False
driver_availability,driver,김진영,김진영,DRV_013,,,333,휴가,16,80,85,01:20,01:25,F,False
driver_availability,driver,김진영,김진영,DRV_013,,,333,휴가,17,85,90,01:25,01:30,F,False
driver_availability,driver,김진영,김진영,DRV_013,,,333,휴가,18,90,95,01:30,01:35,F,False
driver_availability,driver,김진영,김진영,DRV_013,,,333,휴가,19,95,100,01:35,01:40,F,False
driver_availability,driver,김진영,김진영,DRV_013,,,333,휴가,20,100,105,01:40,01:45,F,False
driver_availability,driver,김진영,김진영,DRV_013,,,333,휴가,21,105,110,01:45,01:50,F,False
driver_availability,driver,김진영,김진영,DRV_013,,,333,휴가,22,110,115,01:50,01:55,F,False
driver_availability,driver,김진영,김진영,DRV_013,,,333,휴가,23,115,120,01:55,02:00,F,False
driver_availability,driver,김진영,김진영,DRV_013,,,333,휴가,24,120,125,02:00,02:05,F,False
driver_availability,driver,김진영,김진영,DRV_013,,,333,휴가,25,125,130,02:05,02:10,F,False
driver_availability,driver,김진영,김진영,DRV_013,,,333,휴가,26,130,135,02:10,02:15,F,False
driver_availability,driver,김진영,김진영,DRV_013,,,333,휴가,27,135,140,02:15,02:20,F,False
driver_availability,driver,김진영,김진영,DRV_013,,,333,휴가,28,140,145,02:20,02:25,F,False
driver_availability,driver,김진영,김진영,DRV_013,,,333,휴가,29,145,150,02:25,02:30,F,False
driver_availability,driver,김진영,김진영,DRV_013,,,333,휴가,30,150,155,02:30,02:35,F,False
driver_availability,driver,김진영,김진영,DRV_013,,,333,휴가,31,155,160,02:35,02:40,F,False
driver_availability,driver,김진영,김진영,DRV_013,,,333,휴가,32,160,165,02:40,02:45,F,False
driver_availability,driver,김진영,김진영,DRV_013,,,333,휴가,33,165,170,02:45,02:50,F,False
driver_availability,driver,김진영,김진영,DRV_013,,,333,휴가,34,170,175,02:50,02:55,F,False
driver_availability,driver,김진영,김진영,DRV_013,,,333,휴가,35,175,180,02:55,03:00,F,False
driver_availability,driver,김진영,김진영,DRV_013,,,333,휴가,36,180,185,03:00,03:05,F,False
driver_availability,driver,김진영,김진영,DRV_013,,,333,휴가,37,185,190,03:05,03:10,F,False
driver_availability,driver,김진영,김진영,DRV_013,,,333,휴가,38,190,195,03:10,03:15,F,False
driver_availability,driver,김진영,김진영,DRV_013,,,333,휴가,39,195,200,03:15,03:20,F,False
driver_availability,driver,김진영,김진영,DRV_013,,,333,휴가,40,200,205,03:20,03:25,F,False
driver_availability,driver,김진영,김진영,DRV_013,,,333,휴가,41,205,210,03:25,03:30,F,False
driver_availability,driver,김진영,김진영,DRV_013,,,333,휴가,42,210,215,03:30,03:35,F,False
driver_availability,driver,김진영,김진영,DRV_013,,,333,휴가,43,215,220,03:35,03:40,F,False
driver_availability,driver,김진영,김진영,DRV_013,,,333,휴가,44,220,225,03:40,03:45,F,False
driver_availability,driver,김진영,김진영,DRV_013,,,333,휴가,45,225,230,03:45,03:50,F,False
driver_availability,driver,김진영,김진영,DRV_013,,,333,휴가,46,230,235,03:50,03:55,F,False
driver_availability,driver,김진영,김진영,DRV_013,,,333,휴가,47,235,240,03:55,04:00,F,False
driver_availability,driver,김진영,김진영,DRV_013,,,333,휴가,48,240,245,04:00,04:05,F,False
driver_availability,driver,김진영,김진영,DRV_013,,,333,휴가,49,245,250,04:05,04:10,F,False
driver_availability,driver,김진영,김진영,DRV_013,,,333,휴가,50,250,255,04:10,04:15,F,False
driver_availability,driver,김진영,김진영,DRV_013,,,333,휴가,51,255,260,04:15,04:20,F,False
driver_availability,driver,김진영,김진영,DRV_013,,,333,휴가,52,260,265,04:20,04:25,F,False
driver_availability,driver,김진영,김진영,DRV_013,,,333,휴가,53,265,270,04:25,04:30,F,False
driver_availability,driver,김진영,김진영,DRV_013,,,333,휴가,54,270,275,04:30,04:35,F,False
driver_availability,driver,김진영,김진영,DRV_013,,,333,휴가,55,275,280,04:35,04:40,F,False
driver_availability,driver,김진영,김진영,DRV_013,,,333,휴가,56,280,285,04:40,04:45,F,False
driver_availability,driver,김진영,김진영,DRV_013,,,333,휴가,57,285,290,04:45,04:50,F,False
driver_availability,driver,김진영,김진영,DRV_013,,,333,휴가,58,290,295,04:50,04:55,F,False
driver_availability,driver,김진영,김진영,DRV_013,,,333,휴가,59,295,300,04:55,05:00,F,False
driver_availability,driver,김진영,김진영,DRV_013,,,333,휴가,60,300,305,05:00,05:05,F,False
driver_availability,driver,김진영,김진영,DRV_013,,,333,휴가,61,305,310,05:05,05:10,F,False
driver_availability,driver,김진영,김진영,DRV_013,,,333,휴가,62,310,315,05:10,05:15,F,False
driver_availability,driver,김진영,김진영,DRV_013,,,333,휴가,63,315,320,05:15,05:20,F,False
driver_availability,driver,김진영,김진영,DRV_013,,,333,휴가,64,320,325,05:20,05:25,F,False
driver_availability,driver,김진영,김진영,DRV_013,,,333,휴가,65,325,330,05:25,05:30,F,False
driver_availability,driver,김진영,김진영,DRV_013,,,333,휴가,66,330,335,05:30,05:35,F,False
driver_availability,driver,김진영,김진영,DRV_013,,,333,휴가,67,335,340,05:35,05:40,F,False
driver_availability,driver,김진영,김진영,DRV_013,,,333,휴가,68,340,345,05:40,05:45,F,False
driver_availability,driver,김진영,김진영,DRV_013,,,333,휴가,69,345,350,05:45,05:50,F,False
driver_availability,driver,김진영,김진영,DRV_013,,,333,휴가,70,350,355,05:50,05:55,F,False
driver_availability,driver,김진영,김진영,DRV_013,,,333,휴가,71,355,360,05:55,06:00,F,False
driver_availability,driver,김진영,김진영,DRV_013,,,333,휴가,72,360,365,06:00,06:05,F,False
driver_availability,driver,김진영,김진영,DRV_013,,,333,휴가,73,365,370,06:05,06:10,F,False
driver_availability,driver,김진영,김진영,DRV_013,,,333,휴가,74,370,375,06:10,06:15,F,False
driver_availability,driver,김진영,김진영,DRV_013,,,333,휴가,75,375,380,06:15,06:20,F,False
driver_availability,driver,김진영,김진영,DRV_013,,,333,휴가,76,380,385,06:20,06:25,F,False
driver_availability,driver,김진영,김진영,DRV_013,,,333,휴가,77,385,390,06:25,06:30,F,False
driver_availability,driver,김진영,김진영,DRV_013,,,333,휴가,78,390,395,06:30,06:35,F,False
driver_availability,driver,김진영,김진영,DRV_013,,,333,휴가,79,395,400,06:35,06:40,F,False
driver_availability,driver,김진영,김진영,DRV_013,,,333,휴가,80,400,405,06:40,06:45,F,False
driver_availability,driver,김진영,김진영,DRV_013,,,333,휴가,81,405,410,06:45,06:50,F,False
driver_availability,driver,김진영,김진영,DRV_013,,,333,휴가,82,410,415,06:50,06:55,F,False
driver_availability,driver,김진영,김진영,DRV_013,,,333,휴가,83,415,420,06:55,07:00,F,False
driver_availability,driver,김진영,김진영,DRV_013,,,333,휴가,84,420,425,07:00,07:05,F,False
driver_availability,driver,김진영,김진영,DRV_013,,,333,휴가,85,425,430,07:05,07:10,F,False
driver_availability,driver,김진영,김진영,DRV_013,,,333,휴가,86,430,435,07:10,07:15,F,False
driver_availability,driver,김진영,김진영,DRV_013,,,333,휴가,87,435,440,07:15,07:20,F,False
driver_availability,driver,김진영,김진영,DRV_013,,,333,휴가,88,440,445,07:20,07:25,F,False
driver_availability,driver,김진영,김진영,DRV_013,,,333,휴가,89,445,450,07:25,07:30,F,False
driver_availability,driver,김진영,김진영,DRV_013,,,333,휴가,90,450,455,07:30,07:35,F,False
driver_availability,driver,김진영,김진영,DRV_013,,,333,휴가,91,455,460,07:35,07:40,F,False
driver_availability,driver,김진영,김진영,DRV_013,,,333,휴가,92,460,465,07:40,07:45,F,False
driver_availability,driver,김진영,김진영,DRV_013,,,333,휴가,93,465,470,07:45,07:50,F,False
driver_availability,driver,김진영,김진영,DRV_013,,,333,휴가,94,470,475,07:50,07:55,F,False
driver_availability,driver,김진영,김진영,DRV_013,,,333,휴가,95,475,480,07:55,08:00,F,False
driver_availability,driver,김진영,김진영,DRV_013,,,333,휴가,96,480,485,08:00,08:05,F,False
driver_availability,driver,김진영,김진영,DRV_013,,,333,휴가,97,485,490,08:05,08:10,F,False
driver_availability,driver,김진영,김진영,DRV_013,,,333,휴가,98,490,495,08:10,08:15,F,False
driver_availability,driver,김진영,김진영,DRV_013,,,333,휴가,99,495,500,08:15,08:20,F,False
driver_availability,driver,김진영,김진영,DRV_013,,,333,휴가,100,500,505,08:20,08:25,F,False
driver_availability,driver,김진영,김진영,DRV_013,,,333,휴가,101,505,510,08:25,08:30,F,False
driver_availability,driver,김진영,김진영,DRV_013,,,333,휴가,102,510,515,08:30,08:35,F,False
driver_availability,driver,김진영,김진영,DRV_013,,,333,휴가,103,515,520,08:35,08:40,F,False
driver_availability,driver,김진영,김진영,DRV_013,,,333,휴가,104,520,525,08:40,08:45,F,False
driver_availability,driver,김진영,김진영,DRV_013,,,333,휴가,105,525,530,08:45,08:50,F,False
driver_availability,driver,김진영,김진영,DRV_013,,,333,휴가,106,530,535,08:50,08:55,F,False
driver_availability,driver,김진영,김진영,DRV_013,,,333,휴가,107,535,540,08:55,09:00,F,False
driver_availability,driver,김진영,김진영,DRV_013,,,333,휴가,108,540,545,09:00,09:05,F,False
driver_availability,driver,김진영,김진영,DRV_013,,,333,휴가,109,545,550,09:05,09:10,F,False
driver_availability,driver,김진영,김진영,DRV_013,,,333,휴가,110,550,555,09:10,09:15,F,False
driver_availability,driver,김진영,김진영,DRV_013,,,333,휴가,111,555,560,09:15,09:20,F,False
driver_availability,driver,김진영,김진영,DRV_013,,,333,휴가,112,560,565,09:20,09:25,F,False
driver_availability,driver,김진영,김진영,DRV_013,,,333,휴가,113,565,570,09:25,09:30,F,False
driver_availability,driver,김진영,김진영,DRV_013,,,333,휴가,114,570,575,09:30,09:35,F,False
driver_availability,driver,김진영,김진영,DRV_013,,,333,휴가,115,575,580,09:35,09:40,F,False
driver_availability,driver,김진영,김진영,DRV_013,,,333,휴가,116,580,585,09:40,09:45,F,False
driver_availability,driver,김진영,김진영,DRV_013,,,333,휴가,117,585,590,09:45,09:50,F,False
driver_availability,driver,김진영,김진영,DRV_013,,,333,휴가,118,590,595,09:50,09:55,F,False
driver_availability,driver,김진영,김진영,DRV_013,,,333,휴가,119,595,600,09:55,10:00,F,False
driver_availability,driver,김진영,김진영,DRV_013,,,333,휴가,120,600,605,10:00,10:05,F,False
driver_availability,driver,김진영,김진영,DRV_013,,,333,휴가,121,605,610,10:05,10:10,F,False
driver_availability,driver,김진영,김진영,DRV_013,,,333,휴가,122,610,615,10:10,10:15,F,False
driver_availability,driver,김진영,김진영,DRV_013,,,333,휴가,123,615,620,10:15,10:20,F,False
driver_availability,driver,김진영,김진영,DRV_013,,,333,휴가,124,620,625,10:20,10:25,F,False
driver_availability,driver,김진영,김진영,DRV_013,,,333,휴가,125,625,630,10:25,10:30,F,False
driver_availability,driver,김진영,김진영,DRV_013,,,333,휴가,126,630,635,10:30,10:35,F,False
driver_availability,driver,김진영,김진영,DRV_013,,,333,휴가,127,635,640,10:35,10:40,F,False
driver_availability,driver,김진영,김진영,DRV_013,,,333,휴가,128,640,645,10:40,10:45,F,False
driver_availability,driver,김진영,김진영,DRV_013,,,333,휴가,129,645,650,10:45,10:50,F,False
driver_availability,driver,김진영,김진영,DRV_013,,,333,휴가,130,650,655,10:50,10:55,F,False
driver_availability,driver,김진영,김진영,DRV_013,,,333,휴가,131,655,660,10:55,11:00,F,False
driver_availability,driver,김진영,김진영,DRV_013,,,333,휴가,132,660,665,11:00,11:05,F,False
driver_availability,driver,김진영,김진영,DRV_013,,,333,휴가,133,665,670,11:05,11:10,F,False
driver_availability,driver,김진영,김진영,DRV_013,,,333,휴가,134,670,675,11:10,11:15,F,False
driver_availability,driver,김진영,김진영,DRV_013,,,333,휴가,135,675,680,11:15,11:20,F,False
driver_availability,driver,김진영,김진영,DRV_013,,,333,휴가,136,680,685,11:20,11:25,F,False
driver_availability,driver,김진영,김진영,DRV_013,,,333,휴가,137,685,690,11:25,11:30,F,False
driver_availability,driver,김진영,김진영,DRV_013,,,333,휴가,138,690,695,11:30,11:35,F,False
driver_availability,driver,김진영,김진영,DRV_013,,,333,휴가,139,695,700,11:35,11:40,F,False
driver_availability,driver,김진영,김진영,DRV_013,,,333,휴가,140,700,705,11:40,11:45,F,False
driver_availability,driver,김진영,김진영,DRV_013,,,333,휴가,141,705,710,11:45,11:50,F,False
driver_availability,driver,김진영,김진영,DRV_013,,,333,휴가,142,710,715,11:50,11:55,F,False
driver_availability,driver,김진영,김진영,DRV_013,,,333,휴가,143,715,720,11:55,12:00,F,False
driver_availability,driver,김진영,김진영,DRV_013,,,333,휴가,144,720,725,12:00,12:05,F,False
driver_availability,driver,김진영,김진영,DRV_013,,,333,휴가,145,725,730,12:05,12:10,F,False
driver_availability,driver,김진영,김진영,DRV_013,,,333,휴가,146,730,735,12:10,12:15,F,False
driver_availability,driver,김진영,김진영,DRV_013,,,333,휴가,147,735,740,12:15,12:20,F,False
driver_availability,driver,김진영,김진영,DRV_013,,,333,휴가,148,740,745,12:20,12:25,F,False
driver_availability,driver,김진영,김진영,DRV_013,,,333,휴가,149,745,750,12:25,12:30,F,False
driver_availability,driver,김진영,김진영,DRV_013,,,333,휴가,150,750,755,12:30,12:35,F,False
driver_availability,driver,김진영,김진영,DRV_013,,,333,휴가,151,755,760,12:35,12:40,F,False
driver_availability,driver,김진영,김진영,DRV_013,,,333,휴가,152,760,765,12:40,12:45,F,False
driver_availability,driver,김진영,김진영,DRV_013,,,333,휴가,153,765,770,12:45,12:50,F,False
driver_availability,driver,김진영,김진영,DRV_013,,,333,휴가,154,770,775,12:50,12:55,F,False
driver_availability,driver,김진영,김진영,DRV_013,,,333,휴가,155,775,780,12:55,13:00,F,False
driver_availability,driver,김진영,김진영,DRV_013,,,333,휴가,156,780,785,13:00,13:05,F,False
driver_availability,driver,김진영,김진영,DRV_013,,,333,휴가,157,785,790,13:05,13:10,F,False
driver_availability,driver,김진영,김진영,DRV_013,,,333,휴가,158,790,795,13:10,13:15,F,False
driver_availability,driver,김진영,김진영,DRV_013,,,333,휴가,159,795,800,13:15,13:20,F,False
driver_availability,driver,김진영,김진영,DRV_013,,,333,휴가,160,800,805,13:20,13:25,F,False
driver_availability,driver,김진영,김진영,DRV_013,,,333,휴가,161,805,810,13:25,13:30,F,False
driver_availability,driver,김진영,김진영,DRV_013,,,333,휴가,162,810,815,13:30,13:35,F,False
driver_availability,driver,김진영,김진영,DRV_013,,,333,휴가,163,815,820,13:35,13:40,F,False
driver_availability,driver,김진영,김진영,DRV_013,,,333,휴가,164,820,825,13:40,13:45,F,False
driver_availability,driver,김진영,김진영,DRV_013,,,333,휴가,165,825,830,13:45,13:50,F,False
driver_availability,driver,김진영,김진영,DRV_013,,,333,휴가,166,830,835,13:50,13:55,F,False
driver_availability,driver,김진영,김진영,DRV_013,,,333,휴가,167,835,840,13:55,14:00,F,False
driver_availability,driver,김진영,김진영,DRV_013,,,333,휴가,168,840,845,14:00,14:05,F,False
driver_availability,driver,김진영,김진영,DRV_013,,,333,휴가,169,845,850,14:05,14:10,F,False
driver_availability,driver,김진영,김진영,DRV_013,,,333,휴가,170,850,855,14:10,14:15,F,False
driver_availability,driver,김진영,김진영,DRV_013,,,333,휴가,171,855,860,14:15,14:20,F,False
driver_availability,driver,김진영,김진영,DRV_013,,,333,휴가,172,860,865,14:20,14:25,F,False
driver_availability,driver,김진영,김진영,DRV_013,,,333,휴가,173,865,870,14:25,14:30,F,False
driver_availability,driver,김진영,김진영,DRV_013,,,333,휴가,174,870,875,14:30,14:35,F,False
driver_availability,driver,김진영,김진영,DRV_013,,,333,휴가,175,875,880,14:35,14:40,F,False
driver_availability,driver,김진영,김진영,DRV_013,,,333,휴가,176,880,885,14:40,14:45,F,False
driver_availability,driver,김진영,김진영,DRV_013,,,333,휴가,177,885,890,14:45,14:50,F,False
driver_availability,driver,김진영,김진영,DRV_013,,,333,휴가,178,890,895,14:50,14:55,F,False
driver_availability,driver,김진영,김진영,DRV_013,,,333,휴가,179,895,900,14:55,15:00,F,False
driver_availability,driver,김진영,김진영,DRV_013,,,333,휴가,180,900,905,15:00,15:05,F,False
driver_availability,driver,김진영,김진영,DRV_013,,,333,휴가,181,905,910,15:05,15:10,F,False
driver_availability,driver,김진영,김진영,DRV_013,,,333,휴가,182,910,915,15:10,15:15,F,False
driver_availability,driver,김진영,김진영,DRV_013,,,333,휴가,183,915,920,15:15,15:20,F,False
driver_availability,driver,김진영,김진영,DRV_013,,,333,휴가,184,920,925,15:20,15:25,F,False
driver_availability,driver,김진영,김진영,DRV_013,,,333,휴가,185,925,930,15:25,15:30,F,False
driver_availability,driver,김진영,김진영,DRV_013,,,333,휴가,186,930,935,15:30,15:35,F,False
driver_availability,driver,김진영,김진영,DRV_013,,,333,휴가,187,935,940,15:35,15:40,F,False
driver_availability,driver,김진영,김진영,DRV_013,,,333,휴가,188,940,945,15:40,15:45,F,False
driver_availability,driver,김진영,김진영,DRV_013,,,333,휴가,189,945,950,15:45,15:50,F,False
driver_availability,driver,김진영,김진영,DRV_013,,,333,휴가,190,950,955,15:50,15:55,F,False
driver_availability,driver,김진영,김진영,DRV_013,,,333,휴가,191,955,960,15:55,16:00,F,False
driver_availability,driver,김진영,김진영,DRV_013,,,333,휴가,192,960,965,16:00,16:05,F,False
driver_availability,driver,김진영,김진영,DRV_013,,,333,휴가,193,965,970,16:05,16:10,F,False
driver_availability,driver,김진영,김진영,DRV_013,,,333,휴가,194,970,975,16:10,16:15,F,False
driver_availability,driver,김진영,김진영,DRV_013,,,333,휴가,195,975,980,16:15,16:20,F,False
driver_availability,driver,김진영,김진영,DRV_013,,,333,휴가,196,980,985,16:20,16:25,F,False
driver_availability,driver,김진영,김진영,DRV_013,,,333,휴가,197,985,990,16:25,16:30,F,False
driver_availability,driver,김진영,김진영,DRV_013,,,333,휴가,198,990,995,16:30,16:35,F,False
driver_availability,driver,김진영,김진영,DRV_013,,,333,휴가,199,995,1000,16:35,16:40,F,False
driver_availability,driver,김진영,김진영,DRV_013,,,333,휴가,200,1000,1005,16:40,16:45,F,False
driver_availability,driver,김진영,김진영,DRV_013,,,333,휴가,201,1005,1010,16:45,16:50,F,False
driver_availability,driver,김진영,김진영,DRV_013,,,333,휴가,202,1010,1015,16:50,16:55,F,False
driver_availability,driver,김진영,김진영,DRV_013,,,333,휴가,203,1015,1020,16:55,17:00,F,False
driver_availability,driver,김진영,김진영,DRV_013,,,333,휴가,204,1020,1025,17:00,17:05,F,False
driver_availability,driver,김진영,김진영,DRV_013,,,333,휴가,205,1025,1030,17:05,17:10,F,False
driver_availability,driver,김진영,김진영,DRV_013,,,333,휴가,206,1030,1035,17:10,17:15,F,False
driver_availability,driver,김진영,김진영,DRV_013,,,333,휴가,207,1035,1040,17:15,17:20,F,False
driver_availability,driver,김진영,김진영,DRV_013,,,333,휴가,208,1040,1045,17:20,17:25,F,False
driver_availability,driver,김진영,김진영,DRV_013,,,333,휴가,209,1045,1050,17:25,17:30,F,False
driver_availability,driver,김진영,김진영,DRV_013,,,333,휴가,210,1050,1055,17:30,17:35,F,False
driver_availability,driver,김진영,김진영,DRV_013,,,333,휴가,211,1055,1060,17:35,17:40,F,False
driver_availability,driver,김진영,김진영,DRV_013,,,333,휴가,212,1060,1065,17:40,17:45,F,False
driver_availability,driver,김진영,김진영,DRV_013,,,333,휴가,213,1065,1070,17:45,17:50,F,False
driver_availability,driver,김진영,김진영,DRV_013,,,333,휴가,214,1070,1075,17:50,17:55,F,False
driver_availability,driver,김진영,김진영,DRV_013,,,333,휴가,215,1075,1080,17:55,18:00,F,False
driver_availability,driver,김진영,김진영,DRV_013,,,333,휴가,216,1080,1085,18:00,18:05,F,False
driver_availability,driver,김진영,김진영,DRV_013,,,333,휴가,217,1085,1090,18:05,18:10,F,False
driver_availability,driver,김진영,김진영,DRV_013,,,333,휴가,218,1090,1095,18:10,18:15,F,False
driver_availability,driver,김진영,김진영,DRV_013,,,333,휴가,219,1095,1100,18:15,18:20,F,False
driver_availability,driver,김진영,김진영,DRV_013,,,333,휴가,220,1100,1105,18:20,18:25,F,False
driver_availability,driver,김진영,김진영,DRV_013,,,333,휴가,221,1105,1110,18:25,18:30,F,False
driver_availability,driver,김진영,김진영,DRV_013,,,333,휴가,222,1110,1115,18:30,18:35,F,False
driver_availability,driver,김진영,김진영,DRV_013,,,333,휴가,223,1115,1120,18:35,18:40,F,False
driver_availability,driver,김진영,김진영,DRV_013,,,333,휴가,224,1120,1125,18:40,18:45,F,False
driver_availability,driver,김진영,김진영,DRV_013,,,333,휴가,225,1125,1130,18:45,18:50,F,False
driver_availability,driver,김진영,김진영,DRV_013,,,333,휴가,226,1130,1135,18:50,18:55,F,False
driver_availability,driver,김진영,김진영,DRV_013,,,333,휴가,227,1135,1140,18:55,19:00,F,False
driver_availability,driver,김진영,김진영,DRV_013,,,333,휴가,228,1140,1145,19:00,19:05,F,False
driver_availability,driver,김진영,김진영,DRV_013,,,333,휴가,229,1145,1150,19:05,19:10,F,False
driver_availability,driver,김진영,김진영,DRV_013,,,333,휴가,230,1150,1155,19:10,19:15,F,False
driver_availability,driver,김진영,김진영,DRV_013,,,333,휴가,231,1155,1160,19:15,19:20,F,False
driver_availability,driver,김진영,김진영,DRV_013,,,333,휴가,232,1160,1165,19:20,19:25,F,False
driver_availability,driver,김진영,김진영,DRV_013,,,333,휴가,233,1165,1170,19:25,19:30,F,False
driver_availability,driver,김진영,김진영,DRV_013,,,333,휴가,234,1170,1175,19:30,19:35,F,False
driver_availability,driver,김진영,김진영,DRV_013,,,333,휴가,235,1175,1180,19:35,19:40,F,False
driver_availability,driver,김진영,김진영,DRV_013,,,333,휴가,236,1180,1185,19:40,19:45,F,False
driver_availability,driver,김진영,김진영,DRV_013,,,333,휴가,237,1185,1190,19:45,19:50,F,False
driver_availability,driver,김진영,김진영,DRV_013,,,333,휴가,238,1190,1195,19:50,19:55,F,False
driver_availability,driver,김진영,김진영,DRV_013,,,333,휴가,239,1195,1200,19:55,20:00,F,False
driver_availability,driver,김진영,김진영,DRV_013,,,333,휴가,240,1200,1205,20:00,20:05,F,False
driver_availability,driver,김진영,김진영,DRV_013,,,333,휴가,241,1205,1210,20:05,20:10,F,False
driver_availability,driver,김진영,김진영,DRV_013,,,333,휴가,242,1210,1215,20:10,20:15,F,False
driver_availability,driver,김진영,김진영,DRV_013,,,333,휴가,243,1215,1220,20:15,20:20,F,False
driver_availability,driver,김진영,김진영,DRV_013,,,333,휴가,244,1220,1225,20:20,20:25,F,False
driver_availability,driver,김진영,김진영,DRV_013,,,333,휴가,245,1225,1230,20:25,20:30,F,False
driver_availability,driver,김진영,김진영,DRV_013,,,333,휴가,246,1230,1235,20:30,20:35,F,False
driver_availability,driver,김진영,김진영,DRV_013,,,333,휴가,247,1235,1240,20:35,20:40,F,False
driver_availability,driver,김진영,김진영,DRV_013,,,333,휴가,248,1240,1245,20:40,20:45,F,False
driver_availability,driver,김진영,김진영,DRV_013,,,333,휴가,249,1245,1250,20:45,20:50,F,False
driver_availability,driver,김진영,김진영,DRV_013,,,333,휴가,250,1250,1255,20:50,20:55,F,False
driver_availability,driver,김진영,김진영,DRV_013,,,333,휴가,251,1255,1260,20:55,21:00,F,False
driver_availability,driver,김진영,김진영,DRV_013,,,333,휴가,252,1260,1265,21:00,21:05,F,False
driver_availability,driver,김진영,김진영,DRV_013,,,333,휴가,253,1265,1270,21:05,21:10,F,False
driver_availability,driver,김진영,김진영,DRV_013,,,333,휴가,254,1270,1275,21:10,21:15,F,False
driver_availability,driver,김진영,김진영,DRV_013,,,333,휴가,255,1275,1280,21:15,21:20,F,False
driver_availability,driver,김진영,김진영,DRV_013,,,333,휴가,256,1280,1285,21:20,21:25,F,False
driver_availability,driver,김진영,김진영,DRV_013,,,333,휴가,257,1285,1290,21:25,21:30,F,False
driver_availability,driver,김진영,김진영,DRV_013,,,333,휴가,258,1290,1295,21:30,21:35,F,False
driver_availability,driver,김진영,김진영,DRV_013,,,333,휴가,259,1295,1300,21:35,21:40,F,False
driver_availability,driver,김진영,김진영,DRV_013,,,333,휴가,260,1300,1305,21:40,21:45,F,False
driver_availability,driver,김진영,김진영,DRV_013,,,333,휴가,261,1305,1310,21:45,21:50,F,False
driver_availability,driver,김진영,김진영,DRV_013,,,333,휴가,262,1310,1315,21:50,21:55,F,False
driver_availability,driver,김진영,김진영,DRV_013,,,333,휴가,263,1315,1320,21:55,22:00,F,False
driver_availability,driver,김진영,김진영,DRV_013,,,333,휴가,264,1320,1325,22:00,22:05,F,False
driver_availability,driver,김진영,김진영,DRV_013,,,333,휴가,265,1325,1330,22:05,22:10,F,False
driver_availability,driver,김진영,김진영,DRV_013,,,333,휴가,266,1330,1335,22:10,22:15,F,False
driver_availability,driver,김진영,김진영,DRV_013,,,333,휴가,267,1335,1340,22:15,22:20,F,False
driver_availability,driver,김진영,김진영,DRV_013,,,333,휴가,268,1340,1345,22:20,22:25,F,False
driver_availability,driver,김진영,김진영,DRV_013,,,333,휴가,269,1345,1350,22:25,22:30,F,False
driver_availability,driver,김진영,김진영,DRV_013,,,333,휴가,270,1350,1355,22:30,22:35,F,False
driver_availability,driver,김진영,김진영,DRV_013,,,333,휴가,271,1355,1360,22:35,22:40,F,False
driver_availability,driver,김진영,김진영,DRV_013,,,333,휴가,272,1360,1365,22:40,22:45,F,False
driver_availability,driver,김진영,김진영,DRV_013,,,333,휴가,273,1365,1370,22:45,22:50,F,False
driver_availability,driver,김진영,김진영,DRV_013,,,333,휴가,274,1370,1375,22:50,22:55,F,False
driver_availability,driver,김진영,김진영,DRV_013,,,333,휴가,275,1375,1380,22:55,23:00,F,False
driver_availability,driver,김진영,김진영,DRV_013,,,333,휴가,276,1380,1385,23:00,23:05,F,False
driver_availability,driver,김진영,김진영,DRV_013,,,333,휴가,277,1385,1390,23:05,23:10,F,False
driver_availability,driver,김진영,김진영,DRV_013,,,333,휴가,278,1390,1395,23:10,23:15,F,False
driver_availability,driver,김진영,김진영,DRV_013,,,333,휴가,279,1395,1400,23:15,23:20,F,False
driver_availability,driver,김진영,김진영,DRV_013,,,333,휴가,280,1400,1405,23:20,23:25,F,False
driver_availability,driver,김진영,김진영,DRV_013,,,333,휴가,281,1405,1410,23:25,23:30,F,False
driver_availability,driver,김진영,김진영,DRV_013,,,333,휴가,282,1410,1415,23:30,23:35,F,False
driver_availability,driver,김진영,김진영,DRV_013,,,333,휴가,283,1415,1420,23:35,23:40,F,False
driver_availability,driver,김진영,김진영,DRV_013,,,333,휴가,284,1420,1425,23:40,23:45,F,False
driver_availability,driver,김진영,김진영,DRV_013,,,333,휴가,285,1425,1430,23:45,23:50,F,False
driver_availability,driver,김진영,김진영,DRV_013,,,333,휴가,286,1430,1435,23:50,23:55,F,False
driver_availability,driver,김진영,김진영,DRV_013,,,333,휴가,287,1435,1440,23:55,24:00,F,False
driver_availability,driver,신훈채,신훈채,DRV_014,,,223,,0,0,5,00:00,00:05,T,True
driver_availability,driver,신훈채,신훈채,DRV_014,,,223,,1,5,10,00:05,00:10,T,True
driver_availability,driver,신훈채,신훈채,DRV_014,,,223,,2,10,15,00:10,00:15,T,True
driver_availability,driver,신훈채,신훈채,DRV_014,,,223,,3,15,20,00:15,00:20,T,True
driver_availability,driver,신훈채,신훈채,DRV_014,,,223,,4,20,25,00:20,00:25,T,True
driver_availability,driver,신훈채,신훈채,DRV_014,,,223,,5,25,30,00:25,00:30,T,True
driver_availability,driver,신훈채,신훈채,DRV_014,,,223,,6,30,35,00:30,00:35,T,True
driver_availability,driver,신훈채,신훈채,DRV_014,,,223,,7,35,40,00:35,00:40,T,True
driver_availability,driver,신훈채,신훈채,DRV_014,,,223,,8,40,45,00:40,00:45,T,True
driver_availability,driver,신훈채,신훈채,DRV_014,,,223,,9,45,50,00:45,00:50,T,True
driver_availability,driver,신훈채,신훈채,DRV_014,,,223,,10,50,55,00:50,00:55,T,True
driver_availability,driver,신훈채,신훈채,DRV_014,,,223,,11,55,60,00:55,01:00,T,True
driver_availability,driver,신훈채,신훈채,DRV_014,,,223,,12,60,65,01:00,01:05,T,True
driver_availability,driver,신훈채,신훈채,DRV_014,,,223,,13,65,70,01:05,01:10,T,True
driver_availability,driver,신훈채,신훈채,DRV_014,,,223,,14,70,75,01:10,01:15,T,True
driver_availability,driver,신훈채,신훈채,DRV_014,,,223,,15,75,80,01:15,01:20,T,True
driver_availability,driver,신훈채,신훈채,DRV_014,,,223,,16,80,85,01:20,01:25,T,True
driver_availability,driver,신훈채,신훈채,DRV_014,,,223,,17,85,90,01:25,01:30,T,True
driver_availability,driver,신훈채,신훈채,DRV_014,,,223,,18,90,95,01:30,01:35,T,True
driver_availability,driver,신훈채,신훈채,DRV_014,,,223,,19,95,100,01:35,01:40,T,True
driver_availability,driver,신훈채,신훈채,DRV_014,,,223,,20,100,105,01:40,01:45,T,True
driver_availability,driver,신훈채,신훈채,DRV_014,,,223,,21,105,110,01:45,01:50,T,True
driver_availability,driver,신훈채,신훈채,DRV_014,,,223,,22,110,115,01:50,01:55,T,True
driver_availability,driver,신훈채,신훈채,DRV_014,,,223,,23,115,120,01:55,02:00,T,True
driver_availability,driver,신훈채,신훈채,DRV_014,,,223,,24,120,125,02:00,02:05,T,True
driver_availability,driver,신훈채,신훈채,DRV_014,,,223,,25,125,130,02:05,02:10,T,True
driver_availability,driver,신훈채,신훈채,DRV_014,,,223,,26,130,135,02:10,02:15,T,True
driver_availability,driver,신훈채,신훈채,DRV_014,,,223,,27,135,140,02:15,02:20,T,True
driver_availability,driver,신훈채,신훈채,DRV_014,,,223,,28,140,145,02:20,02:25,T,True
driver_availability,driver,신훈채,신훈채,DRV_014,,,223,,29,145,150,02:25,02:30,T,True
driver_availability,driver,신훈채,신훈채,DRV_014,,,223,,30,150,155,02:30,02:35,T,True
driver_availability,driver,신훈채,신훈채,DRV_014,,,223,,31,155,160,02:35,02:40,T,True
driver_availability,driver,신훈채,신훈채,DRV_014,,,223,,32,160,165,02:40,02:45,T,True
driver_availability,driver,신훈채,신훈채,DRV_014,,,223,,33,165,170,02:45,02:50,T,True
driver_availability,driver,신훈채,신훈채,DRV_014,,,223,,34,170,175,02:50,02:55,T,True
driver_availability,driver,신훈채,신훈채,DRV_014,,,223,,35,175,180,02:55,03:00,T,True
driver_availability,driver,신훈채,신훈채,DRV_014,,,223,,36,180,185,03:00,03:05,T,True
driver_availability,driver,신훈채,신훈채,DRV_014,,,223,,37,185,190,03:05,03:10,T,True
driver_availability,driver,신훈채,신훈채,DRV_014,,,223,,38,190,195,03:10,03:15,T,True
driver_availability,driver,신훈채,신훈채,DRV_014,,,223,,39,195,200,03:15,03:20,T,True
driver_availability,driver,신훈채,신훈채,DRV_014,,,223,,40,200,205,03:20,03:25,T,True
driver_availability,driver,신훈채,신훈채,DRV_014,,,223,,41,205,210,03:25,03:30,T,True
driver_availability,driver,신훈채,신훈채,DRV_014,,,223,,42,210,215,03:30,03:35,T,True
driver_availability,driver,신훈채,신훈채,DRV_014,,,223,,43,215,220,03:35,03:40,T,True
driver_availability,driver,신훈채,신훈채,DRV_014,,,223,,44,220,225,03:40,03:45,T,True
driver_availability,driver,신훈채,신훈채,DRV_014,,,223,,45,225,230,03:45,03:50,T,True
driver_availability,driver,신훈채,신훈채,DRV_014,,,223,,46,230,235,03:50,03:55,T,True
driver_availability,driver,신훈채,신훈채,DRV_014,,,223,,47,235,240,03:55,04:00,T,True
driver_availability,driver,신훈채,신훈채,DRV_014,,,223,,48,240,245,04:00,04:05,T,True
driver_availability,driver,신훈채,신훈채,DRV_014,,,223,,49,245,250,04:05,04:10,T,True
driver_availability,driver,신훈채,신훈채,DRV_014,,,223,,50,250,255,04:10,04:15,T,True
driver_availability,driver,신훈채,신훈채,DRV_014,,,223,,51,255,260,04:15,04:20,T,True
driver_availability,driver,신훈채,신훈채,DRV_014,,,223,,52,260,265,04:20,04:25,T,True
driver_availability,driver,신훈채,신훈채,DRV_014,,,223,,53,265,270,04:25,04:30,T,True
driver_availability,driver,신훈채,신훈채,DRV_014,,,223,,54,270,275,04:30,04:35,T,True
driver_availability,driver,신훈채,신훈채,DRV_014,,,223,,55,275,280,04:35,04:40,T,True
driver_availability,driver,신훈채,신훈채,DRV_014,,,223,,56,280,285,04:40,04:45,T,True
driver_availability,driver,신훈채,신훈채,DRV_014,,,223,,57,285,290,04:45,04:50,T,True
driver_availability,driver,신훈채,신훈채,DRV_014,,,223,,58,290,295,04:50,04:55,T,True
driver_availability,driver,신훈채,신훈채,DRV_014,,,223,,59,295,300,04:55,05:00,T,True
driver_availability,driver,신훈채,신훈채,DRV_014,,,223,,60,300,305,05:00,05:05,T,True
driver_availability,driver,신훈채,신훈채,DRV_014,,,223,,61,305,310,05:05,05:10,T,True
driver_availability,driver,신훈채,신훈채,DRV_014,,,223,,62,310,315,05:10,05:15,T,True
driver_availability,driver,신훈채,신훈채,DRV_014,,,223,,63,315,320,05:15,05:20,T,True
driver_availability,driver,신훈채,신훈채,DRV_014,,,223,,64,320,325,05:20,05:25,T,True
driver_availability,driver,신훈채,신훈채,DRV_014,,,223,,65,325,330,05:25,05:30,T,True
driver_availability,driver,신훈채,신훈채,DRV_014,,,223,,66,330,335,05:30,05:35,T,True
driver_availability,driver,신훈채,신훈채,DRV_014,,,223,,67,335,340,05:35,05:40,T,True
driver_availability,driver,신훈채,신훈채,DRV_014,,,223,,68,340,345,05:40,05:45,T,True
driver_availability,driver,신훈채,신훈채,DRV_014,,,223,,69,345,350,05:45,05:50,T,True
driver_availability,driver,신훈채,신훈채,DRV_014,,,223,,70,350,355,05:50,05:55,T,True
driver_availability,driver,신훈채,신훈채,DRV_014,,,223,,71,355,360,05:55,06:00,T,True
driver_availability,driver,신훈채,신훈채,DRV_014,,,223,,72,360,365,06:00,06:05,T,True
driver_availability,driver,신훈채,신훈채,DRV_014,,,223,,73,365,370,06:05,06:10,T,True
driver_availability,driver,신훈채,신훈채,DRV_014,,,223,,74,370,375,06:10,06:15,T,True
driver_availability,driver,신훈채,신훈채,DRV_014,,,223,,75,375,380,06:15,06:20,T,True
driver_availability,driver,신훈채,신훈채,DRV_014,,,223,,76,380,385,06:20,06:25,T,True
driver_availability,driver,신훈채,신훈채,DRV_014,,,223,,77,385,390,06:25,06:30,T,True
driver_availability,driver,신훈채,신훈채,DRV_014,,,223,,78,390,395,06:30,06:35,T,True
driver_availability,driver,신훈채,신훈채,DRV_014,,,223,,79,395,400,06:35,06:40,T,True
driver_availability,driver,신훈채,신훈채,DRV_014,,,223,,80,400,405,06:40,06:45,T,True
driver_availability,driver,신훈채,신훈채,DRV_014,,,223,,81,405,410,06:45,06:50,T,True
driver_availability,driver,신훈채,신훈채,DRV_014,,,223,,82,410,415,06:50,06:55,T,True
driver_availability,driver,신훈채,신훈채,DRV_014,,,223,,83,415,420,06:55,07:00,T,True
driver_availability,driver,신훈채,신훈채,DRV_014,,,223,,84,420,425,07:00,07:05,T,True
driver_availability,driver,신훈채,신훈채,DRV_014,,,223,,85,425,430,07:05,07:10,T,True
driver_availability,driver,신훈채,신훈채,DRV_014,,,223,,86,430,435,07:10,07:15,T,True
driver_availability,driver,신훈채,신훈채,DRV_014,,,223,,87,435,440,07:15,07:20,T,True
driver_availability,driver,신훈채,신훈채,DRV_014,,,223,,88,440,445,07:20,07:25,T,True
driver_availability,driver,신훈채,신훈채,DRV_014,,,223,,89,445,450,07:25,07:30,T,True
driver_availability,driver,신훈채,신훈채,DRV_014,,,223,,90,450,455,07:30,07:35,T,True
driver_availability,driver,신훈채,신훈채,DRV_014,,,223,,91,455,460,07:35,07:40,T,True
driver_availability,driver,신훈채,신훈채,DRV_014,,,223,,92,460,465,07:40,07:45,T,True
driver_availability,driver,신훈채,신훈채,DRV_014,,,223,,93,465,470,07:45,07:50,T,True
driver_availability,driver,신훈채,신훈채,DRV_014,,,223,,94,470,475,07:50,07:55,T,True
driver_availability,driver,신훈채,신훈채,DRV_014,,,223,,95,475,480,07:55,08:00,T,True
driver_availability,driver,신훈채,신훈채,DRV_014,,,223,,96,480,485,08:00,08:05,F,False
driver_availability,driver,신훈채,신훈채,DRV_014,,,223,,97,485,490,08:05,08:10,F,False
driver_availability,driver,신훈채,신훈채,DRV_014,,,223,,98,490,495,08:10,08:15,F,False
driver_availability,driver,신훈채,신훈채,DRV_014,,,223,,99,495,500,08:15,08:20,F,False
driver_availability,driver,신훈채,신훈채,DRV_014,,,223,,100,500,505,08:20,08:25,F,False
driver_availability,driver,신훈채,신훈채,DRV_014,,,223,,101,505,510,08:25,08:30,F,False
driver_availability,driver,신훈채,신훈채,DRV_014,,,223,,102,510,515,08:30,08:35,F,False
driver_availability,driver,신훈채,신훈채,DRV_014,,,223,,103,515,520,08:35,08:40,F,False
driver_availability,driver,신훈채,신훈채,DRV_014,,,223,,104,520,525,08:40,08:45,F,False
driver_availability,driver,신훈채,신훈채,DRV_014,,,223,,105,525,530,08:45,08:50,F,False
driver_availability,driver,신훈채,신훈채,DRV_014,,,223,,106,530,535,08:50,08:55,F,False
driver_availability,driver,신훈채,신훈채,DRV_014,,,223,,107,535,540,08:55,09:00,F,False
driver_availability,driver,신훈채,신훈채,DRV_014,,,223,,108,540,545,09:00,09:05,F,False
driver_availability,driver,신훈채,신훈채,DRV_014,,,223,,109,545,550,09:05,09:10,F,False
driver_availability,driver,신훈채,신훈채,DRV_014,,,223,,110,550,555,09:10,09:15,F,False
driver_availability,driver,신훈채,신훈채,DRV_014,,,223,,111,555,560,09:15,09:20,F,False
driver_availability,driver,신훈채,신훈채,DRV_014,,,223,,112,560,565,09:20,09:25,F,False
driver_availability,driver,신훈채,신훈채,DRV_014,,,223,,113,565,570,09:25,09:30,F,False
driver_availability,driver,신훈채,신훈채,DRV_014,,,223,,114,570,575,09:30,09:35,F,False
driver_availability,driver,신훈채,신훈채,DRV_014,,,223,,115,575,580,09:35,09:40,F,False
driver_availability,driver,신훈채,신훈채,DRV_014,,,223,,116,580,585,09:40,09:45,F,False
driver_availability,driver,신훈채,신훈채,DRV_014,,,223,,117,585,590,09:45,09:50,F,False
driver_availability,driver,신훈채,신훈채,DRV_014,,,223,,118,590,595,09:50,09:55,F,False
driver_availability,driver,신훈채,신훈채,DRV_014,,,223,,119,595,600,09:55,10:00,F,False
driver_availability,driver,신훈채,신훈채,DRV_014,,,223,,120,600,605,10:00,10:05,F,False
driver_availability,driver,신훈채,신훈채,DRV_014,,,223,,121,605,610,10:05,10:10,F,False
driver_availability,driver,신훈채,신훈채,DRV_014,,,223,,122,610,615,10:10,10:15,F,False
driver_availability,driver,신훈채,신훈채,DRV_014,,,223,,123,615,620,10:15,10:20,F,False
driver_availability,driver,신훈채,신훈채,DRV_014,,,223,,124,620,625,10:20,10:25,F,False
driver_availability,driver,신훈채,신훈채,DRV_014,,,223,,125,625,630,10:25,10:30,F,False
driver_availability,driver,신훈채,신훈채,DRV_014,,,223,,126,630,635,10:30,10:35,F,False
driver_availability,driver,신훈채,신훈채,DRV_014,,,223,,127,635,640,10:35,10:40,F,False
driver_availability,driver,신훈채,신훈채,DRV_014,,,223,,128,640,645,10:40,10:45,F,False
driver_availability,driver,신훈채,신훈채,DRV_014,,,223,,129,645,650,10:45,10:50,F,False
driver_availability,driver,신훈채,신훈채,DRV_014,,,223,,130,650,655,10:50,10:55,F,False
driver_availability,driver,신훈채,신훈채,DRV_014,,,223,,131,655,660,10:55,11:00,F,False
driver_availability,driver,신훈채,신훈채,DRV_014,,,223,,132,660,665,11:00,11:05,F,False
driver_availability,driver,신훈채,신훈채,DRV_014,,,223,,133,665,670,11:05,11:10,F,False
driver_availability,driver,신훈채,신훈채,DRV_014,,,223,,134,670,675,11:10,11:15,F,False
driver_availability,driver,신훈채,신훈채,DRV_014,,,223,,135,675,680,11:15,11:20,F,False
driver_availability,driver,신훈채,신훈채,DRV_014,,,223,,136,680,685,11:20,11:25,F,False
driver_availability,driver,신훈채,신훈채,DRV_014,,,223,,137,685,690,11:25,11:30,F,False
driver_availability,driver,신훈채,신훈채,DRV_014,,,223,,138,690,695,11:30,11:35,F,False
driver_availability,driver,신훈채,신훈채,DRV_014,,,223,,139,695,700,11:35,11:40,F,False
driver_availability,driver,신훈채,신훈채,DRV_014,,,223,,140,700,705,11:40,11:45,F,False
driver_availability,driver,신훈채,신훈채,DRV_014,,,223,,141,705,710,11:45,11:50,F,False
driver_availability,driver,신훈채,신훈채,DRV_014,,,223,,142,710,715,11:50,11:55,F,False
driver_availability,driver,신훈채,신훈채,DRV_014,,,223,,143,715,720,11:55,12:00,F,False
driver_availability,driver,신훈채,신훈채,DRV_014,,,223,,144,720,725,12:00,12:05,F,False
driver_availability,driver,신훈채,신훈채,DRV_014,,,223,,145,725,730,12:05,12:10,F,False
driver_availability,driver,신훈채,신훈채,DRV_014,,,223,,146,730,735,12:10,12:15,F,False
driver_availability,driver,신훈채,신훈채,DRV_014,,,223,,147,735,740,12:15,12:20,F,False
driver_availability,driver,신훈채,신훈채,DRV_014,,,223,,148,740,745,12:20,12:25,F,False
driver_availability,driver,신훈채,신훈채,DRV_014,,,223,,149,745,750,12:25,12:30,F,False
driver_availability,driver,신훈채,신훈채,DRV_014,,,223,,150,750,755,12:30,12:35,F,False
driver_availability,driver,신훈채,신훈채,DRV_014,,,223,,151,755,760,12:35,12:40,F,False
driver_availability,driver,신훈채,신훈채,DRV_014,,,223,,152,760,765,12:40,12:45,F,False
driver_availability,driver,신훈채,신훈채,DRV_014,,,223,,153,765,770,12:45,12:50,F,False
driver_availability,driver,신훈채,신훈채,DRV_014,,,223,,154,770,775,12:50,12:55,F,False
driver_availability,driver,신훈채,신훈채,DRV_014,,,223,,155,775,780,12:55,13:00,F,False
driver_availability,driver,신훈채,신훈채,DRV_014,,,223,,156,780,785,13:00,13:05,F,False
driver_availability,driver,신훈채,신훈채,DRV_014,,,223,,157,785,790,13:05,13:10,F,False
driver_availability,driver,신훈채,신훈채,DRV_014,,,223,,158,790,795,13:10,13:15,F,False
driver_availability,driver,신훈채,신훈채,DRV_014,,,223,,159,795,800,13:15,13:20,F,False
driver_availability,driver,신훈채,신훈채,DRV_014,,,223,,160,800,805,13:20,13:25,F,False
driver_availability,driver,신훈채,신훈채,DRV_014,,,223,,161,805,810,13:25,13:30,F,False
driver_availability,driver,신훈채,신훈채,DRV_014,,,223,,162,810,815,13:30,13:35,F,False
driver_availability,driver,신훈채,신훈채,DRV_014,,,223,,163,815,820,13:35,13:40,F,False
driver_availability,driver,신훈채,신훈채,DRV_014,,,223,,164,820,825,13:40,13:45,F,False
driver_availability,driver,신훈채,신훈채,DRV_014,,,223,,165,825,830,13:45,13:50,F,False
driver_availability,driver,신훈채,신훈채,DRV_014,,,223,,166,830,835,13:50,13:55,F,False
driver_availability,driver,신훈채,신훈채,DRV_014,,,223,,167,835,840,13:55,14:00,F,False
driver_availability,driver,신훈채,신훈채,DRV_014,,,223,,168,840,845,14:00,14:05,F,False
driver_availability,driver,신훈채,신훈채,DRV_014,,,223,,169,845,850,14:05,14:10,F,False
driver_availability,driver,신훈채,신훈채,DRV_014,,,223,,170,850,855,14:10,14:15,F,False
driver_availability,driver,신훈채,신훈채,DRV_014,,,223,,171,855,860,14:15,14:20,F,False
driver_availability,driver,신훈채,신훈채,DRV_014,,,223,,172,860,865,14:20,14:25,F,False
driver_availability,driver,신훈채,신훈채,DRV_014,,,223,,173,865,870,14:25,14:30,F,False
driver_availability,driver,신훈채,신훈채,DRV_014,,,223,,174,870,875,14:30,14:35,F,False
driver_availability,driver,신훈채,신훈채,DRV_014,,,223,,175,875,880,14:35,14:40,F,False
driver_availability,driver,신훈채,신훈채,DRV_014,,,223,,176,880,885,14:40,14:45,F,False
driver_availability,driver,신훈채,신훈채,DRV_014,,,223,,177,885,890,14:45,14:50,F,False
driver_availability,driver,신훈채,신훈채,DRV_014,,,223,,178,890,895,14:50,14:55,F,False
driver_availability,driver,신훈채,신훈채,DRV_014,,,223,,179,895,900,14:55,15:00,F,False
driver_availability,driver,신훈채,신훈채,DRV_014,,,223,,180,900,905,15:00,15:05,F,False
driver_availability,driver,신훈채,신훈채,DRV_014,,,223,,181,905,910,15:05,15:10,F,False
driver_availability,driver,신훈채,신훈채,DRV_014,,,223,,182,910,915,15:10,15:15,F,False
driver_availability,driver,신훈채,신훈채,DRV_014,,,223,,183,915,920,15:15,15:20,F,False
driver_availability,driver,신훈채,신훈채,DRV_014,,,223,,184,920,925,15:20,15:25,F,False
driver_availability,driver,신훈채,신훈채,DRV_014,,,223,,185,925,930,15:25,15:30,F,False
driver_availability,driver,신훈채,신훈채,DRV_014,,,223,,186,930,935,15:30,15:35,F,False
driver_availability,driver,신훈채,신훈채,DRV_014,,,223,,187,935,940,15:35,15:40,F,False
driver_availability,driver,신훈채,신훈채,DRV_014,,,223,,188,940,945,15:40,15:45,F,False
driver_availability,driver,신훈채,신훈채,DRV_014,,,223,,189,945,950,15:45,15:50,F,False
driver_availability,driver,신훈채,신훈채,DRV_014,,,223,,190,950,955,15:50,15:55,F,False
driver_availability,driver,신훈채,신훈채,DRV_014,,,223,,191,955,960,15:55,16:00,F,False
driver_availability,driver,신훈채,신훈채,DRV_014,,,223,,192,960,965,16:00,16:05,F,False
driver_availability,driver,신훈채,신훈채,DRV_014,,,223,,193,965,970,16:05,16:10,F,False
driver_availability,driver,신훈채,신훈채,DRV_014,,,223,,194,970,975,16:10,16:15,F,False
driver_availability,driver,신훈채,신훈채,DRV_014,,,223,,195,975,980,16:15,16:20,F,False
driver_availability,driver,신훈채,신훈채,DRV_014,,,223,,196,980,985,16:20,16:25,F,False
driver_availability,driver,신훈채,신훈채,DRV_014,,,223,,197,985,990,16:25,16:30,F,False
driver_availability,driver,신훈채,신훈채,DRV_014,,,223,,198,990,995,16:30,16:35,F,False
driver_availability,driver,신훈채,신훈채,DRV_014,,,223,,199,995,1000,16:35,16:40,F,False
driver_availability,driver,신훈채,신훈채,DRV_014,,,223,,200,1000,1005,16:40,16:45,F,False
driver_availability,driver,신훈채,신훈채,DRV_014,,,223,,201,1005,1010,16:45,16:50,F,False
driver_availability,driver,신훈채,신훈채,DRV_014,,,223,,202,1010,1015,16:50,16:55,F,False
driver_availability,driver,신훈채,신훈채,DRV_014,,,223,,203,1015,1020,16:55,17:00,F,False
driver_availability,driver,신훈채,신훈채,DRV_014,,,223,,204,1020,1025,17:00,17:05,T,True
driver_availability,driver,신훈채,신훈채,DRV_014,,,223,,205,1025,1030,17:05,17:10,T,True
driver_availability,driver,신훈채,신훈채,DRV_014,,,223,,206,1030,1035,17:10,17:15,T,True
driver_availability,driver,신훈채,신훈채,DRV_014,,,223,,207,1035,1040,17:15,17:20,T,True
driver_availability,driver,신훈채,신훈채,DRV_014,,,223,,208,1040,1045,17:20,17:25,T,True
driver_availability,driver,신훈채,신훈채,DRV_014,,,223,,209,1045,1050,17:25,17:30,T,True
driver_availability,driver,신훈채,신훈채,DRV_014,,,223,,210,1050,1055,17:30,17:35,T,True
driver_availability,driver,신훈채,신훈채,DRV_014,,,223,,211,1055,1060,17:35,17:40,T,True
driver_availability,driver,신훈채,신훈채,DRV_014,,,223,,212,1060,1065,17:40,17:45,T,True
driver_availability,driver,신훈채,신훈채,DRV_014,,,223,,213,1065,1070,17:45,17:50,T,True
driver_availability,driver,신훈채,신훈채,DRV_014,,,223,,214,1070,1075,17:50,17:55,T,True
driver_availability,driver,신훈채,신훈채,DRV_014,,,223,,215,1075,1080,17:55,18:00,T,True
driver_availability,driver,신훈채,신훈채,DRV_014,,,223,,216,1080,1085,18:00,18:05,T,True
driver_availability,driver,신훈채,신훈채,DRV_014,,,223,,217,1085,1090,18:05,18:10,T,True
driver_availability,driver,신훈채,신훈채,DRV_014,,,223,,218,1090,1095,18:10,18:15,T,True
driver_availability,driver,신훈채,신훈채,DRV_014,,,223,,219,1095,1100,18:15,18:20,T,True
driver_availability,driver,신훈채,신훈채,DRV_014,,,223,,220,1100,1105,18:20,18:25,T,True
driver_availability,driver,신훈채,신훈채,DRV_014,,,223,,221,1105,1110,18:25,18:30,T,True
driver_availability,driver,신훈채,신훈채,DRV_014,,,223,,222,1110,1115,18:30,18:35,T,True
driver_availability,driver,신훈채,신훈채,DRV_014,,,223,,223,1115,1120,18:35,18:40,T,True
driver_availability,driver,신훈채,신훈채,DRV_014,,,223,,224,1120,1125,18:40,18:45,T,True
driver_availability,driver,신훈채,신훈채,DRV_014,,,223,,225,1125,1130,18:45,18:50,T,True
driver_availability,driver,신훈채,신훈채,DRV_014,,,223,,226,1130,1135,18:50,18:55,T,True
driver_availability,driver,신훈채,신훈채,DRV_014,,,223,,227,1135,1140,18:55,19:00,T,True
driver_availability,driver,신훈채,신훈채,DRV_014,,,223,,228,1140,1145,19:00,19:05,T,True
driver_availability,driver,신훈채,신훈채,DRV_014,,,223,,229,1145,1150,19:05,19:10,T,True
driver_availability,driver,신훈채,신훈채,DRV_014,,,223,,230,1150,1155,19:10,19:15,T,True
driver_availability,driver,신훈채,신훈채,DRV_014,,,223,,231,1155,1160,19:15,19:20,T,True
driver_availability,driver,신훈채,신훈채,DRV_014,,,223,,232,1160,1165,19:20,19:25,T,True
driver_availability,driver,신훈채,신훈채,DRV_014,,,223,,233,1165,1170,19:25,19:30,T,True
driver_availability,driver,신훈채,신훈채,DRV_014,,,223,,234,1170,1175,19:30,19:35,T,True
driver_availability,driver,신훈채,신훈채,DRV_014,,,223,,235,1175,1180,19:35,19:40,T,True
driver_availability,driver,신훈채,신훈채,DRV_014,,,223,,236,1180,1185,19:40,19:45,T,True
driver_availability,driver,신훈채,신훈채,DRV_014,,,223,,237,1185,1190,19:45,19:50,T,True
driver_availability,driver,신훈채,신훈채,DRV_014,,,223,,238,1190,1195,19:50,19:55,T,True
driver_availability,driver,신훈채,신훈채,DRV_014,,,223,,239,1195,1200,19:55,20:00,T,True
driver_availability,driver,신훈채,신훈채,DRV_014,,,223,,240,1200,1205,20:00,20:05,T,True
driver_availability,driver,신훈채,신훈채,DRV_014,,,223,,241,1205,1210,20:05,20:10,T,True
driver_availability,driver,신훈채,신훈채,DRV_014,,,223,,242,1210,1215,20:10,20:15,T,True
driver_availability,driver,신훈채,신훈채,DRV_014,,,223,,243,1215,1220,20:15,20:20,T,True
driver_availability,driver,신훈채,신훈채,DRV_014,,,223,,244,1220,1225,20:20,20:25,T,True
driver_availability,driver,신훈채,신훈채,DRV_014,,,223,,245,1225,1230,20:25,20:30,T,True
driver_availability,driver,신훈채,신훈채,DRV_014,,,223,,246,1230,1235,20:30,20:35,T,True
driver_availability,driver,신훈채,신훈채,DRV_014,,,223,,247,1235,1240,20:35,20:40,T,True
driver_availability,driver,신훈채,신훈채,DRV_014,,,223,,248,1240,1245,20:40,20:45,T,True
driver_availability,driver,신훈채,신훈채,DRV_014,,,223,,249,1245,1250,20:45,20:50,T,True
driver_availability,driver,신훈채,신훈채,DRV_014,,,223,,250,1250,1255,20:50,20:55,T,True
driver_availability,driver,신훈채,신훈채,DRV_014,,,223,,251,1255,1260,20:55,21:00,T,True
driver_availability,driver,신훈채,신훈채,DRV_014,,,223,,252,1260,1265,21:00,21:05,T,True
driver_availability,driver,신훈채,신훈채,DRV_014,,,223,,253,1265,1270,21:05,21:10,T,True
driver_availability,driver,신훈채,신훈채,DRV_014,,,223,,254,1270,1275,21:10,21:15,T,True
driver_availability,driver,신훈채,신훈채,DRV_014,,,223,,255,1275,1280,21:15,21:20,T,True
driver_availability,driver,신훈채,신훈채,DRV_014,,,223,,256,1280,1285,21:20,21:25,T,True
driver_availability,driver,신훈채,신훈채,DRV_014,,,223,,257,1285,1290,21:25,21:30,T,True
driver_availability,driver,신훈채,신훈채,DRV_014,,,223,,258,1290,1295,21:30,21:35,T,True
driver_availability,driver,신훈채,신훈채,DRV_014,,,223,,259,1295,1300,21:35,21:40,T,True
driver_availability,driver,신훈채,신훈채,DRV_014,,,223,,260,1300,1305,21:40,21:45,T,True
driver_availability,driver,신훈채,신훈채,DRV_014,,,223,,261,1305,1310,21:45,21:50,T,True
driver_availability,driver,신훈채,신훈채,DRV_014,,,223,,262,1310,1315,21:50,21:55,T,True
driver_availability,driver,신훈채,신훈채,DRV_014,,,223,,263,1315,1320,21:55,22:00,T,True
driver_availability,driver,신훈채,신훈채,DRV_014,,,223,,264,1320,1325,22:00,22:05,T,True
driver_availability,driver,신훈채,신훈채,DRV_014,,,223,,265,1325,1330,22:05,22:10,T,True
driver_availability,driver,신훈채,신훈채,DRV_014,,,223,,266,1330,1335,22:10,22:15,T,True
driver_availability,driver,신훈채,신훈채,DRV_014,,,223,,267,1335,1340,22:15,22:20,T,True
driver_availability,driver,신훈채,신훈채,DRV_014,,,223,,268,1340,1345,22:20,22:25,T,True
driver_availability,driver,신훈채,신훈채,DRV_014,,,223,,269,1345,1350,22:25,22:30,T,True
driver_availability,driver,신훈채,신훈채,DRV_014,,,223,,270,1350,1355,22:30,22:35,T,True
driver_availability,driver,신훈채,신훈채,DRV_014,,,223,,271,1355,1360,22:35,22:40,T,True
driver_availability,driver,신훈채,신훈채,DRV_014,,,223,,272,1360,1365,22:40,22:45,T,True
driver_availability,driver,신훈채,신훈채,DRV_014,,,223,,273,1365,1370,22:45,22:50,T,True
driver_availability,driver,신훈채,신훈채,DRV_014,,,223,,274,1370,1375,22:50,22:55,T,True
driver_availability,driver,신훈채,신훈채,DRV_014,,,223,,275,1375,1380,22:55,23:00,T,True
driver_availability,driver,신훈채,신훈채,DRV_014,,,223,,276,1380,1385,23:00,23:05,T,True
driver_availability,driver,신훈채,신훈채,DRV_014,,,223,,277,1385,1390,23:05,23:10,T,True
driver_availability,driver,신훈채,신훈채,DRV_014,,,223,,278,1390,1395,23:10,23:15,T,True
driver_availability,driver,신훈채,신훈채,DRV_014,,,223,,279,1395,1400,23:15,23:20,T,True
driver_availability,driver,신훈채,신훈채,DRV_014,,,223,,280,1400,1405,23:20,23:25,T,True
driver_availability,driver,신훈채,신훈채,DRV_014,,,223,,281,1405,1410,23:25,23:30,T,True
driver_availability,driver,신훈채,신훈채,DRV_014,,,223,,282,1410,1415,23:30,23:35,T,True
driver_availability,driver,신훈채,신훈채,DRV_014,,,223,,283,1415,1420,23:35,23:40,T,True
driver_availability,driver,신훈채,신훈채,DRV_014,,,223,,284,1420,1425,23:40,23:45,T,True
driver_availability,driver,신훈채,신훈채,DRV_014,,,223,,285,1425,1430,23:45,23:50,T,True
driver_availability,driver,신훈채,신훈채,DRV_014,,,223,,286,1430,1435,23:50,23:55,T,True
driver_availability,driver,신훈채,신훈채,DRV_014,,,223,,287,1435,1440,23:55,24:00,T,True
driver_availability,driver,이준승,이준승,DRV_015,,,223,,0,0,5,00:00,00:05,T,True
driver_availability,driver,이준승,이준승,DRV_015,,,223,,1,5,10,00:05,00:10,T,True
driver_availability,driver,이준승,이준승,DRV_015,,,223,,2,10,15,00:10,00:15,T,True
driver_availability,driver,이준승,이준승,DRV_015,,,223,,3,15,20,00:15,00:20,T,True
driver_availability,driver,이준승,이준승,DRV_015,,,223,,4,20,25,00:20,00:25,T,True
driver_availability,driver,이준승,이준승,DRV_015,,,223,,5,25,30,00:25,00:30,T,True
driver_availability,driver,이준승,이준승,DRV_015,,,223,,6,30,35,00:30,00:35,T,True
driver_availability,driver,이준승,이준승,DRV_015,,,223,,7,35,40,00:35,00:40,T,True
driver_availability,driver,이준승,이준승,DRV_015,,,223,,8,40,45,00:40,00:45,T,True
driver_availability,driver,이준승,이준승,DRV_015,,,223,,9,45,50,00:45,00:50,T,True
driver_availability,driver,이준승,이준승,DRV_015,,,223,,10,50,55,00:50,00:55,T,True
driver_availability,driver,이준승,이준승,DRV_015,,,223,,11,55,60,00:55,01:00,T,True
driver_availability,driver,이준승,이준승,DRV_015,,,223,,12,60,65,01:00,01:05,T,True
driver_availability,driver,이준승,이준승,DRV_015,,,223,,13,65,70,01:05,01:10,T,True
driver_availability,driver,이준승,이준승,DRV_015,,,223,,14,70,75,01:10,01:15,T,True
driver_availability,driver,이준승,이준승,DRV_015,,,223,,15,75,80,01:15,01:20,T,True
driver_availability,driver,이준승,이준승,DRV_015,,,223,,16,80,85,01:20,01:25,T,True
driver_availability,driver,이준승,이준승,DRV_015,,,223,,17,85,90,01:25,01:30,T,True
driver_availability,driver,이준승,이준승,DRV_015,,,223,,18,90,95,01:30,01:35,T,True
driver_availability,driver,이준승,이준승,DRV_015,,,223,,19,95,100,01:35,01:40,T,True
driver_availability,driver,이준승,이준승,DRV_015,,,223,,20,100,105,01:40,01:45,T,True
driver_availability,driver,이준승,이준승,DRV_015,,,223,,21,105,110,01:45,01:50,T,True
driver_availability,driver,이준승,이준승,DRV_015,,,223,,22,110,115,01:50,01:55,T,True
driver_availability,driver,이준승,이준승,DRV_015,,,223,,23,115,120,01:55,02:00,T,True
driver_availability,driver,이준승,이준승,DRV_015,,,223,,24,120,125,02:00,02:05,T,True
driver_availability,driver,이준승,이준승,DRV_015,,,223,,25,125,130,02:05,02:10,T,True
driver_availability,driver,이준승,이준승,DRV_015,,,223,,26,130,135,02:10,02:15,T,True
driver_availability,driver,이준승,이준승,DRV_015,,,223,,27,135,140,02:15,02:20,T,True
driver_availability,driver,이준승,이준승,DRV_015,,,223,,28,140,145,02:20,02:25,T,True
driver_availability,driver,이준승,이준승,DRV_015,,,223,,29,145,150,02:25,02:30,T,True
driver_availability,driver,이준승,이준승,DRV_015,,,223,,30,150,155,02:30,02:35,T,True
driver_availability,driver,이준승,이준승,DRV_015,,,223,,31,155,160,02:35,02:40,T,True
driver_availability,driver,이준승,이준승,DRV_015,,,223,,32,160,165,02:40,02:45,T,True
driver_availability,driver,이준승,이준승,DRV_015,,,223,,33,165,170,02:45,02:50,T,True
driver_availability,driver,이준승,이준승,DRV_015,,,223,,34,170,175,02:50,02:55,T,True
driver_availability,driver,이준승,이준승,DRV_015,,,223,,35,175,180,02:55,03:00,T,True
driver_availability,driver,이준승,이준승,DRV_015,,,223,,36,180,185,03:00,03:05,T,True
driver_availability,driver,이준승,이준승,DRV_015,,,223,,37,185,190,03:05,03:10,T,True
driver_availability,driver,이준승,이준승,DRV_015,,,223,,38,190,195,03:10,03:15,T,True
driver_availability,driver,이준승,이준승,DRV_015,,,223,,39,195,200,03:15,03:20,T,True
driver_availability,driver,이준승,이준승,DRV_015,,,223,,40,200,205,03:20,03:25,T,True
driver_availability,driver,이준승,이준승,DRV_015,,,223,,41,205,210,03:25,03:30,T,True
driver_availability,driver,이준승,이준승,DRV_015,,,223,,42,210,215,03:30,03:35,T,True
driver_availability,driver,이준승,이준승,DRV_015,,,223,,43,215,220,03:35,03:40,T,True
driver_availability,driver,이준승,이준승,DRV_015,,,223,,44,220,225,03:40,03:45,T,True
driver_availability,driver,이준승,이준승,DRV_015,,,223,,45,225,230,03:45,03:50,T,True
driver_availability,driver,이준승,이준승,DRV_015,,,223,,46,230,235,03:50,03:55,T,True
driver_availability,driver,이준승,이준승,DRV_015,,,223,,47,235,240,03:55,04:00,T,True
driver_availability,driver,이준승,이준승,DRV_015,,,223,,48,240,245,04:00,04:05,T,True
driver_availability,driver,이준승,이준승,DRV_015,,,223,,49,245,250,04:05,04:10,T,True
driver_availability,driver,이준승,이준승,DRV_015,,,223,,50,250,255,04:10,04:15,T,True
driver_availability,driver,이준승,이준승,DRV_015,,,223,,51,255,260,04:15,04:20,T,True
driver_availability,driver,이준승,이준승,DRV_015,,,223,,52,260,265,04:20,04:25,T,True
driver_availability,driver,이준승,이준승,DRV_015,,,223,,53,265,270,04:25,04:30,T,True
driver_availability,driver,이준승,이준승,DRV_015,,,223,,54,270,275,04:30,04:35,T,True
driver_availability,driver,이준승,이준승,DRV_015,,,223,,55,275,280,04:35,04:40,T,True
driver_availability,driver,이준승,이준승,DRV_015,,,223,,56,280,285,04:40,04:45,T,True
driver_availability,driver,이준승,이준승,DRV_015,,,223,,57,285,290,04:45,04:50,T,True
driver_availability,driver,이준승,이준승,DRV_015,,,223,,58,290,295,04:50,04:55,T,True
driver_availability,driver,이준승,이준승,DRV_015,,,223,,59,295,300,04:55,05:00,T,True
driver_availability,driver,이준승,이준승,DRV_015,,,223,,60,300,305,05:00,05:05,T,True
driver_availability,driver,이준승,이준승,DRV_015,,,223,,61,305,310,05:05,05:10,T,True
driver_availability,driver,이준승,이준승,DRV_015,,,223,,62,310,315,05:10,05:15,T,True
driver_availability,driver,이준승,이준승,DRV_015,,,223,,63,315,320,05:15,05:20,T,True
driver_availability,driver,이준승,이준승,DRV_015,,,223,,64,320,325,05:20,05:25,T,True
driver_availability,driver,이준승,이준승,DRV_015,,,223,,65,325,330,05:25,05:30,T,True
driver_availability,driver,이준승,이준승,DRV_015,,,223,,66,330,335,05:30,05:35,T,True
driver_availability,driver,이준승,이준승,DRV_015,,,223,,67,335,340,05:35,05:40,T,True
driver_availability,driver,이준승,이준승,DRV_015,,,223,,68,340,345,05:40,05:45,T,True
driver_availability,driver,이준승,이준승,DRV_015,,,223,,69,345,350,05:45,05:50,T,True
driver_availability,driver,이준승,이준승,DRV_015,,,223,,70,350,355,05:50,05:55,T,True
driver_availability,driver,이준승,이준승,DRV_015,,,223,,71,355,360,05:55,06:00,T,True
driver_availability,driver,이준승,이준승,DRV_015,,,223,,72,360,365,06:00,06:05,T,True
driver_availability,driver,이준승,이준승,DRV_015,,,223,,73,365,370,06:05,06:10,T,True
driver_availability,driver,이준승,이준승,DRV_015,,,223,,74,370,375,06:10,06:15,T,True
driver_availability,driver,이준승,이준승,DRV_015,,,223,,75,375,380,06:15,06:20,T,True
driver_availability,driver,이준승,이준승,DRV_015,,,223,,76,380,385,06:20,06:25,T,True
driver_availability,driver,이준승,이준승,DRV_015,,,223,,77,385,390,06:25,06:30,T,True
driver_availability,driver,이준승,이준승,DRV_015,,,223,,78,390,395,06:30,06:35,T,True
driver_availability,driver,이준승,이준승,DRV_015,,,223,,79,395,400,06:35,06:40,T,True
driver_availability,driver,이준승,이준승,DRV_015,,,223,,80,400,405,06:40,06:45,T,True
driver_availability,driver,이준승,이준승,DRV_015,,,223,,81,405,410,06:45,06:50,T,True
driver_availability,driver,이준승,이준승,DRV_015,,,223,,82,410,415,06:50,06:55,T,True
driver_availability,driver,이준승,이준승,DRV_015,,,223,,83,415,420,06:55,07:00,T,True
driver_availability,driver,이준승,이준승,DRV_015,,,223,,84,420,425,07:00,07:05,T,True
driver_availability,driver,이준승,이준승,DRV_015,,,223,,85,425,430,07:05,07:10,T,True
driver_availability,driver,이준승,이준승,DRV_015,,,223,,86,430,435,07:10,07:15,T,True
driver_availability,driver,이준승,이준승,DRV_015,,,223,,87,435,440,07:15,07:20,T,True
driver_availability,driver,이준승,이준승,DRV_015,,,223,,88,440,445,07:20,07:25,T,True
driver_availability,driver,이준승,이준승,DRV_015,,,223,,89,445,450,07:25,07:30,T,True
driver_availability,driver,이준승,이준승,DRV_015,,,223,,90,450,455,07:30,07:35,T,True
driver_availability,driver,이준승,이준승,DRV_015,,,223,,91,455,460,07:35,07:40,T,True
driver_availability,driver,이준승,이준승,DRV_015,,,223,,92,460,465,07:40,07:45,T,True
driver_availability,driver,이준승,이준승,DRV_015,,,223,,93,465,470,07:45,07:50,T,True
driver_availability,driver,이준승,이준승,DRV_015,,,223,,94,470,475,07:50,07:55,T,True
driver_availability,driver,이준승,이준승,DRV_015,,,223,,95,475,480,07:55,08:00,T,True
driver_availability,driver,이준승,이준승,DRV_015,,,223,,96,480,485,08:00,08:05,F,False
driver_availability,driver,이준승,이준승,DRV_015,,,223,,97,485,490,08:05,08:10,F,False
driver_availability,driver,이준승,이준승,DRV_015,,,223,,98,490,495,08:10,08:15,F,False
driver_availability,driver,이준승,이준승,DRV_015,,,223,,99,495,500,08:15,08:20,F,False
driver_availability,driver,이준승,이준승,DRV_015,,,223,,100,500,505,08:20,08:25,F,False
driver_availability,driver,이준승,이준승,DRV_015,,,223,,101,505,510,08:25,08:30,F,False
driver_availability,driver,이준승,이준승,DRV_015,,,223,,102,510,515,08:30,08:35,F,False
driver_availability,driver,이준승,이준승,DRV_015,,,223,,103,515,520,08:35,08:40,F,False
driver_availability,driver,이준승,이준승,DRV_015,,,223,,104,520,525,08:40,08:45,F,False
driver_availability,driver,이준승,이준승,DRV_015,,,223,,105,525,530,08:45,08:50,F,False
driver_availability,driver,이준승,이준승,DRV_015,,,223,,106,530,535,08:50,08:55,F,False
driver_availability,driver,이준승,이준승,DRV_015,,,223,,107,535,540,08:55,09:00,F,False
driver_availability,driver,이준승,이준승,DRV_015,,,223,,108,540,545,09:00,09:05,F,False
driver_availability,driver,이준승,이준승,DRV_015,,,223,,109,545,550,09:05,09:10,F,False
driver_availability,driver,이준승,이준승,DRV_015,,,223,,110,550,555,09:10,09:15,F,False
driver_availability,driver,이준승,이준승,DRV_015,,,223,,111,555,560,09:15,09:20,F,False
driver_availability,driver,이준승,이준승,DRV_015,,,223,,112,560,565,09:20,09:25,F,False
driver_availability,driver,이준승,이준승,DRV_015,,,223,,113,565,570,09:25,09:30,F,False
driver_availability,driver,이준승,이준승,DRV_015,,,223,,114,570,575,09:30,09:35,F,False
driver_availability,driver,이준승,이준승,DRV_015,,,223,,115,575,580,09:35,09:40,F,False
driver_availability,driver,이준승,이준승,DRV_015,,,223,,116,580,585,09:40,09:45,F,False
driver_availability,driver,이준승,이준승,DRV_015,,,223,,117,585,590,09:45,09:50,F,False
driver_availability,driver,이준승,이준승,DRV_015,,,223,,118,590,595,09:50,09:55,F,False
driver_availability,driver,이준승,이준승,DRV_015,,,223,,119,595,600,09:55,10:00,F,False
driver_availability,driver,이준승,이준승,DRV_015,,,223,,120,600,605,10:00,10:05,F,False
driver_availability,driver,이준승,이준승,DRV_015,,,223,,121,605,610,10:05,10:10,F,False
driver_availability,driver,이준승,이준승,DRV_015,,,223,,122,610,615,10:10,10:15,F,False
driver_availability,driver,이준승,이준승,DRV_015,,,223,,123,615,620,10:15,10:20,F,False
driver_availability,driver,이준승,이준승,DRV_015,,,223,,124,620,625,10:20,10:25,F,False
driver_availability,driver,이준승,이준승,DRV_015,,,223,,125,625,630,10:25,10:30,F,False
driver_availability,driver,이준승,이준승,DRV_015,,,223,,126,630,635,10:30,10:35,F,False
driver_availability,driver,이준승,이준승,DRV_015,,,223,,127,635,640,10:35,10:40,F,False
driver_availability,driver,이준승,이준승,DRV_015,,,223,,128,640,645,10:40,10:45,F,False
driver_availability,driver,이준승,이준승,DRV_015,,,223,,129,645,650,10:45,10:50,F,False
driver_availability,driver,이준승,이준승,DRV_015,,,223,,130,650,655,10:50,10:55,F,False
driver_availability,driver,이준승,이준승,DRV_015,,,223,,131,655,660,10:55,11:00,F,False
driver_availability,driver,이준승,이준승,DRV_015,,,223,,132,660,665,11:00,11:05,F,False
driver_availability,driver,이준승,이준승,DRV_015,,,223,,133,665,670,11:05,11:10,F,False
driver_availability,driver,이준승,이준승,DRV_015,,,223,,134,670,675,11:10,11:15,F,False
driver_availability,driver,이준승,이준승,DRV_015,,,223,,135,675,680,11:15,11:20,F,False
driver_availability,driver,이준승,이준승,DRV_015,,,223,,136,680,685,11:20,11:25,F,False
driver_availability,driver,이준승,이준승,DRV_015,,,223,,137,685,690,11:25,11:30,F,False
driver_availability,driver,이준승,이준승,DRV_015,,,223,,138,690,695,11:30,11:35,F,False
driver_availability,driver,이준승,이준승,DRV_015,,,223,,139,695,700,11:35,11:40,F,False
driver_availability,driver,이준승,이준승,DRV_015,,,223,,140,700,705,11:40,11:45,F,False
driver_availability,driver,이준승,이준승,DRV_015,,,223,,141,705,710,11:45,11:50,F,False
driver_availability,driver,이준승,이준승,DRV_015,,,223,,142,710,715,11:50,11:55,F,False
driver_availability,driver,이준승,이준승,DRV_015,,,223,,143,715,720,11:55,12:00,F,False
driver_availability,driver,이준승,이준승,DRV_015,,,223,,144,720,725,12:00,12:05,F,False
driver_availability,driver,이준승,이준승,DRV_015,,,223,,145,725,730,12:05,12:10,F,False
driver_availability,driver,이준승,이준승,DRV_015,,,223,,146,730,735,12:10,12:15,F,False
driver_availability,driver,이준승,이준승,DRV_015,,,223,,147,735,740,12:15,12:20,F,False
driver_availability,driver,이준승,이준승,DRV_015,,,223,,148,740,745,12:20,12:25,F,False
driver_availability,driver,이준승,이준승,DRV_015,,,223,,149,745,750,12:25,12:30,F,False
driver_availability,driver,이준승,이준승,DRV_015,,,223,,150,750,755,12:30,12:35,F,False
driver_availability,driver,이준승,이준승,DRV_015,,,223,,151,755,760,12:35,12:40,F,False
driver_availability,driver,이준승,이준승,DRV_015,,,223,,152,760,765,12:40,12:45,F,False
driver_availability,driver,이준승,이준승,DRV_015,,,223,,153,765,770,12:45,12:50,F,False
driver_availability,driver,이준승,이준승,DRV_015,,,223,,154,770,775,12:50,12:55,F,False
driver_availability,driver,이준승,이준승,DRV_015,,,223,,155,775,780,12:55,13:00,F,False
driver_availability,driver,이준승,이준승,DRV_015,,,223,,156,780,785,13:00,13:05,F,False
driver_availability,driver,이준승,이준승,DRV_015,,,223,,157,785,790,13:05,13:10,F,False
driver_availability,driver,이준승,이준승,DRV_015,,,223,,158,790,795,13:10,13:15,F,False
driver_availability,driver,이준승,이준승,DRV_015,,,223,,159,795,800,13:15,13:20,F,False
driver_availability,driver,이준승,이준승,DRV_015,,,223,,160,800,805,13:20,13:25,F,False
driver_availability,driver,이준승,이준승,DRV_015,,,223,,161,805,810,13:25,13:30,F,False
driver_availability,driver,이준승,이준승,DRV_015,,,223,,162,810,815,13:30,13:35,F,False
driver_availability,driver,이준승,이준승,DRV_015,,,223,,163,815,820,13:35,13:40,F,False
driver_availability,driver,이준승,이준승,DRV_015,,,223,,164,820,825,13:40,13:45,F,False
driver_availability,driver,이준승,이준승,DRV_015,,,223,,165,825,830,13:45,13:50,F,False
driver_availability,driver,이준승,이준승,DRV_015,,,223,,166,830,835,13:50,13:55,F,False
driver_availability,driver,이준승,이준승,DRV_015,,,223,,167,835,840,13:55,14:00,F,False
driver_availability,driver,이준승,이준승,DRV_015,,,223,,168,840,845,14:00,14:05,F,False
driver_availability,driver,이준승,이준승,DRV_015,,,223,,169,845,850,14:05,14:10,F,False
driver_availability,driver,이준승,이준승,DRV_015,,,223,,170,850,855,14:10,14:15,F,False
driver_availability,driver,이준승,이준승,DRV_015,,,223,,171,855,860,14:15,14:20,F,False
driver_availability,driver,이준승,이준승,DRV_015,,,223,,172,860,865,14:20,14:25,F,False
driver_availability,driver,이준승,이준승,DRV_015,,,223,,173,865,870,14:25,14:30,F,False
driver_availability,driver,이준승,이준승,DRV_015,,,223,,174,870,875,14:30,14:35,F,False
driver_availability,driver,이준승,이준승,DRV_015,,,223,,175,875,880,14:35,14:40,F,False
driver_availability,driver,이준승,이준승,DRV_015,,,223,,176,880,885,14:40,14:45,F,False
driver_availability,driver,이준승,이준승,DRV_015,,,223,,177,885,890,14:45,14:50,F,False
driver_availability,driver,이준승,이준승,DRV_015,,,223,,178,890,895,14:50,14:55,F,False
driver_availability,driver,이준승,이준승,DRV_015,,,223,,179,895,900,14:55,15:00,F,False
driver_availability,driver,이준승,이준승,DRV_015,,,223,,180,900,905,15:00,15:05,F,False
driver_availability,driver,이준승,이준승,DRV_015,,,223,,181,905,910,15:05,15:10,F,False
driver_availability,driver,이준승,이준승,DRV_015,,,223,,182,910,915,15:10,15:15,F,False
driver_availability,driver,이준승,이준승,DRV_015,,,223,,183,915,920,15:15,15:20,F,False
driver_availability,driver,이준승,이준승,DRV_015,,,223,,184,920,925,15:20,15:25,F,False
driver_availability,driver,이준승,이준승,DRV_015,,,223,,185,925,930,15:25,15:30,F,False
driver_availability,driver,이준승,이준승,DRV_015,,,223,,186,930,935,15:30,15:35,F,False
driver_availability,driver,이준승,이준승,DRV_015,,,223,,187,935,940,15:35,15:40,F,False
driver_availability,driver,이준승,이준승,DRV_015,,,223,,188,940,945,15:40,15:45,F,False
driver_availability,driver,이준승,이준승,DRV_015,,,223,,189,945,950,15:45,15:50,F,False
driver_availability,driver,이준승,이준승,DRV_015,,,223,,190,950,955,15:50,15:55,F,False
driver_availability,driver,이준승,이준승,DRV_015,,,223,,191,955,960,15:55,16:00,F,False
driver_availability,driver,이준승,이준승,DRV_015,,,223,,192,960,965,16:00,16:05,F,False
driver_availability,driver,이준승,이준승,DRV_015,,,223,,193,965,970,16:05,16:10,F,False
driver_availability,driver,이준승,이준승,DRV_015,,,223,,194,970,975,16:10,16:15,F,False
driver_availability,driver,이준승,이준승,DRV_015,,,223,,195,975,980,16:15,16:20,F,False
driver_availability,driver,이준승,이준승,DRV_015,,,223,,196,980,985,16:20,16:25,F,False
driver_availability,driver,이준승,이준승,DRV_015,,,223,,197,985,990,16:25,16:30,F,False
driver_availability,driver,이준승,이준승,DRV_015,,,223,,198,990,995,16:30,16:35,F,False
driver_availability,driver,이준승,이준승,DRV_015,,,223,,199,995,1000,16:35,16:40,F,False
driver_availability,driver,이준승,이준승,DRV_015,,,223,,200,1000,1005,16:40,16:45,F,False
driver_availability,driver,이준승,이준승,DRV_015,,,223,,201,1005,1010,16:45,16:50,F,False
driver_availability,driver,이준승,이준승,DRV_015,,,223,,202,1010,1015,16:50,16:55,F,False
driver_availability,driver,이준승,이준승,DRV_015,,,223,,203,1015,1020,16:55,17:00,F,False
driver_availability,driver,이준승,이준승,DRV_015,,,223,,204,1020,1025,17:00,17:05,T,True
driver_availability,driver,이준승,이준승,DRV_015,,,223,,205,1025,1030,17:05,17:10,T,True
driver_availability,driver,이준승,이준승,DRV_015,,,223,,206,1030,1035,17:10,17:15,T,True
driver_availability,driver,이준승,이준승,DRV_015,,,223,,207,1035,1040,17:15,17:20,T,True
driver_availability,driver,이준승,이준승,DRV_015,,,223,,208,1040,1045,17:20,17:25,T,True
driver_availability,driver,이준승,이준승,DRV_015,,,223,,209,1045,1050,17:25,17:30,T,True
driver_availability,driver,이준승,이준승,DRV_015,,,223,,210,1050,1055,17:30,17:35,T,True
driver_availability,driver,이준승,이준승,DRV_015,,,223,,211,1055,1060,17:35,17:40,T,True
driver_availability,driver,이준승,이준승,DRV_015,,,223,,212,1060,1065,17:40,17:45,T,True
driver_availability,driver,이준승,이준승,DRV_015,,,223,,213,1065,1070,17:45,17:50,T,True
driver_availability,driver,이준승,이준승,DRV_015,,,223,,214,1070,1075,17:50,17:55,T,True
driver_availability,driver,이준승,이준승,DRV_015,,,223,,215,1075,1080,17:55,18:00,T,True
driver_availability,driver,이준승,이준승,DRV_015,,,223,,216,1080,1085,18:00,18:05,T,True
driver_availability,driver,이준승,이준승,DRV_015,,,223,,217,1085,1090,18:05,18:10,T,True
driver_availability,driver,이준승,이준승,DRV_015,,,223,,218,1090,1095,18:10,18:15,T,True
driver_availability,driver,이준승,이준승,DRV_015,,,223,,219,1095,1100,18:15,18:20,T,True
driver_availability,driver,이준승,이준승,DRV_015,,,223,,220,1100,1105,18:20,18:25,T,True
driver_availability,driver,이준승,이준승,DRV_015,,,223,,221,1105,1110,18:25,18:30,T,True
driver_availability,driver,이준승,이준승,DRV_015,,,223,,222,1110,1115,18:30,18:35,T,True
driver_availability,driver,이준승,이준승,DRV_015,,,223,,223,1115,1120,18:35,18:40,T,True
driver_availability,driver,이준승,이준승,DRV_015,,,223,,224,1120,1125,18:40,18:45,T,True
driver_availability,driver,이준승,이준승,DRV_015,,,223,,225,1125,1130,18:45,18:50,T,True
driver_availability,driver,이준승,이준승,DRV_015,,,223,,226,1130,1135,18:50,18:55,T,True
driver_availability,driver,이준승,이준승,DRV_015,,,223,,227,1135,1140,18:55,19:00,T,True
driver_availability,driver,이준승,이준승,DRV_015,,,223,,228,1140,1145,19:00,19:05,T,True
driver_availability,driver,이준승,이준승,DRV_015,,,223,,229,1145,1150,19:05,19:10,T,True
driver_availability,driver,이준승,이준승,DRV_015,,,223,,230,1150,1155,19:10,19:15,T,True
driver_availability,driver,이준승,이준승,DRV_015,,,223,,231,1155,1160,19:15,19:20,T,True
driver_availability,driver,이준승,이준승,DRV_015,,,223,,232,1160,1165,19:20,19:25,T,True
driver_availability,driver,이준승,이준승,DRV_015,,,223,,233,1165,1170,19:25,19:30,T,True
driver_availability,driver,이준승,이준승,DRV_015,,,223,,234,1170,1175,19:30,19:35,T,True
driver_availability,driver,이준승,이준승,DRV_015,,,223,,235,1175,1180,19:35,19:40,T,True
driver_availability,driver,이준승,이준승,DRV_015,,,223,,236,1180,1185,19:40,19:45,T,True
driver_availability,driver,이준승,이준승,DRV_015,,,223,,237,1185,1190,19:45,19:50,T,True
driver_availability,driver,이준승,이준승,DRV_015,,,223,,238,1190,1195,19:50,19:55,T,True
driver_availability,driver,이준승,이준승,DRV_015,,,223,,239,1195,1200,19:55,20:00,T,True
driver_availability,driver,이준승,이준승,DRV_015,,,223,,240,1200,1205,20:00,20:05,T,True
driver_availability,driver,이준승,이준승,DRV_015,,,223,,241,1205,1210,20:05,20:10,T,True
driver_availability,driver,이준승,이준승,DRV_015,,,223,,242,1210,1215,20:10,20:15,T,True
driver_availability,driver,이준승,이준승,DRV_015,,,223,,243,1215,1220,20:15,20:20,T,True
driver_availability,driver,이준승,이준승,DRV_015,,,223,,244,1220,1225,20:20,20:25,T,True
driver_availability,driver,이준승,이준승,DRV_015,,,223,,245,1225,1230,20:25,20:30,T,True
driver_availability,driver,이준승,이준승,DRV_015,,,223,,246,1230,1235,20:30,20:35,T,True
driver_availability,driver,이준승,이준승,DRV_015,,,223,,247,1235,1240,20:35,20:40,T,True
driver_availability,driver,이준승,이준승,DRV_015,,,223,,248,1240,1245,20:40,20:45,T,True
driver_availability,driver,이준승,이준승,DRV_015,,,223,,249,1245,1250,20:45,20:50,T,True
driver_availability,driver,이준승,이준승,DRV_015,,,223,,250,1250,1255,20:50,20:55,T,True
driver_availability,driver,이준승,이준승,DRV_015,,,223,,251,1255,1260,20:55,21:00,T,True
driver_availability,driver,이준승,이준승,DRV_015,,,223,,252,1260,1265,21:00,21:05,T,True
driver_availability,driver,이준승,이준승,DRV_015,,,223,,253,1265,1270,21:05,21:10,T,True
driver_availability,driver,이준승,이준승,DRV_015,,,223,,254,1270,1275,21:10,21:15,T,True
driver_availability,driver,이준승,이준승,DRV_015,,,223,,255,1275,1280,21:15,21:20,T,True
driver_availability,driver,이준승,이준승,DRV_015,,,223,,256,1280,1285,21:20,21:25,T,True
driver_availability,driver,이준승,이준승,DRV_015,,,223,,257,1285,1290,21:25,21:30,T,True
driver_availability,driver,이준승,이준승,DRV_015,,,223,,258,1290,1295,21:30,21:35,T,True
driver_availability,driver,이준승,이준승,DRV_015,,,223,,259,1295,1300,21:35,21:40,T,True
driver_availability,driver,이준승,이준승,DRV_015,,,223,,260,1300,1305,21:40,21:45,T,True
driver_availability,driver,이준승,이준승,DRV_015,,,223,,261,1305,1310,21:45,21:50,T,True
driver_availability,driver,이준승,이준승,DRV_015,,,223,,262,1310,1315,21:50,21:55,T,True
driver_availability,driver,이준승,이준승,DRV_015,,,223,,263,1315,1320,21:55,22:00,T,True
driver_availability,driver,이준승,이준승,DRV_015,,,223,,264,1320,1325,22:00,22:05,T,True
driver_availability,driver,이준승,이준승,DRV_015,,,223,,265,1325,1330,22:05,22:10,T,True
driver_availability,driver,이준승,이준승,DRV_015,,,223,,266,1330,1335,22:10,22:15,T,True
driver_availability,driver,이준승,이준승,DRV_015,,,223,,267,1335,1340,22:15,22:20,T,True
driver_availability,driver,이준승,이준승,DRV_015,,,223,,268,1340,1345,22:20,22:25,T,True
driver_availability,driver,이준승,이준승,DRV_015,,,223,,269,1345,1350,22:25,22:30,T,True
driver_availability,driver,이준승,이준승,DRV_015,,,223,,270,1350,1355,22:30,22:35,T,True
driver_availability,driver,이준승,이준승,DRV_015,,,223,,271,1355,1360,22:35,22:40,T,True
driver_availability,driver,이준승,이준승,DRV_015,,,223,,272,1360,1365,22:40,22:45,T,True
driver_availability,driver,이준승,이준승,DRV_015,,,223,,273,1365,1370,22:45,22:50,T,True
driver_availability,driver,이준승,이준승,DRV_015,,,223,,274,1370,1375,22:50,22:55,T,True
driver_availability,driver,이준승,이준승,DRV_015,,,223,,275,1375,1380,22:55,23:00,T,True
driver_availability,driver,이준승,이준승,DRV_015,,,223,,276,1380,1385,23:00,23:05,T,True
driver_availability,driver,이준승,이준승,DRV_015,,,223,,277,1385,1390,23:05,23:10,T,True
driver_availability,driver,이준승,이준승,DRV_015,,,223,,278,1390,1395,23:10,23:15,T,True
driver_availability,driver,이준승,이준승,DRV_015,,,223,,279,1395,1400,23:15,23:20,T,True
driver_availability,driver,이준승,이준승,DRV_015,,,223,,280,1400,1405,23:20,23:25,T,True
driver_availability,driver,이준승,이준승,DRV_015,,,223,,281,1405,1410,23:25,23:30,T,True
driver_availability,driver,이준승,이준승,DRV_015,,,223,,282,1410,1415,23:30,23:35,T,True
driver_availability,driver,이준승,이준승,DRV_015,,,223,,283,1415,1420,23:35,23:40,T,True
driver_availability,driver,이준승,이준승,DRV_015,,,223,,284,1420,1425,23:40,23:45,T,True
driver_availability,driver,이준승,이준승,DRV_015,,,223,,285,1425,1430,23:45,23:50,T,True
driver_availability,driver,이준승,이준승,DRV_015,,,223,,286,1430,1435,23:50,23:55,T,True
driver_availability,driver,이준승,이준승,DRV_015,,,223,,287,1435,1440,23:55,24:00,T,True
driver_availability,driver,노호은,노호은,DRV_016,,,333,외출(17:00-21:30),0,0,5,00:00,00:05,T,True
driver_availability,driver,노호은,노호은,DRV_016,,,333,외출(17:00-21:30),1,5,10,00:05,00:10,T,True
driver_availability,driver,노호은,노호은,DRV_016,,,333,외출(17:00-21:30),2,10,15,00:10,00:15,T,True
driver_availability,driver,노호은,노호은,DRV_016,,,333,외출(17:00-21:30),3,15,20,00:15,00:20,T,True
driver_availability,driver,노호은,노호은,DRV_016,,,333,외출(17:00-21:30),4,20,25,00:20,00:25,T,True
driver_availability,driver,노호은,노호은,DRV_016,,,333,외출(17:00-21:30),5,25,30,00:25,00:30,T,True
driver_availability,driver,노호은,노호은,DRV_016,,,333,외출(17:00-21:30),6,30,35,00:30,00:35,T,True
driver_availability,driver,노호은,노호은,DRV_016,,,333,외출(17:00-21:30),7,35,40,00:35,00:40,T,True
driver_availability,driver,노호은,노호은,DRV_016,,,333,외출(17:00-21:30),8,40,45,00:40,00:45,T,True
driver_availability,driver,노호은,노호은,DRV_016,,,333,외출(17:00-21:30),9,45,50,00:45,00:50,T,True
driver_availability,driver,노호은,노호은,DRV_016,,,333,외출(17:00-21:30),10,50,55,00:50,00:55,T,True
driver_availability,driver,노호은,노호은,DRV_016,,,333,외출(17:00-21:30),11,55,60,00:55,01:00,T,True
driver_availability,driver,노호은,노호은,DRV_016,,,333,외출(17:00-21:30),12,60,65,01:00,01:05,T,True
driver_availability,driver,노호은,노호은,DRV_016,,,333,외출(17:00-21:30),13,65,70,01:05,01:10,T,True
driver_availability,driver,노호은,노호은,DRV_016,,,333,외출(17:00-21:30),14,70,75,01:10,01:15,T,True
driver_availability,driver,노호은,노호은,DRV_016,,,333,외출(17:00-21:30),15,75,80,01:15,01:20,T,True
driver_availability,driver,노호은,노호은,DRV_016,,,333,외출(17:00-21:30),16,80,85,01:20,01:25,T,True
driver_availability,driver,노호은,노호은,DRV_016,,,333,외출(17:00-21:30),17,85,90,01:25,01:30,T,True
driver_availability,driver,노호은,노호은,DRV_016,,,333,외출(17:00-21:30),18,90,95,01:30,01:35,T,True
driver_availability,driver,노호은,노호은,DRV_016,,,333,외출(17:00-21:30),19,95,100,01:35,01:40,T,True
driver_availability,driver,노호은,노호은,DRV_016,,,333,외출(17:00-21:30),20,100,105,01:40,01:45,T,True
driver_availability,driver,노호은,노호은,DRV_016,,,333,외출(17:00-21:30),21,105,110,01:45,01:50,T,True
driver_availability,driver,노호은,노호은,DRV_016,,,333,외출(17:00-21:30),22,110,115,01:50,01:55,T,True
driver_availability,driver,노호은,노호은,DRV_016,,,333,외출(17:00-21:30),23,115,120,01:55,02:00,T,True
driver_availability,driver,노호은,노호은,DRV_016,,,333,외출(17:00-21:30),24,120,125,02:00,02:05,T,True
driver_availability,driver,노호은,노호은,DRV_016,,,333,외출(17:00-21:30),25,125,130,02:05,02:10,T,True
driver_availability,driver,노호은,노호은,DRV_016,,,333,외출(17:00-21:30),26,130,135,02:10,02:15,T,True
driver_availability,driver,노호은,노호은,DRV_016,,,333,외출(17:00-21:30),27,135,140,02:15,02:20,T,True
driver_availability,driver,노호은,노호은,DRV_016,,,333,외출(17:00-21:30),28,140,145,02:20,02:25,T,True
driver_availability,driver,노호은,노호은,DRV_016,,,333,외출(17:00-21:30),29,145,150,02:25,02:30,T,True
driver_availability,driver,노호은,노호은,DRV_016,,,333,외출(17:00-21:30),30,150,155,02:30,02:35,T,True
driver_availability,driver,노호은,노호은,DRV_016,,,333,외출(17:00-21:30),31,155,160,02:35,02:40,T,True
driver_availability,driver,노호은,노호은,DRV_016,,,333,외출(17:00-21:30),32,160,165,02:40,02:45,T,True
driver_availability,driver,노호은,노호은,DRV_016,,,333,외출(17:00-21:30),33,165,170,02:45,02:50,T,True
driver_availability,driver,노호은,노호은,DRV_016,,,333,외출(17:00-21:30),34,170,175,02:50,02:55,T,True
driver_availability,driver,노호은,노호은,DRV_016,,,333,외출(17:00-21:30),35,175,180,02:55,03:00,T,True
driver_availability,driver,노호은,노호은,DRV_016,,,333,외출(17:00-21:30),36,180,185,03:00,03:05,T,True
driver_availability,driver,노호은,노호은,DRV_016,,,333,외출(17:00-21:30),37,185,190,03:05,03:10,T,True
driver_availability,driver,노호은,노호은,DRV_016,,,333,외출(17:00-21:30),38,190,195,03:10,03:15,T,True
driver_availability,driver,노호은,노호은,DRV_016,,,333,외출(17:00-21:30),39,195,200,03:15,03:20,T,True
driver_availability,driver,노호은,노호은,DRV_016,,,333,외출(17:00-21:30),40,200,205,03:20,03:25,T,True
driver_availability,driver,노호은,노호은,DRV_016,,,333,외출(17:00-21:30),41,205,210,03:25,03:30,T,True
driver_availability,driver,노호은,노호은,DRV_016,,,333,외출(17:00-21:30),42,210,215,03:30,03:35,T,True
driver_availability,driver,노호은,노호은,DRV_016,,,333,외출(17:00-21:30),43,215,220,03:35,03:40,T,True
driver_availability,driver,노호은,노호은,DRV_016,,,333,외출(17:00-21:30),44,220,225,03:40,03:45,T,True
driver_availability,driver,노호은,노호은,DRV_016,,,333,외출(17:00-21:30),45,225,230,03:45,03:50,T,True
driver_availability,driver,노호은,노호은,DRV_016,,,333,외출(17:00-21:30),46,230,235,03:50,03:55,T,True
driver_availability,driver,노호은,노호은,DRV_016,,,333,외출(17:00-21:30),47,235,240,03:55,04:00,T,True
driver_availability,driver,노호은,노호은,DRV_016,,,333,외출(17:00-21:30),48,240,245,04:00,04:05,T,True
driver_availability,driver,노호은,노호은,DRV_016,,,333,외출(17:00-21:30),49,245,250,04:05,04:10,T,True
driver_availability,driver,노호은,노호은,DRV_016,,,333,외출(17:00-21:30),50,250,255,04:10,04:15,T,True
driver_availability,driver,노호은,노호은,DRV_016,,,333,외출(17:00-21:30),51,255,260,04:15,04:20,T,True
driver_availability,driver,노호은,노호은,DRV_016,,,333,외출(17:00-21:30),52,260,265,04:20,04:25,T,True
driver_availability,driver,노호은,노호은,DRV_016,,,333,외출(17:00-21:30),53,265,270,04:25,04:30,T,True
driver_availability,driver,노호은,노호은,DRV_016,,,333,외출(17:00-21:30),54,270,275,04:30,04:35,T,True
driver_availability,driver,노호은,노호은,DRV_016,,,333,외출(17:00-21:30),55,275,280,04:35,04:40,T,True
driver_availability,driver,노호은,노호은,DRV_016,,,333,외출(17:00-21:30),56,280,285,04:40,04:45,T,True
driver_availability,driver,노호은,노호은,DRV_016,,,333,외출(17:00-21:30),57,285,290,04:45,04:50,T,True
driver_availability,driver,노호은,노호은,DRV_016,,,333,외출(17:00-21:30),58,290,295,04:50,04:55,T,True
driver_availability,driver,노호은,노호은,DRV_016,,,333,외출(17:00-21:30),59,295,300,04:55,05:00,T,True
driver_availability,driver,노호은,노호은,DRV_016,,,333,외출(17:00-21:30),60,300,305,05:00,05:05,T,True
driver_availability,driver,노호은,노호은,DRV_016,,,333,외출(17:00-21:30),61,305,310,05:05,05:10,T,True
driver_availability,driver,노호은,노호은,DRV_016,,,333,외출(17:00-21:30),62,310,315,05:10,05:15,T,True
driver_availability,driver,노호은,노호은,DRV_016,,,333,외출(17:00-21:30),63,315,320,05:15,05:20,T,True
driver_availability,driver,노호은,노호은,DRV_016,,,333,외출(17:00-21:30),64,320,325,05:20,05:25,T,True
driver_availability,driver,노호은,노호은,DRV_016,,,333,외출(17:00-21:30),65,325,330,05:25,05:30,T,True
driver_availability,driver,노호은,노호은,DRV_016,,,333,외출(17:00-21:30),66,330,335,05:30,05:35,T,True
driver_availability,driver,노호은,노호은,DRV_016,,,333,외출(17:00-21:30),67,335,340,05:35,05:40,T,True
driver_availability,driver,노호은,노호은,DRV_016,,,333,외출(17:00-21:30),68,340,345,05:40,05:45,T,True
driver_availability,driver,노호은,노호은,DRV_016,,,333,외출(17:00-21:30),69,345,350,05:45,05:50,T,True
driver_availability,driver,노호은,노호은,DRV_016,,,333,외출(17:00-21:30),70,350,355,05:50,05:55,T,True
driver_availability,driver,노호은,노호은,DRV_016,,,333,외출(17:00-21:30),71,355,360,05:55,06:00,T,True
driver_availability,driver,노호은,노호은,DRV_016,,,333,외출(17:00-21:30),72,360,365,06:00,06:05,T,True
driver_availability,driver,노호은,노호은,DRV_016,,,333,외출(17:00-21:30),73,365,370,06:05,06:10,T,True
driver_availability,driver,노호은,노호은,DRV_016,,,333,외출(17:00-21:30),74,370,375,06:10,06:15,T,True
driver_availability,driver,노호은,노호은,DRV_016,,,333,외출(17:00-21:30),75,375,380,06:15,06:20,T,True
driver_availability,driver,노호은,노호은,DRV_016,,,333,외출(17:00-21:30),76,380,385,06:20,06:25,T,True
driver_availability,driver,노호은,노호은,DRV_016,,,333,외출(17:00-21:30),77,385,390,06:25,06:30,T,True
driver_availability,driver,노호은,노호은,DRV_016,,,333,외출(17:00-21:30),78,390,395,06:30,06:35,T,True
driver_availability,driver,노호은,노호은,DRV_016,,,333,외출(17:00-21:30),79,395,400,06:35,06:40,T,True
driver_availability,driver,노호은,노호은,DRV_016,,,333,외출(17:00-21:30),80,400,405,06:40,06:45,T,True
driver_availability,driver,노호은,노호은,DRV_016,,,333,외출(17:00-21:30),81,405,410,06:45,06:50,T,True
driver_availability,driver,노호은,노호은,DRV_016,,,333,외출(17:00-21:30),82,410,415,06:50,06:55,T,True
driver_availability,driver,노호은,노호은,DRV_016,,,333,외출(17:00-21:30),83,415,420,06:55,07:00,T,True
driver_availability,driver,노호은,노호은,DRV_016,,,333,외출(17:00-21:30),84,420,425,07:00,07:05,T,True
driver_availability,driver,노호은,노호은,DRV_016,,,333,외출(17:00-21:30),85,425,430,07:05,07:10,T,True
driver_availability,driver,노호은,노호은,DRV_016,,,333,외출(17:00-21:30),86,430,435,07:10,07:15,T,True
driver_availability,driver,노호은,노호은,DRV_016,,,333,외출(17:00-21:30),87,435,440,07:15,07:20,T,True
driver_availability,driver,노호은,노호은,DRV_016,,,333,외출(17:00-21:30),88,440,445,07:20,07:25,T,True
driver_availability,driver,노호은,노호은,DRV_016,,,333,외출(17:00-21:30),89,445,450,07:25,07:30,T,True
driver_availability,driver,노호은,노호은,DRV_016,,,333,외출(17:00-21:30),90,450,455,07:30,07:35,T,True
driver_availability,driver,노호은,노호은,DRV_016,,,333,외출(17:00-21:30),91,455,460,07:35,07:40,T,True
driver_availability,driver,노호은,노호은,DRV_016,,,333,외출(17:00-21:30),92,460,465,07:40,07:45,T,True
driver_availability,driver,노호은,노호은,DRV_016,,,333,외출(17:00-21:30),93,465,470,07:45,07:50,T,True
driver_availability,driver,노호은,노호은,DRV_016,,,333,외출(17:00-21:30),94,470,475,07:50,07:55,T,True
driver_availability,driver,노호은,노호은,DRV_016,,,333,외출(17:00-21:30),95,475,480,07:55,08:00,T,True
driver_availability,driver,노호은,노호은,DRV_016,,,333,외출(17:00-21:30),96,480,485,08:00,08:05,F,False
driver_availability,driver,노호은,노호은,DRV_016,,,333,외출(17:00-21:30),97,485,490,08:05,08:10,F,False
driver_availability,driver,노호은,노호은,DRV_016,,,333,외출(17:00-21:30),98,490,495,08:10,08:15,F,False
driver_availability,driver,노호은,노호은,DRV_016,,,333,외출(17:00-21:30),99,495,500,08:15,08:20,F,False
driver_availability,driver,노호은,노호은,DRV_016,,,333,외출(17:00-21:30),100,500,505,08:20,08:25,F,False
driver_availability,driver,노호은,노호은,DRV_016,,,333,외출(17:00-21:30),101,505,510,08:25,08:30,F,False
driver_availability,driver,노호은,노호은,DRV_016,,,333,외출(17:00-21:30),102,510,515,08:30,08:35,F,False
driver_availability,driver,노호은,노호은,DRV_016,,,333,외출(17:00-21:30),103,515,520,08:35,08:40,F,False
driver_availability,driver,노호은,노호은,DRV_016,,,333,외출(17:00-21:30),104,520,525,08:40,08:45,F,False
driver_availability,driver,노호은,노호은,DRV_016,,,333,외출(17:00-21:30),105,525,530,08:45,08:50,F,False
driver_availability,driver,노호은,노호은,DRV_016,,,333,외출(17:00-21:30),106,530,535,08:50,08:55,F,False
driver_availability,driver,노호은,노호은,DRV_016,,,333,외출(17:00-21:30),107,535,540,08:55,09:00,F,False
driver_availability,driver,노호은,노호은,DRV_016,,,333,외출(17:00-21:30),108,540,545,09:00,09:05,F,False
driver_availability,driver,노호은,노호은,DRV_016,,,333,외출(17:00-21:30),109,545,550,09:05,09:10,F,False
driver_availability,driver,노호은,노호은,DRV_016,,,333,외출(17:00-21:30),110,550,555,09:10,09:15,F,False
driver_availability,driver,노호은,노호은,DRV_016,,,333,외출(17:00-21:30),111,555,560,09:15,09:20,F,False
driver_availability,driver,노호은,노호은,DRV_016,,,333,외출(17:00-21:30),112,560,565,09:20,09:25,F,False
driver_availability,driver,노호은,노호은,DRV_016,,,333,외출(17:00-21:30),113,565,570,09:25,09:30,F,False
driver_availability,driver,노호은,노호은,DRV_016,,,333,외출(17:00-21:30),114,570,575,09:30,09:35,F,False
driver_availability,driver,노호은,노호은,DRV_016,,,333,외출(17:00-21:30),115,575,580,09:35,09:40,F,False
driver_availability,driver,노호은,노호은,DRV_016,,,333,외출(17:00-21:30),116,580,585,09:40,09:45,F,False
driver_availability,driver,노호은,노호은,DRV_016,,,333,외출(17:00-21:30),117,585,590,09:45,09:50,F,False
driver_availability,driver,노호은,노호은,DRV_016,,,333,외출(17:00-21:30),118,590,595,09:50,09:55,F,False
driver_availability,driver,노호은,노호은,DRV_016,,,333,외출(17:00-21:30),119,595,600,09:55,10:00,F,False
driver_availability,driver,노호은,노호은,DRV_016,,,333,외출(17:00-21:30),120,600,605,10:00,10:05,F,False
driver_availability,driver,노호은,노호은,DRV_016,,,333,외출(17:00-21:30),121,605,610,10:05,10:10,F,False
driver_availability,driver,노호은,노호은,DRV_016,,,333,외출(17:00-21:30),122,610,615,10:10,10:15,F,False
driver_availability,driver,노호은,노호은,DRV_016,,,333,외출(17:00-21:30),123,615,620,10:15,10:20,F,False
driver_availability,driver,노호은,노호은,DRV_016,,,333,외출(17:00-21:30),124,620,625,10:20,10:25,F,False
driver_availability,driver,노호은,노호은,DRV_016,,,333,외출(17:00-21:30),125,625,630,10:25,10:30,F,False
driver_availability,driver,노호은,노호은,DRV_016,,,333,외출(17:00-21:30),126,630,635,10:30,10:35,F,False
driver_availability,driver,노호은,노호은,DRV_016,,,333,외출(17:00-21:30),127,635,640,10:35,10:40,F,False
driver_availability,driver,노호은,노호은,DRV_016,,,333,외출(17:00-21:30),128,640,645,10:40,10:45,F,False
driver_availability,driver,노호은,노호은,DRV_016,,,333,외출(17:00-21:30),129,645,650,10:45,10:50,F,False
driver_availability,driver,노호은,노호은,DRV_016,,,333,외출(17:00-21:30),130,650,655,10:50,10:55,F,False
driver_availability,driver,노호은,노호은,DRV_016,,,333,외출(17:00-21:30),131,655,660,10:55,11:00,F,False
driver_availability,driver,노호은,노호은,DRV_016,,,333,외출(17:00-21:30),132,660,665,11:00,11:05,F,False
driver_availability,driver,노호은,노호은,DRV_016,,,333,외출(17:00-21:30),133,665,670,11:05,11:10,F,False
driver_availability,driver,노호은,노호은,DRV_016,,,333,외출(17:00-21:30),134,670,675,11:10,11:15,F,False
driver_availability,driver,노호은,노호은,DRV_016,,,333,외출(17:00-21:30),135,675,680,11:15,11:20,F,False
driver_availability,driver,노호은,노호은,DRV_016,,,333,외출(17:00-21:30),136,680,685,11:20,11:25,F,False
driver_availability,driver,노호은,노호은,DRV_016,,,333,외출(17:00-21:30),137,685,690,11:25,11:30,F,False
driver_availability,driver,노호은,노호은,DRV_016,,,333,외출(17:00-21:30),138,690,695,11:30,11:35,F,False
driver_availability,driver,노호은,노호은,DRV_016,,,333,외출(17:00-21:30),139,695,700,11:35,11:40,F,False
driver_availability,driver,노호은,노호은,DRV_016,,,333,외출(17:00-21:30),140,700,705,11:40,11:45,F,False
driver_availability,driver,노호은,노호은,DRV_016,,,333,외출(17:00-21:30),141,705,710,11:45,11:50,F,False
driver_availability,driver,노호은,노호은,DRV_016,,,333,외출(17:00-21:30),142,710,715,11:50,11:55,F,False
driver_availability,driver,노호은,노호은,DRV_016,,,333,외출(17:00-21:30),143,715,720,11:55,12:00,F,False
driver_availability,driver,노호은,노호은,DRV_016,,,333,외출(17:00-21:30),144,720,725,12:00,12:05,F,False
driver_availability,driver,노호은,노호은,DRV_016,,,333,외출(17:00-21:30),145,725,730,12:05,12:10,F,False
driver_availability,driver,노호은,노호은,DRV_016,,,333,외출(17:00-21:30),146,730,735,12:10,12:15,F,False
driver_availability,driver,노호은,노호은,DRV_016,,,333,외출(17:00-21:30),147,735,740,12:15,12:20,F,False
driver_availability,driver,노호은,노호은,DRV_016,,,333,외출(17:00-21:30),148,740,745,12:20,12:25,F,False
driver_availability,driver,노호은,노호은,DRV_016,,,333,외출(17:00-21:30),149,745,750,12:25,12:30,F,False
driver_availability,driver,노호은,노호은,DRV_016,,,333,외출(17:00-21:30),150,750,755,12:30,12:35,F,False
driver_availability,driver,노호은,노호은,DRV_016,,,333,외출(17:00-21:30),151,755,760,12:35,12:40,F,False
driver_availability,driver,노호은,노호은,DRV_016,,,333,외출(17:00-21:30),152,760,765,12:40,12:45,F,False
driver_availability,driver,노호은,노호은,DRV_016,,,333,외출(17:00-21:30),153,765,770,12:45,12:50,F,False
driver_availability,driver,노호은,노호은,DRV_016,,,333,외출(17:00-21:30),154,770,775,12:50,12:55,F,False
driver_availability,driver,노호은,노호은,DRV_016,,,333,외출(17:00-21:30),155,775,780,12:55,13:00,F,False
driver_availability,driver,노호은,노호은,DRV_016,,,333,외출(17:00-21:30),156,780,785,13:00,13:05,F,False
driver_availability,driver,노호은,노호은,DRV_016,,,333,외출(17:00-21:30),157,785,790,13:05,13:10,F,False
driver_availability,driver,노호은,노호은,DRV_016,,,333,외출(17:00-21:30),158,790,795,13:10,13:15,F,False
driver_availability,driver,노호은,노호은,DRV_016,,,333,외출(17:00-21:30),159,795,800,13:15,13:20,F,False
driver_availability,driver,노호은,노호은,DRV_016,,,333,외출(17:00-21:30),160,800,805,13:20,13:25,F,False
driver_availability,driver,노호은,노호은,DRV_016,,,333,외출(17:00-21:30),161,805,810,13:25,13:30,F,False
driver_availability,driver,노호은,노호은,DRV_016,,,333,외출(17:00-21:30),162,810,815,13:30,13:35,F,False
driver_availability,driver,노호은,노호은,DRV_016,,,333,외출(17:00-21:30),163,815,820,13:35,13:40,F,False
driver_availability,driver,노호은,노호은,DRV_016,,,333,외출(17:00-21:30),164,820,825,13:40,13:45,F,False
driver_availability,driver,노호은,노호은,DRV_016,,,333,외출(17:00-21:30),165,825,830,13:45,13:50,F,False
driver_availability,driver,노호은,노호은,DRV_016,,,333,외출(17:00-21:30),166,830,835,13:50,13:55,F,False
driver_availability,driver,노호은,노호은,DRV_016,,,333,외출(17:00-21:30),167,835,840,13:55,14:00,F,False
driver_availability,driver,노호은,노호은,DRV_016,,,333,외출(17:00-21:30),168,840,845,14:00,14:05,F,False
driver_availability,driver,노호은,노호은,DRV_016,,,333,외출(17:00-21:30),169,845,850,14:05,14:10,F,False
driver_availability,driver,노호은,노호은,DRV_016,,,333,외출(17:00-21:30),170,850,855,14:10,14:15,F,False
driver_availability,driver,노호은,노호은,DRV_016,,,333,외출(17:00-21:30),171,855,860,14:15,14:20,F,False
driver_availability,driver,노호은,노호은,DRV_016,,,333,외출(17:00-21:30),172,860,865,14:20,14:25,F,False
driver_availability,driver,노호은,노호은,DRV_016,,,333,외출(17:00-21:30),173,865,870,14:25,14:30,F,False
driver_availability,driver,노호은,노호은,DRV_016,,,333,외출(17:00-21:30),174,870,875,14:30,14:35,F,False
driver_availability,driver,노호은,노호은,DRV_016,,,333,외출(17:00-21:30),175,875,880,14:35,14:40,F,False
driver_availability,driver,노호은,노호은,DRV_016,,,333,외출(17:00-21:30),176,880,885,14:40,14:45,F,False
driver_availability,driver,노호은,노호은,DRV_016,,,333,외출(17:00-21:30),177,885,890,14:45,14:50,F,False
driver_availability,driver,노호은,노호은,DRV_016,,,333,외출(17:00-21:30),178,890,895,14:50,14:55,F,False
driver_availability,driver,노호은,노호은,DRV_016,,,333,외출(17:00-21:30),179,895,900,14:55,15:00,F,False
driver_availability,driver,노호은,노호은,DRV_016,,,333,외출(17:00-21:30),180,900,905,15:00,15:05,F,False
driver_availability,driver,노호은,노호은,DRV_016,,,333,외출(17:00-21:30),181,905,910,15:05,15:10,F,False
driver_availability,driver,노호은,노호은,DRV_016,,,333,외출(17:00-21:30),182,910,915,15:10,15:15,F,False
driver_availability,driver,노호은,노호은,DRV_016,,,333,외출(17:00-21:30),183,915,920,15:15,15:20,F,False
driver_availability,driver,노호은,노호은,DRV_016,,,333,외출(17:00-21:30),184,920,925,15:20,15:25,F,False
driver_availability,driver,노호은,노호은,DRV_016,,,333,외출(17:00-21:30),185,925,930,15:25,15:30,F,False
driver_availability,driver,노호은,노호은,DRV_016,,,333,외출(17:00-21:30),186,930,935,15:30,15:35,F,False
driver_availability,driver,노호은,노호은,DRV_016,,,333,외출(17:00-21:30),187,935,940,15:35,15:40,F,False
driver_availability,driver,노호은,노호은,DRV_016,,,333,외출(17:00-21:30),188,940,945,15:40,15:45,F,False
driver_availability,driver,노호은,노호은,DRV_016,,,333,외출(17:00-21:30),189,945,950,15:45,15:50,F,False
driver_availability,driver,노호은,노호은,DRV_016,,,333,외출(17:00-21:30),190,950,955,15:50,15:55,F,False
driver_availability,driver,노호은,노호은,DRV_016,,,333,외출(17:00-21:30),191,955,960,15:55,16:00,F,False
driver_availability,driver,노호은,노호은,DRV_016,,,333,외출(17:00-21:30),192,960,965,16:00,16:05,F,False
driver_availability,driver,노호은,노호은,DRV_016,,,333,외출(17:00-21:30),193,965,970,16:05,16:10,F,False
driver_availability,driver,노호은,노호은,DRV_016,,,333,외출(17:00-21:30),194,970,975,16:10,16:15,F,False
driver_availability,driver,노호은,노호은,DRV_016,,,333,외출(17:00-21:30),195,975,980,16:15,16:20,F,False
driver_availability,driver,노호은,노호은,DRV_016,,,333,외출(17:00-21:30),196,980,985,16:20,16:25,F,False
driver_availability,driver,노호은,노호은,DRV_016,,,333,외출(17:00-21:30),197,985,990,16:25,16:30,F,False
driver_availability,driver,노호은,노호은,DRV_016,,,333,외출(17:00-21:30),198,990,995,16:30,16:35,F,False
driver_availability,driver,노호은,노호은,DRV_016,,,333,외출(17:00-21:30),199,995,1000,16:35,16:40,F,False
driver_availability,driver,노호은,노호은,DRV_016,,,333,외출(17:00-21:30),200,1000,1005,16:40,16:45,F,False
driver_availability,driver,노호은,노호은,DRV_016,,,333,외출(17:00-21:30),201,1005,1010,16:45,16:50,F,False
driver_availability,driver,노호은,노호은,DRV_016,,,333,외출(17:00-21:30),202,1010,1015,16:50,16:55,F,False
driver_availability,driver,노호은,노호은,DRV_016,,,333,외출(17:00-21:30),203,1015,1020,16:55,17:00,F,False
driver_availability,driver,노호은,노호은,DRV_016,,,333,외출(17:00-21:30),204,1020,1025,17:00,17:05,F,False
driver_availability,driver,노호은,노호은,DRV_016,,,333,외출(17:00-21:30),205,1025,1030,17:05,17:10,F,False
driver_availability,driver,노호은,노호은,DRV_016,,,333,외출(17:00-21:30),206,1030,1035,17:10,17:15,F,False
driver_availability,driver,노호은,노호은,DRV_016,,,333,외출(17:00-21:30),207,1035,1040,17:15,17:20,F,False
driver_availability,driver,노호은,노호은,DRV_016,,,333,외출(17:00-21:30),208,1040,1045,17:20,17:25,F,False
driver_availability,driver,노호은,노호은,DRV_016,,,333,외출(17:00-21:30),209,1045,1050,17:25,17:30,F,False
driver_availability,driver,노호은,노호은,DRV_016,,,333,외출(17:00-21:30),210,1050,1055,17:30,17:35,F,False
driver_availability,driver,노호은,노호은,DRV_016,,,333,외출(17:00-21:30),211,1055,1060,17:35,17:40,F,False
driver_availability,driver,노호은,노호은,DRV_016,,,333,외출(17:00-21:30),212,1060,1065,17:40,17:45,F,False
driver_availability,driver,노호은,노호은,DRV_016,,,333,외출(17:00-21:30),213,1065,1070,17:45,17:50,F,False
driver_availability,driver,노호은,노호은,DRV_016,,,333,외출(17:00-21:30),214,1070,1075,17:50,17:55,F,False
driver_availability,driver,노호은,노호은,DRV_016,,,333,외출(17:00-21:30),215,1075,1080,17:55,18:00,F,False
driver_availability,driver,노호은,노호은,DRV_016,,,333,외출(17:00-21:30),216,1080,1085,18:00,18:05,F,False
driver_availability,driver,노호은,노호은,DRV_016,,,333,외출(17:00-21:30),217,1085,1090,18:05,18:10,F,False
driver_availability,driver,노호은,노호은,DRV_016,,,333,외출(17:00-21:30),218,1090,1095,18:10,18:15,F,False
driver_availability,driver,노호은,노호은,DRV_016,,,333,외출(17:00-21:30),219,1095,1100,18:15,18:20,F,False
driver_availability,driver,노호은,노호은,DRV_016,,,333,외출(17:00-21:30),220,1100,1105,18:20,18:25,F,False
driver_availability,driver,노호은,노호은,DRV_016,,,333,외출(17:00-21:30),221,1105,1110,18:25,18:30,F,False
driver_availability,driver,노호은,노호은,DRV_016,,,333,외출(17:00-21:30),222,1110,1115,18:30,18:35,F,False
driver_availability,driver,노호은,노호은,DRV_016,,,333,외출(17:00-21:30),223,1115,1120,18:35,18:40,F,False
driver_availability,driver,노호은,노호은,DRV_016,,,333,외출(17:00-21:30),224,1120,1125,18:40,18:45,F,False
driver_availability,driver,노호은,노호은,DRV_016,,,333,외출(17:00-21:30),225,1125,1130,18:45,18:50,F,False
driver_availability,driver,노호은,노호은,DRV_016,,,333,외출(17:00-21:30),226,1130,1135,18:50,18:55,F,False
driver_availability,driver,노호은,노호은,DRV_016,,,333,외출(17:00-21:30),227,1135,1140,18:55,19:00,F,False
driver_availability,driver,노호은,노호은,DRV_016,,,333,외출(17:00-21:30),228,1140,1145,19:00,19:05,F,False
driver_availability,driver,노호은,노호은,DRV_016,,,333,외출(17:00-21:30),229,1145,1150,19:05,19:10,F,False
driver_availability,driver,노호은,노호은,DRV_016,,,333,외출(17:00-21:30),230,1150,1155,19:10,19:15,F,False
driver_availability,driver,노호은,노호은,DRV_016,,,333,외출(17:00-21:30),231,1155,1160,19:15,19:20,F,False
driver_availability,driver,노호은,노호은,DRV_016,,,333,외출(17:00-21:30),232,1160,1165,19:20,19:25,F,False
driver_availability,driver,노호은,노호은,DRV_016,,,333,외출(17:00-21:30),233,1165,1170,19:25,19:30,F,False
driver_availability,driver,노호은,노호은,DRV_016,,,333,외출(17:00-21:30),234,1170,1175,19:30,19:35,F,False
driver_availability,driver,노호은,노호은,DRV_016,,,333,외출(17:00-21:30),235,1175,1180,19:35,19:40,F,False
driver_availability,driver,노호은,노호은,DRV_016,,,333,외출(17:00-21:30),236,1180,1185,19:40,19:45,F,False
driver_availability,driver,노호은,노호은,DRV_016,,,333,외출(17:00-21:30),237,1185,1190,19:45,19:50,F,False
driver_availability,driver,노호은,노호은,DRV_016,,,333,외출(17:00-21:30),238,1190,1195,19:50,19:55,F,False
driver_availability,driver,노호은,노호은,DRV_016,,,333,외출(17:00-21:30),239,1195,1200,19:55,20:00,F,False
driver_availability,driver,노호은,노호은,DRV_016,,,333,외출(17:00-21:30),240,1200,1205,20:00,20:05,F,False
driver_availability,driver,노호은,노호은,DRV_016,,,333,외출(17:00-21:30),241,1205,1210,20:05,20:10,F,False
driver_availability,driver,노호은,노호은,DRV_016,,,333,외출(17:00-21:30),242,1210,1215,20:10,20:15,F,False
driver_availability,driver,노호은,노호은,DRV_016,,,333,외출(17:00-21:30),243,1215,1220,20:15,20:20,F,False
driver_availability,driver,노호은,노호은,DRV_016,,,333,외출(17:00-21:30),244,1220,1225,20:20,20:25,F,False
driver_availability,driver,노호은,노호은,DRV_016,,,333,외출(17:00-21:30),245,1225,1230,20:25,20:30,F,False
driver_availability,driver,노호은,노호은,DRV_016,,,333,외출(17:00-21:30),246,1230,1235,20:30,20:35,F,False
driver_availability,driver,노호은,노호은,DRV_016,,,333,외출(17:00-21:30),247,1235,1240,20:35,20:40,F,False
driver_availability,driver,노호은,노호은,DRV_016,,,333,외출(17:00-21:30),248,1240,1245,20:40,20:45,F,False
driver_availability,driver,노호은,노호은,DRV_016,,,333,외출(17:00-21:30),249,1245,1250,20:45,20:50,F,False
driver_availability,driver,노호은,노호은,DRV_016,,,333,외출(17:00-21:30),250,1250,1255,20:50,20:55,F,False
driver_availability,driver,노호은,노호은,DRV_016,,,333,외출(17:00-21:30),251,1255,1260,20:55,21:00,F,False
driver_availability,driver,노호은,노호은,DRV_016,,,333,외출(17:00-21:30),252,1260,1265,21:00,21:05,F,False
driver_availability,driver,노호은,노호은,DRV_016,,,333,외출(17:00-21:30),253,1265,1270,21:05,21:10,F,False
driver_availability,driver,노호은,노호은,DRV_016,,,333,외출(17:00-21:30),254,1270,1275,21:10,21:15,F,False
driver_availability,driver,노호은,노호은,DRV_016,,,333,외출(17:00-21:30),255,1275,1280,21:15,21:20,F,False
driver_availability,driver,노호은,노호은,DRV_016,,,333,외출(17:00-21:30),256,1280,1285,21:20,21:25,F,False
driver_availability,driver,노호은,노호은,DRV_016,,,333,외출(17:00-21:30),257,1285,1290,21:25,21:30,F,False
driver_availability,driver,노호은,노호은,DRV_016,,,333,외출(17:00-21:30),258,1290,1295,21:30,21:35,T,True
driver_availability,driver,노호은,노호은,DRV_016,,,333,외출(17:00-21:30),259,1295,1300,21:35,21:40,T,True
driver_availability,driver,노호은,노호은,DRV_016,,,333,외출(17:00-21:30),260,1300,1305,21:40,21:45,T,True
driver_availability,driver,노호은,노호은,DRV_016,,,333,외출(17:00-21:30),261,1305,1310,21:45,21:50,T,True
driver_availability,driver,노호은,노호은,DRV_016,,,333,외출(17:00-21:30),262,1310,1315,21:50,21:55,T,True
driver_availability,driver,노호은,노호은,DRV_016,,,333,외출(17:00-21:30),263,1315,1320,21:55,22:00,T,True
driver_availability,driver,노호은,노호은,DRV_016,,,333,외출(17:00-21:30),264,1320,1325,22:00,22:05,T,True
driver_availability,driver,노호은,노호은,DRV_016,,,333,외출(17:00-21:30),265,1325,1330,22:05,22:10,T,True
driver_availability,driver,노호은,노호은,DRV_016,,,333,외출(17:00-21:30),266,1330,1335,22:10,22:15,T,True
driver_availability,driver,노호은,노호은,DRV_016,,,333,외출(17:00-21:30),267,1335,1340,22:15,22:20,T,True
driver_availability,driver,노호은,노호은,DRV_016,,,333,외출(17:00-21:30),268,1340,1345,22:20,22:25,T,True
driver_availability,driver,노호은,노호은,DRV_016,,,333,외출(17:00-21:30),269,1345,1350,22:25,22:30,T,True
driver_availability,driver,노호은,노호은,DRV_016,,,333,외출(17:00-21:30),270,1350,1355,22:30,22:35,T,True
driver_availability,driver,노호은,노호은,DRV_016,,,333,외출(17:00-21:30),271,1355,1360,22:35,22:40,T,True
driver_availability,driver,노호은,노호은,DRV_016,,,333,외출(17:00-21:30),272,1360,1365,22:40,22:45,T,True
driver_availability,driver,노호은,노호은,DRV_016,,,333,외출(17:00-21:30),273,1365,1370,22:45,22:50,T,True
driver_availability,driver,노호은,노호은,DRV_016,,,333,외출(17:00-21:30),274,1370,1375,22:50,22:55,T,True
driver_availability,driver,노호은,노호은,DRV_016,,,333,외출(17:00-21:30),275,1375,1380,22:55,23:00,T,True
driver_availability,driver,노호은,노호은,DRV_016,,,333,외출(17:00-21:30),276,1380,1385,23:00,23:05,T,True
driver_availability,driver,노호은,노호은,DRV_016,,,333,외출(17:00-21:30),277,1385,1390,23:05,23:10,T,True
driver_availability,driver,노호은,노호은,DRV_016,,,333,외출(17:00-21:30),278,1390,1395,23:10,23:15,T,True
driver_availability,driver,노호은,노호은,DRV_016,,,333,외출(17:00-21:30),279,1395,1400,23:15,23:20,T,True
driver_availability,driver,노호은,노호은,DRV_016,,,333,외출(17:00-21:30),280,1400,1405,23:20,23:25,T,True
driver_availability,driver,노호은,노호은,DRV_016,,,333,외출(17:00-21:30),281,1405,1410,23:25,23:30,T,True
driver_availability,driver,노호은,노호은,DRV_016,,,333,외출(17:00-21:30),282,1410,1415,23:30,23:35,T,True
driver_availability,driver,노호은,노호은,DRV_016,,,333,외출(17:00-21:30),283,1415,1420,23:35,23:40,T,True
driver_availability,driver,노호은,노호은,DRV_016,,,333,외출(17:00-21:30),284,1420,1425,23:40,23:45,T,True
driver_availability,driver,노호은,노호은,DRV_016,,,333,외출(17:00-21:30),285,1425,1430,23:45,23:50,T,True
driver_availability,driver,노호은,노호은,DRV_016,,,333,외출(17:00-21:30),286,1430,1435,23:50,23:55,T,True
driver_availability,driver,노호은,노호은,DRV_016,,,333,외출(17:00-21:30),287,1435,1440,23:55,24:00,T,True
driver_availability,driver,박서민,박서민,DRV_017,,,233,"중형 단거리 운전교육(08:00-11:30), 외출(17:00-21:30)",0,0,5,00:00,00:05,T,True
driver_availability,driver,박서민,박서민,DRV_017,,,233,"중형 단거리 운전교육(08:00-11:30), 외출(17:00-21:30)",1,5,10,00:05,00:10,T,True
driver_availability,driver,박서민,박서민,DRV_017,,,233,"중형 단거리 운전교육(08:00-11:30), 외출(17:00-21:30)",2,10,15,00:10,00:15,T,True
driver_availability,driver,박서민,박서민,DRV_017,,,233,"중형 단거리 운전교육(08:00-11:30), 외출(17:00-21:30)",3,15,20,00:15,00:20,T,True
driver_availability,driver,박서민,박서민,DRV_017,,,233,"중형 단거리 운전교육(08:00-11:30), 외출(17:00-21:30)",4,20,25,00:20,00:25,T,True
driver_availability,driver,박서민,박서민,DRV_017,,,233,"중형 단거리 운전교육(08:00-11:30), 외출(17:00-21:30)",5,25,30,00:25,00:30,T,True
driver_availability,driver,박서민,박서민,DRV_017,,,233,"중형 단거리 운전교육(08:00-11:30), 외출(17:00-21:30)",6,30,35,00:30,00:35,T,True
driver_availability,driver,박서민,박서민,DRV_017,,,233,"중형 단거리 운전교육(08:00-11:30), 외출(17:00-21:30)",7,35,40,00:35,00:40,T,True
driver_availability,driver,박서민,박서민,DRV_017,,,233,"중형 단거리 운전교육(08:00-11:30), 외출(17:00-21:30)",8,40,45,00:40,00:45,T,True
driver_availability,driver,박서민,박서민,DRV_017,,,233,"중형 단거리 운전교육(08:00-11:30), 외출(17:00-21:30)",9,45,50,00:45,00:50,T,True
driver_availability,driver,박서민,박서민,DRV_017,,,233,"중형 단거리 운전교육(08:00-11:30), 외출(17:00-21:30)",10,50,55,00:50,00:55,T,True
driver_availability,driver,박서민,박서민,DRV_017,,,233,"중형 단거리 운전교육(08:00-11:30), 외출(17:00-21:30)",11,55,60,00:55,01:00,T,True
driver_availability,driver,박서민,박서민,DRV_017,,,233,"중형 단거리 운전교육(08:00-11:30), 외출(17:00-21:30)",12,60,65,01:00,01:05,T,True
driver_availability,driver,박서민,박서민,DRV_017,,,233,"중형 단거리 운전교육(08:00-11:30), 외출(17:00-21:30)",13,65,70,01:05,01:10,T,True
driver_availability,driver,박서민,박서민,DRV_017,,,233,"중형 단거리 운전교육(08:00-11:30), 외출(17:00-21:30)",14,70,75,01:10,01:15,T,True
driver_availability,driver,박서민,박서민,DRV_017,,,233,"중형 단거리 운전교육(08:00-11:30), 외출(17:00-21:30)",15,75,80,01:15,01:20,T,True
driver_availability,driver,박서민,박서민,DRV_017,,,233,"중형 단거리 운전교육(08:00-11:30), 외출(17:00-21:30)",16,80,85,01:20,01:25,T,True
driver_availability,driver,박서민,박서민,DRV_017,,,233,"중형 단거리 운전교육(08:00-11:30), 외출(17:00-21:30)",17,85,90,01:25,01:30,T,True
driver_availability,driver,박서민,박서민,DRV_017,,,233,"중형 단거리 운전교육(08:00-11:30), 외출(17:00-21:30)",18,90,95,01:30,01:35,T,True
driver_availability,driver,박서민,박서민,DRV_017,,,233,"중형 단거리 운전교육(08:00-11:30), 외출(17:00-21:30)",19,95,100,01:35,01:40,T,True
driver_availability,driver,박서민,박서민,DRV_017,,,233,"중형 단거리 운전교육(08:00-11:30), 외출(17:00-21:30)",20,100,105,01:40,01:45,T,True
driver_availability,driver,박서민,박서민,DRV_017,,,233,"중형 단거리 운전교육(08:00-11:30), 외출(17:00-21:30)",21,105,110,01:45,01:50,T,True
driver_availability,driver,박서민,박서민,DRV_017,,,233,"중형 단거리 운전교육(08:00-11:30), 외출(17:00-21:30)",22,110,115,01:50,01:55,T,True
driver_availability,driver,박서민,박서민,DRV_017,,,233,"중형 단거리 운전교육(08:00-11:30), 외출(17:00-21:30)",23,115,120,01:55,02:00,T,True
driver_availability,driver,박서민,박서민,DRV_017,,,233,"중형 단거리 운전교육(08:00-11:30), 외출(17:00-21:30)",24,120,125,02:00,02:05,T,True
driver_availability,driver,박서민,박서민,DRV_017,,,233,"중형 단거리 운전교육(08:00-11:30), 외출(17:00-21:30)",25,125,130,02:05,02:10,T,True
driver_availability,driver,박서민,박서민,DRV_017,,,233,"중형 단거리 운전교육(08:00-11:30), 외출(17:00-21:30)",26,130,135,02:10,02:15,T,True
driver_availability,driver,박서민,박서민,DRV_017,,,233,"중형 단거리 운전교육(08:00-11:30), 외출(17:00-21:30)",27,135,140,02:15,02:20,T,True
driver_availability,driver,박서민,박서민,DRV_017,,,233,"중형 단거리 운전교육(08:00-11:30), 외출(17:00-21:30)",28,140,145,02:20,02:25,T,True
driver_availability,driver,박서민,박서민,DRV_017,,,233,"중형 단거리 운전교육(08:00-11:30), 외출(17:00-21:30)",29,145,150,02:25,02:30,T,True
driver_availability,driver,박서민,박서민,DRV_017,,,233,"중형 단거리 운전교육(08:00-11:30), 외출(17:00-21:30)",30,150,155,02:30,02:35,T,True
driver_availability,driver,박서민,박서민,DRV_017,,,233,"중형 단거리 운전교육(08:00-11:30), 외출(17:00-21:30)",31,155,160,02:35,02:40,T,True
driver_availability,driver,박서민,박서민,DRV_017,,,233,"중형 단거리 운전교육(08:00-11:30), 외출(17:00-21:30)",32,160,165,02:40,02:45,T,True
driver_availability,driver,박서민,박서민,DRV_017,,,233,"중형 단거리 운전교육(08:00-11:30), 외출(17:00-21:30)",33,165,170,02:45,02:50,T,True
driver_availability,driver,박서민,박서민,DRV_017,,,233,"중형 단거리 운전교육(08:00-11:30), 외출(17:00-21:30)",34,170,175,02:50,02:55,T,True
driver_availability,driver,박서민,박서민,DRV_017,,,233,"중형 단거리 운전교육(08:00-11:30), 외출(17:00-21:30)",35,175,180,02:55,03:00,T,True
driver_availability,driver,박서민,박서민,DRV_017,,,233,"중형 단거리 운전교육(08:00-11:30), 외출(17:00-21:30)",36,180,185,03:00,03:05,T,True
driver_availability,driver,박서민,박서민,DRV_017,,,233,"중형 단거리 운전교육(08:00-11:30), 외출(17:00-21:30)",37,185,190,03:05,03:10,T,True
driver_availability,driver,박서민,박서민,DRV_017,,,233,"중형 단거리 운전교육(08:00-11:30), 외출(17:00-21:30)",38,190,195,03:10,03:15,T,True
driver_availability,driver,박서민,박서민,DRV_017,,,233,"중형 단거리 운전교육(08:00-11:30), 외출(17:00-21:30)",39,195,200,03:15,03:20,T,True
driver_availability,driver,박서민,박서민,DRV_017,,,233,"중형 단거리 운전교육(08:00-11:30), 외출(17:00-21:30)",40,200,205,03:20,03:25,T,True
driver_availability,driver,박서민,박서민,DRV_017,,,233,"중형 단거리 운전교육(08:00-11:30), 외출(17:00-21:30)",41,205,210,03:25,03:30,T,True
driver_availability,driver,박서민,박서민,DRV_017,,,233,"중형 단거리 운전교육(08:00-11:30), 외출(17:00-21:30)",42,210,215,03:30,03:35,T,True
driver_availability,driver,박서민,박서민,DRV_017,,,233,"중형 단거리 운전교육(08:00-11:30), 외출(17:00-21:30)",43,215,220,03:35,03:40,T,True
driver_availability,driver,박서민,박서민,DRV_017,,,233,"중형 단거리 운전교육(08:00-11:30), 외출(17:00-21:30)",44,220,225,03:40,03:45,T,True
driver_availability,driver,박서민,박서민,DRV_017,,,233,"중형 단거리 운전교육(08:00-11:30), 외출(17:00-21:30)",45,225,230,03:45,03:50,T,True
driver_availability,driver,박서민,박서민,DRV_017,,,233,"중형 단거리 운전교육(08:00-11:30), 외출(17:00-21:30)",46,230,235,03:50,03:55,T,True
driver_availability,driver,박서민,박서민,DRV_017,,,233,"중형 단거리 운전교육(08:00-11:30), 외출(17:00-21:30)",47,235,240,03:55,04:00,T,True
driver_availability,driver,박서민,박서민,DRV_017,,,233,"중형 단거리 운전교육(08:00-11:30), 외출(17:00-21:30)",48,240,245,04:00,04:05,T,True
driver_availability,driver,박서민,박서민,DRV_017,,,233,"중형 단거리 운전교육(08:00-11:30), 외출(17:00-21:30)",49,245,250,04:05,04:10,T,True
driver_availability,driver,박서민,박서민,DRV_017,,,233,"중형 단거리 운전교육(08:00-11:30), 외출(17:00-21:30)",50,250,255,04:10,04:15,T,True
driver_availability,driver,박서민,박서민,DRV_017,,,233,"중형 단거리 운전교육(08:00-11:30), 외출(17:00-21:30)",51,255,260,04:15,04:20,T,True
driver_availability,driver,박서민,박서민,DRV_017,,,233,"중형 단거리 운전교육(08:00-11:30), 외출(17:00-21:30)",52,260,265,04:20,04:25,T,True
driver_availability,driver,박서민,박서민,DRV_017,,,233,"중형 단거리 운전교육(08:00-11:30), 외출(17:00-21:30)",53,265,270,04:25,04:30,T,True
driver_availability,driver,박서민,박서민,DRV_017,,,233,"중형 단거리 운전교육(08:00-11:30), 외출(17:00-21:30)",54,270,275,04:30,04:35,T,True
driver_availability,driver,박서민,박서민,DRV_017,,,233,"중형 단거리 운전교육(08:00-11:30), 외출(17:00-21:30)",55,275,280,04:35,04:40,T,True
driver_availability,driver,박서민,박서민,DRV_017,,,233,"중형 단거리 운전교육(08:00-11:30), 외출(17:00-21:30)",56,280,285,04:40,04:45,T,True
driver_availability,driver,박서민,박서민,DRV_017,,,233,"중형 단거리 운전교육(08:00-11:30), 외출(17:00-21:30)",57,285,290,04:45,04:50,T,True
driver_availability,driver,박서민,박서민,DRV_017,,,233,"중형 단거리 운전교육(08:00-11:30), 외출(17:00-21:30)",58,290,295,04:50,04:55,T,True
driver_availability,driver,박서민,박서민,DRV_017,,,233,"중형 단거리 운전교육(08:00-11:30), 외출(17:00-21:30)",59,295,300,04:55,05:00,T,True
driver_availability,driver,박서민,박서민,DRV_017,,,233,"중형 단거리 운전교육(08:00-11:30), 외출(17:00-21:30)",60,300,305,05:00,05:05,T,True
driver_availability,driver,박서민,박서민,DRV_017,,,233,"중형 단거리 운전교육(08:00-11:30), 외출(17:00-21:30)",61,305,310,05:05,05:10,T,True
driver_availability,driver,박서민,박서민,DRV_017,,,233,"중형 단거리 운전교육(08:00-11:30), 외출(17:00-21:30)",62,310,315,05:10,05:15,T,True
driver_availability,driver,박서민,박서민,DRV_017,,,233,"중형 단거리 운전교육(08:00-11:30), 외출(17:00-21:30)",63,315,320,05:15,05:20,T,True
driver_availability,driver,박서민,박서민,DRV_017,,,233,"중형 단거리 운전교육(08:00-11:30), 외출(17:00-21:30)",64,320,325,05:20,05:25,T,True
driver_availability,driver,박서민,박서민,DRV_017,,,233,"중형 단거리 운전교육(08:00-11:30), 외출(17:00-21:30)",65,325,330,05:25,05:30,T,True
driver_availability,driver,박서민,박서민,DRV_017,,,233,"중형 단거리 운전교육(08:00-11:30), 외출(17:00-21:30)",66,330,335,05:30,05:35,T,True
driver_availability,driver,박서민,박서민,DRV_017,,,233,"중형 단거리 운전교육(08:00-11:30), 외출(17:00-21:30)",67,335,340,05:35,05:40,T,True
driver_availability,driver,박서민,박서민,DRV_017,,,233,"중형 단거리 운전교육(08:00-11:30), 외출(17:00-21:30)",68,340,345,05:40,05:45,T,True
driver_availability,driver,박서민,박서민,DRV_017,,,233,"중형 단거리 운전교육(08:00-11:30), 외출(17:00-21:30)",69,345,350,05:45,05:50,T,True
driver_availability,driver,박서민,박서민,DRV_017,,,233,"중형 단거리 운전교육(08:00-11:30), 외출(17:00-21:30)",70,350,355,05:50,05:55,T,True
driver_availability,driver,박서민,박서민,DRV_017,,,233,"중형 단거리 운전교육(08:00-11:30), 외출(17:00-21:30)",71,355,360,05:55,06:00,T,True
driver_availability,driver,박서민,박서민,DRV_017,,,233,"중형 단거리 운전교육(08:00-11:30), 외출(17:00-21:30)",72,360,365,06:00,06:05,T,True
driver_availability,driver,박서민,박서민,DRV_017,,,233,"중형 단거리 운전교육(08:00-11:30), 외출(17:00-21:30)",73,365,370,06:05,06:10,T,True
driver_availability,driver,박서민,박서민,DRV_017,,,233,"중형 단거리 운전교육(08:00-11:30), 외출(17:00-21:30)",74,370,375,06:10,06:15,T,True
driver_availability,driver,박서민,박서민,DRV_017,,,233,"중형 단거리 운전교육(08:00-11:30), 외출(17:00-21:30)",75,375,380,06:15,06:20,T,True
driver_availability,driver,박서민,박서민,DRV_017,,,233,"중형 단거리 운전교육(08:00-11:30), 외출(17:00-21:30)",76,380,385,06:20,06:25,T,True
driver_availability,driver,박서민,박서민,DRV_017,,,233,"중형 단거리 운전교육(08:00-11:30), 외출(17:00-21:30)",77,385,390,06:25,06:30,T,True
driver_availability,driver,박서민,박서민,DRV_017,,,233,"중형 단거리 운전교육(08:00-11:30), 외출(17:00-21:30)",78,390,395,06:30,06:35,T,True
driver_availability,driver,박서민,박서민,DRV_017,,,233,"중형 단거리 운전교육(08:00-11:30), 외출(17:00-21:30)",79,395,400,06:35,06:40,T,True
driver_availability,driver,박서민,박서민,DRV_017,,,233,"중형 단거리 운전교육(08:00-11:30), 외출(17:00-21:30)",80,400,405,06:40,06:45,T,True
driver_availability,driver,박서민,박서민,DRV_017,,,233,"중형 단거리 운전교육(08:00-11:30), 외출(17:00-21:30)",81,405,410,06:45,06:50,T,True
driver_availability,driver,박서민,박서민,DRV_017,,,233,"중형 단거리 운전교육(08:00-11:30), 외출(17:00-21:30)",82,410,415,06:50,06:55,T,True
driver_availability,driver,박서민,박서민,DRV_017,,,233,"중형 단거리 운전교육(08:00-11:30), 외출(17:00-21:30)",83,415,420,06:55,07:00,T,True
driver_availability,driver,박서민,박서민,DRV_017,,,233,"중형 단거리 운전교육(08:00-11:30), 외출(17:00-21:30)",84,420,425,07:00,07:05,T,True
driver_availability,driver,박서민,박서민,DRV_017,,,233,"중형 단거리 운전교육(08:00-11:30), 외출(17:00-21:30)",85,425,430,07:05,07:10,T,True
driver_availability,driver,박서민,박서민,DRV_017,,,233,"중형 단거리 운전교육(08:00-11:30), 외출(17:00-21:30)",86,430,435,07:10,07:15,T,True
driver_availability,driver,박서민,박서민,DRV_017,,,233,"중형 단거리 운전교육(08:00-11:30), 외출(17:00-21:30)",87,435,440,07:15,07:20,T,True
driver_availability,driver,박서민,박서민,DRV_017,,,233,"중형 단거리 운전교육(08:00-11:30), 외출(17:00-21:30)",88,440,445,07:20,07:25,T,True
driver_availability,driver,박서민,박서민,DRV_017,,,233,"중형 단거리 운전교육(08:00-11:30), 외출(17:00-21:30)",89,445,450,07:25,07:30,T,True
driver_availability,driver,박서민,박서민,DRV_017,,,233,"중형 단거리 운전교육(08:00-11:30), 외출(17:00-21:30)",90,450,455,07:30,07:35,T,True
driver_availability,driver,박서민,박서민,DRV_017,,,233,"중형 단거리 운전교육(08:00-11:30), 외출(17:00-21:30)",91,455,460,07:35,07:40,T,True
driver_availability,driver,박서민,박서민,DRV_017,,,233,"중형 단거리 운전교육(08:00-11:30), 외출(17:00-21:30)",92,460,465,07:40,07:45,T,True
driver_availability,driver,박서민,박서민,DRV_017,,,233,"중형 단거리 운전교육(08:00-11:30), 외출(17:00-21:30)",93,465,470,07:45,07:50,T,True
driver_availability,driver,박서민,박서민,DRV_017,,,233,"중형 단거리 운전교육(08:00-11:30), 외출(17:00-21:30)",94,470,475,07:50,07:55,T,True
driver_availability,driver,박서민,박서민,DRV_017,,,233,"중형 단거리 운전교육(08:00-11:30), 외출(17:00-21:30)",95,475,480,07:55,08:00,T,True
driver_availability,driver,박서민,박서민,DRV_017,,,233,"중형 단거리 운전교육(08:00-11:30), 외출(17:00-21:30)",96,480,485,08:00,08:05,F,False
driver_availability,driver,박서민,박서민,DRV_017,,,233,"중형 단거리 운전교육(08:00-11:30), 외출(17:00-21:30)",97,485,490,08:05,08:10,F,False
driver_availability,driver,박서민,박서민,DRV_017,,,233,"중형 단거리 운전교육(08:00-11:30), 외출(17:00-21:30)",98,490,495,08:10,08:15,F,False
driver_availability,driver,박서민,박서민,DRV_017,,,233,"중형 단거리 운전교육(08:00-11:30), 외출(17:00-21:30)",99,495,500,08:15,08:20,F,False
driver_availability,driver,박서민,박서민,DRV_017,,,233,"중형 단거리 운전교육(08:00-11:30), 외출(17:00-21:30)",100,500,505,08:20,08:25,F,False
driver_availability,driver,박서민,박서민,DRV_017,,,233,"중형 단거리 운전교육(08:00-11:30), 외출(17:00-21:30)",101,505,510,08:25,08:30,F,False
driver_availability,driver,박서민,박서민,DRV_017,,,233,"중형 단거리 운전교육(08:00-11:30), 외출(17:00-21:30)",102,510,515,08:30,08:35,F,False
driver_availability,driver,박서민,박서민,DRV_017,,,233,"중형 단거리 운전교육(08:00-11:30), 외출(17:00-21:30)",103,515,520,08:35,08:40,F,False
driver_availability,driver,박서민,박서민,DRV_017,,,233,"중형 단거리 운전교육(08:00-11:30), 외출(17:00-21:30)",104,520,525,08:40,08:45,F,False
driver_availability,driver,박서민,박서민,DRV_017,,,233,"중형 단거리 운전교육(08:00-11:30), 외출(17:00-21:30)",105,525,530,08:45,08:50,F,False
driver_availability,driver,박서민,박서민,DRV_017,,,233,"중형 단거리 운전교육(08:00-11:30), 외출(17:00-21:30)",106,530,535,08:50,08:55,F,False
driver_availability,driver,박서민,박서민,DRV_017,,,233,"중형 단거리 운전교육(08:00-11:30), 외출(17:00-21:30)",107,535,540,08:55,09:00,F,False
driver_availability,driver,박서민,박서민,DRV_017,,,233,"중형 단거리 운전교육(08:00-11:30), 외출(17:00-21:30)",108,540,545,09:00,09:05,F,False
driver_availability,driver,박서민,박서민,DRV_017,,,233,"중형 단거리 운전교육(08:00-11:30), 외출(17:00-21:30)",109,545,550,09:05,09:10,F,False
driver_availability,driver,박서민,박서민,DRV_017,,,233,"중형 단거리 운전교육(08:00-11:30), 외출(17:00-21:30)",110,550,555,09:10,09:15,F,False
driver_availability,driver,박서민,박서민,DRV_017,,,233,"중형 단거리 운전교육(08:00-11:30), 외출(17:00-21:30)",111,555,560,09:15,09:20,F,False
driver_availability,driver,박서민,박서민,DRV_017,,,233,"중형 단거리 운전교육(08:00-11:30), 외출(17:00-21:30)",112,560,565,09:20,09:25,F,False
driver_availability,driver,박서민,박서민,DRV_017,,,233,"중형 단거리 운전교육(08:00-11:30), 외출(17:00-21:30)",113,565,570,09:25,09:30,F,False
driver_availability,driver,박서민,박서민,DRV_017,,,233,"중형 단거리 운전교육(08:00-11:30), 외출(17:00-21:30)",114,570,575,09:30,09:35,F,False
driver_availability,driver,박서민,박서민,DRV_017,,,233,"중형 단거리 운전교육(08:00-11:30), 외출(17:00-21:30)",115,575,580,09:35,09:40,F,False
driver_availability,driver,박서민,박서민,DRV_017,,,233,"중형 단거리 운전교육(08:00-11:30), 외출(17:00-21:30)",116,580,585,09:40,09:45,F,False
driver_availability,driver,박서민,박서민,DRV_017,,,233,"중형 단거리 운전교육(08:00-11:30), 외출(17:00-21:30)",117,585,590,09:45,09:50,F,False
driver_availability,driver,박서민,박서민,DRV_017,,,233,"중형 단거리 운전교육(08:00-11:30), 외출(17:00-21:30)",118,590,595,09:50,09:55,F,False
driver_availability,driver,박서민,박서민,DRV_017,,,233,"중형 단거리 운전교육(08:00-11:30), 외출(17:00-21:30)",119,595,600,09:55,10:00,F,False
driver_availability,driver,박서민,박서민,DRV_017,,,233,"중형 단거리 운전교육(08:00-11:30), 외출(17:00-21:30)",120,600,605,10:00,10:05,F,False
driver_availability,driver,박서민,박서민,DRV_017,,,233,"중형 단거리 운전교육(08:00-11:30), 외출(17:00-21:30)",121,605,610,10:05,10:10,F,False
driver_availability,driver,박서민,박서민,DRV_017,,,233,"중형 단거리 운전교육(08:00-11:30), 외출(17:00-21:30)",122,610,615,10:10,10:15,F,False
driver_availability,driver,박서민,박서민,DRV_017,,,233,"중형 단거리 운전교육(08:00-11:30), 외출(17:00-21:30)",123,615,620,10:15,10:20,F,False
driver_availability,driver,박서민,박서민,DRV_017,,,233,"중형 단거리 운전교육(08:00-11:30), 외출(17:00-21:30)",124,620,625,10:20,10:25,F,False
driver_availability,driver,박서민,박서민,DRV_017,,,233,"중형 단거리 운전교육(08:00-11:30), 외출(17:00-21:30)",125,625,630,10:25,10:30,F,False
driver_availability,driver,박서민,박서민,DRV_017,,,233,"중형 단거리 운전교육(08:00-11:30), 외출(17:00-21:30)",126,630,635,10:30,10:35,F,False
driver_availability,driver,박서민,박서민,DRV_017,,,233,"중형 단거리 운전교육(08:00-11:30), 외출(17:00-21:30)",127,635,640,10:35,10:40,F,False
driver_availability,driver,박서민,박서민,DRV_017,,,233,"중형 단거리 운전교육(08:00-11:30), 외출(17:00-21:30)",128,640,645,10:40,10:45,F,False
driver_availability,driver,박서민,박서민,DRV_017,,,233,"중형 단거리 운전교육(08:00-11:30), 외출(17:00-21:30)",129,645,650,10:45,10:50,F,False
driver_availability,driver,박서민,박서민,DRV_017,,,233,"중형 단거리 운전교육(08:00-11:30), 외출(17:00-21:30)",130,650,655,10:50,10:55,F,False
driver_availability,driver,박서민,박서민,DRV_017,,,233,"중형 단거리 운전교육(08:00-11:30), 외출(17:00-21:30)",131,655,660,10:55,11:00,F,False
driver_availability,driver,박서민,박서민,DRV_017,,,233,"중형 단거리 운전교육(08:00-11:30), 외출(17:00-21:30)",132,660,665,11:00,11:05,F,False
driver_availability,driver,박서민,박서민,DRV_017,,,233,"중형 단거리 운전교육(08:00-11:30), 외출(17:00-21:30)",133,665,670,11:05,11:10,F,False
driver_availability,driver,박서민,박서민,DRV_017,,,233,"중형 단거리 운전교육(08:00-11:30), 외출(17:00-21:30)",134,670,675,11:10,11:15,F,False
driver_availability,driver,박서민,박서민,DRV_017,,,233,"중형 단거리 운전교육(08:00-11:30), 외출(17:00-21:30)",135,675,680,11:15,11:20,F,False
driver_availability,driver,박서민,박서민,DRV_017,,,233,"중형 단거리 운전교육(08:00-11:30), 외출(17:00-21:30)",136,680,685,11:20,11:25,F,False
driver_availability,driver,박서민,박서민,DRV_017,,,233,"중형 단거리 운전교육(08:00-11:30), 외출(17:00-21:30)",137,685,690,11:25,11:30,F,False
driver_availability,driver,박서민,박서민,DRV_017,,,233,"중형 단거리 운전교육(08:00-11:30), 외출(17:00-21:30)",138,690,695,11:30,11:35,F,False
driver_availability,driver,박서민,박서민,DRV_017,,,233,"중형 단거리 운전교육(08:00-11:30), 외출(17:00-21:30)",139,695,700,11:35,11:40,F,False
driver_availability,driver,박서민,박서민,DRV_017,,,233,"중형 단거리 운전교육(08:00-11:30), 외출(17:00-21:30)",140,700,705,11:40,11:45,F,False
driver_availability,driver,박서민,박서민,DRV_017,,,233,"중형 단거리 운전교육(08:00-11:30), 외출(17:00-21:30)",141,705,710,11:45,11:50,F,False
driver_availability,driver,박서민,박서민,DRV_017,,,233,"중형 단거리 운전교육(08:00-11:30), 외출(17:00-21:30)",142,710,715,11:50,11:55,F,False
driver_availability,driver,박서민,박서민,DRV_017,,,233,"중형 단거리 운전교육(08:00-11:30), 외출(17:00-21:30)",143,715,720,11:55,12:00,F,False
driver_availability,driver,박서민,박서민,DRV_017,,,233,"중형 단거리 운전교육(08:00-11:30), 외출(17:00-21:30)",144,720,725,12:00,12:05,F,False
driver_availability,driver,박서민,박서민,DRV_017,,,233,"중형 단거리 운전교육(08:00-11:30), 외출(17:00-21:30)",145,725,730,12:05,12:10,F,False
driver_availability,driver,박서민,박서민,DRV_017,,,233,"중형 단거리 운전교육(08:00-11:30), 외출(17:00-21:30)",146,730,735,12:10,12:15,F,False
driver_availability,driver,박서민,박서민,DRV_017,,,233,"중형 단거리 운전교육(08:00-11:30), 외출(17:00-21:30)",147,735,740,12:15,12:20,F,False
driver_availability,driver,박서민,박서민,DRV_017,,,233,"중형 단거리 운전교육(08:00-11:30), 외출(17:00-21:30)",148,740,745,12:20,12:25,F,False
driver_availability,driver,박서민,박서민,DRV_017,,,233,"중형 단거리 운전교육(08:00-11:30), 외출(17:00-21:30)",149,745,750,12:25,12:30,F,False
driver_availability,driver,박서민,박서민,DRV_017,,,233,"중형 단거리 운전교육(08:00-11:30), 외출(17:00-21:30)",150,750,755,12:30,12:35,F,False
driver_availability,driver,박서민,박서민,DRV_017,,,233,"중형 단거리 운전교육(08:00-11:30), 외출(17:00-21:30)",151,755,760,12:35,12:40,F,False
driver_availability,driver,박서민,박서민,DRV_017,,,233,"중형 단거리 운전교육(08:00-11:30), 외출(17:00-21:30)",152,760,765,12:40,12:45,F,False
driver_availability,driver,박서민,박서민,DRV_017,,,233,"중형 단거리 운전교육(08:00-11:30), 외출(17:00-21:30)",153,765,770,12:45,12:50,F,False
driver_availability,driver,박서민,박서민,DRV_017,,,233,"중형 단거리 운전교육(08:00-11:30), 외출(17:00-21:30)",154,770,775,12:50,12:55,F,False
driver_availability,driver,박서민,박서민,DRV_017,,,233,"중형 단거리 운전교육(08:00-11:30), 외출(17:00-21:30)",155,775,780,12:55,13:00,F,False
driver_availability,driver,박서민,박서민,DRV_017,,,233,"중형 단거리 운전교육(08:00-11:30), 외출(17:00-21:30)",156,780,785,13:00,13:05,F,False
driver_availability,driver,박서민,박서민,DRV_017,,,233,"중형 단거리 운전교육(08:00-11:30), 외출(17:00-21:30)",157,785,790,13:05,13:10,F,False
driver_availability,driver,박서민,박서민,DRV_017,,,233,"중형 단거리 운전교육(08:00-11:30), 외출(17:00-21:30)",158,790,795,13:10,13:15,F,False
driver_availability,driver,박서민,박서민,DRV_017,,,233,"중형 단거리 운전교육(08:00-11:30), 외출(17:00-21:30)",159,795,800,13:15,13:20,F,False
driver_availability,driver,박서민,박서민,DRV_017,,,233,"중형 단거리 운전교육(08:00-11:30), 외출(17:00-21:30)",160,800,805,13:20,13:25,F,False
driver_availability,driver,박서민,박서민,DRV_017,,,233,"중형 단거리 운전교육(08:00-11:30), 외출(17:00-21:30)",161,805,810,13:25,13:30,F,False
driver_availability,driver,박서민,박서민,DRV_017,,,233,"중형 단거리 운전교육(08:00-11:30), 외출(17:00-21:30)",162,810,815,13:30,13:35,F,False
driver_availability,driver,박서민,박서민,DRV_017,,,233,"중형 단거리 운전교육(08:00-11:30), 외출(17:00-21:30)",163,815,820,13:35,13:40,F,False
driver_availability,driver,박서민,박서민,DRV_017,,,233,"중형 단거리 운전교육(08:00-11:30), 외출(17:00-21:30)",164,820,825,13:40,13:45,F,False
driver_availability,driver,박서민,박서민,DRV_017,,,233,"중형 단거리 운전교육(08:00-11:30), 외출(17:00-21:30)",165,825,830,13:45,13:50,F,False
driver_availability,driver,박서민,박서민,DRV_017,,,233,"중형 단거리 운전교육(08:00-11:30), 외출(17:00-21:30)",166,830,835,13:50,13:55,F,False
driver_availability,driver,박서민,박서민,DRV_017,,,233,"중형 단거리 운전교육(08:00-11:30), 외출(17:00-21:30)",167,835,840,13:55,14:00,F,False
driver_availability,driver,박서민,박서민,DRV_017,,,233,"중형 단거리 운전교육(08:00-11:30), 외출(17:00-21:30)",168,840,845,14:00,14:05,F,False
driver_availability,driver,박서민,박서민,DRV_017,,,233,"중형 단거리 운전교육(08:00-11:30), 외출(17:00-21:30)",169,845,850,14:05,14:10,F,False
driver_availability,driver,박서민,박서민,DRV_017,,,233,"중형 단거리 운전교육(08:00-11:30), 외출(17:00-21:30)",170,850,855,14:10,14:15,F,False
driver_availability,driver,박서민,박서민,DRV_017,,,233,"중형 단거리 운전교육(08:00-11:30), 외출(17:00-21:30)",171,855,860,14:15,14:20,F,False
driver_availability,driver,박서민,박서민,DRV_017,,,233,"중형 단거리 운전교육(08:00-11:30), 외출(17:00-21:30)",172,860,865,14:20,14:25,F,False
driver_availability,driver,박서민,박서민,DRV_017,,,233,"중형 단거리 운전교육(08:00-11:30), 외출(17:00-21:30)",173,865,870,14:25,14:30,F,False
driver_availability,driver,박서민,박서민,DRV_017,,,233,"중형 단거리 운전교육(08:00-11:30), 외출(17:00-21:30)",174,870,875,14:30,14:35,F,False
driver_availability,driver,박서민,박서민,DRV_017,,,233,"중형 단거리 운전교육(08:00-11:30), 외출(17:00-21:30)",175,875,880,14:35,14:40,F,False
driver_availability,driver,박서민,박서민,DRV_017,,,233,"중형 단거리 운전교육(08:00-11:30), 외출(17:00-21:30)",176,880,885,14:40,14:45,F,False
driver_availability,driver,박서민,박서민,DRV_017,,,233,"중형 단거리 운전교육(08:00-11:30), 외출(17:00-21:30)",177,885,890,14:45,14:50,F,False
driver_availability,driver,박서민,박서민,DRV_017,,,233,"중형 단거리 운전교육(08:00-11:30), 외출(17:00-21:30)",178,890,895,14:50,14:55,F,False
driver_availability,driver,박서민,박서민,DRV_017,,,233,"중형 단거리 운전교육(08:00-11:30), 외출(17:00-21:30)",179,895,900,14:55,15:00,F,False
driver_availability,driver,박서민,박서민,DRV_017,,,233,"중형 단거리 운전교육(08:00-11:30), 외출(17:00-21:30)",180,900,905,15:00,15:05,F,False
driver_availability,driver,박서민,박서민,DRV_017,,,233,"중형 단거리 운전교육(08:00-11:30), 외출(17:00-21:30)",181,905,910,15:05,15:10,F,False
driver_availability,driver,박서민,박서민,DRV_017,,,233,"중형 단거리 운전교육(08:00-11:30), 외출(17:00-21:30)",182,910,915,15:10,15:15,F,False
driver_availability,driver,박서민,박서민,DRV_017,,,233,"중형 단거리 운전교육(08:00-11:30), 외출(17:00-21:30)",183,915,920,15:15,15:20,F,False
driver_availability,driver,박서민,박서민,DRV_017,,,233,"중형 단거리 운전교육(08:00-11:30), 외출(17:00-21:30)",184,920,925,15:20,15:25,F,False
driver_availability,driver,박서민,박서민,DRV_017,,,233,"중형 단거리 운전교육(08:00-11:30), 외출(17:00-21:30)",185,925,930,15:25,15:30,F,False
driver_availability,driver,박서민,박서민,DRV_017,,,233,"중형 단거리 운전교육(08:00-11:30), 외출(17:00-21:30)",186,930,935,15:30,15:35,F,False
driver_availability,driver,박서민,박서민,DRV_017,,,233,"중형 단거리 운전교육(08:00-11:30), 외출(17:00-21:30)",187,935,940,15:35,15:40,F,False
driver_availability,driver,박서민,박서민,DRV_017,,,233,"중형 단거리 운전교육(08:00-11:30), 외출(17:00-21:30)",188,940,945,15:40,15:45,F,False
driver_availability,driver,박서민,박서민,DRV_017,,,233,"중형 단거리 운전교육(08:00-11:30), 외출(17:00-21:30)",189,945,950,15:45,15:50,F,False
driver_availability,driver,박서민,박서민,DRV_017,,,233,"중형 단거리 운전교육(08:00-11:30), 외출(17:00-21:30)",190,950,955,15:50,15:55,F,False
driver_availability,driver,박서민,박서민,DRV_017,,,233,"중형 단거리 운전교육(08:00-11:30), 외출(17:00-21:30)",191,955,960,15:55,16:00,F,False
driver_availability,driver,박서민,박서민,DRV_017,,,233,"중형 단거리 운전교육(08:00-11:30), 외출(17:00-21:30)",192,960,965,16:00,16:05,F,False
driver_availability,driver,박서민,박서민,DRV_017,,,233,"중형 단거리 운전교육(08:00-11:30), 외출(17:00-21:30)",193,965,970,16:05,16:10,F,False
driver_availability,driver,박서민,박서민,DRV_017,,,233,"중형 단거리 운전교육(08:00-11:30), 외출(17:00-21:30)",194,970,975,16:10,16:15,F,False
driver_availability,driver,박서민,박서민,DRV_017,,,233,"중형 단거리 운전교육(08:00-11:30), 외출(17:00-21:30)",195,975,980,16:15,16:20,F,False
driver_availability,driver,박서민,박서민,DRV_017,,,233,"중형 단거리 운전교육(08:00-11:30), 외출(17:00-21:30)",196,980,985,16:20,16:25,F,False
driver_availability,driver,박서민,박서민,DRV_017,,,233,"중형 단거리 운전교육(08:00-11:30), 외출(17:00-21:30)",197,985,990,16:25,16:30,F,False
driver_availability,driver,박서민,박서민,DRV_017,,,233,"중형 단거리 운전교육(08:00-11:30), 외출(17:00-21:30)",198,990,995,16:30,16:35,F,False
driver_availability,driver,박서민,박서민,DRV_017,,,233,"중형 단거리 운전교육(08:00-11:30), 외출(17:00-21:30)",199,995,1000,16:35,16:40,F,False
driver_availability,driver,박서민,박서민,DRV_017,,,233,"중형 단거리 운전교육(08:00-11:30), 외출(17:00-21:30)",200,1000,1005,16:40,16:45,F,False
driver_availability,driver,박서민,박서민,DRV_017,,,233,"중형 단거리 운전교육(08:00-11:30), 외출(17:00-21:30)",201,1005,1010,16:45,16:50,F,False
driver_availability,driver,박서민,박서민,DRV_017,,,233,"중형 단거리 운전교육(08:00-11:30), 외출(17:00-21:30)",202,1010,1015,16:50,16:55,F,False
driver_availability,driver,박서민,박서민,DRV_017,,,233,"중형 단거리 운전교육(08:00-11:30), 외출(17:00-21:30)",203,1015,1020,16:55,17:00,F,False
driver_availability,driver,박서민,박서민,DRV_017,,,233,"중형 단거리 운전교육(08:00-11:30), 외출(17:00-21:30)",204,1020,1025,17:00,17:05,F,False
driver_availability,driver,박서민,박서민,DRV_017,,,233,"중형 단거리 운전교육(08:00-11:30), 외출(17:00-21:30)",205,1025,1030,17:05,17:10,F,False
driver_availability,driver,박서민,박서민,DRV_017,,,233,"중형 단거리 운전교육(08:00-11:30), 외출(17:00-21:30)",206,1030,1035,17:10,17:15,F,False
driver_availability,driver,박서민,박서민,DRV_017,,,233,"중형 단거리 운전교육(08:00-11:30), 외출(17:00-21:30)",207,1035,1040,17:15,17:20,F,False
driver_availability,driver,박서민,박서민,DRV_017,,,233,"중형 단거리 운전교육(08:00-11:30), 외출(17:00-21:30)",208,1040,1045,17:20,17:25,F,False
driver_availability,driver,박서민,박서민,DRV_017,,,233,"중형 단거리 운전교육(08:00-11:30), 외출(17:00-21:30)",209,1045,1050,17:25,17:30,F,False
driver_availability,driver,박서민,박서민,DRV_017,,,233,"중형 단거리 운전교육(08:00-11:30), 외출(17:00-21:30)",210,1050,1055,17:30,17:35,F,False
driver_availability,driver,박서민,박서민,DRV_017,,,233,"중형 단거리 운전교육(08:00-11:30), 외출(17:00-21:30)",211,1055,1060,17:35,17:40,F,False
driver_availability,driver,박서민,박서민,DRV_017,,,233,"중형 단거리 운전교육(08:00-11:30), 외출(17:00-21:30)",212,1060,1065,17:40,17:45,F,False
driver_availability,driver,박서민,박서민,DRV_017,,,233,"중형 단거리 운전교육(08:00-11:30), 외출(17:00-21:30)",213,1065,1070,17:45,17:50,F,False
driver_availability,driver,박서민,박서민,DRV_017,,,233,"중형 단거리 운전교육(08:00-11:30), 외출(17:00-21:30)",214,1070,1075,17:50,17:55,F,False
driver_availability,driver,박서민,박서민,DRV_017,,,233,"중형 단거리 운전교육(08:00-11:30), 외출(17:00-21:30)",215,1075,1080,17:55,18:00,F,False
driver_availability,driver,박서민,박서민,DRV_017,,,233,"중형 단거리 운전교육(08:00-11:30), 외출(17:00-21:30)",216,1080,1085,18:00,18:05,F,False
driver_availability,driver,박서민,박서민,DRV_017,,,233,"중형 단거리 운전교육(08:00-11:30), 외출(17:00-21:30)",217,1085,1090,18:05,18:10,F,False
driver_availability,driver,박서민,박서민,DRV_017,,,233,"중형 단거리 운전교육(08:00-11:30), 외출(17:00-21:30)",218,1090,1095,18:10,18:15,F,False
driver_availability,driver,박서민,박서민,DRV_017,,,233,"중형 단거리 운전교육(08:00-11:30), 외출(17:00-21:30)",219,1095,1100,18:15,18:20,F,False
driver_availability,driver,박서민,박서민,DRV_017,,,233,"중형 단거리 운전교육(08:00-11:30), 외출(17:00-21:30)",220,1100,1105,18:20,18:25,F,False
driver_availability,driver,박서민,박서민,DRV_017,,,233,"중형 단거리 운전교육(08:00-11:30), 외출(17:00-21:30)",221,1105,1110,18:25,18:30,F,False
driver_availability,driver,박서민,박서민,DRV_017,,,233,"중형 단거리 운전교육(08:00-11:30), 외출(17:00-21:30)",222,1110,1115,18:30,18:35,F,False
driver_availability,driver,박서민,박서민,DRV_017,,,233,"중형 단거리 운전교육(08:00-11:30), 외출(17:00-21:30)",223,1115,1120,18:35,18:40,F,False
driver_availability,driver,박서민,박서민,DRV_017,,,233,"중형 단거리 운전교육(08:00-11:30), 외출(17:00-21:30)",224,1120,1125,18:40,18:45,F,False
driver_availability,driver,박서민,박서민,DRV_017,,,233,"중형 단거리 운전교육(08:00-11:30), 외출(17:00-21:30)",225,1125,1130,18:45,18:50,F,False
driver_availability,driver,박서민,박서민,DRV_017,,,233,"중형 단거리 운전교육(08:00-11:30), 외출(17:00-21:30)",226,1130,1135,18:50,18:55,F,False
driver_availability,driver,박서민,박서민,DRV_017,,,233,"중형 단거리 운전교육(08:00-11:30), 외출(17:00-21:30)",227,1135,1140,18:55,19:00,F,False
driver_availability,driver,박서민,박서민,DRV_017,,,233,"중형 단거리 운전교육(08:00-11:30), 외출(17:00-21:30)",228,1140,1145,19:00,19:05,F,False
driver_availability,driver,박서민,박서민,DRV_017,,,233,"중형 단거리 운전교육(08:00-11:30), 외출(17:00-21:30)",229,1145,1150,19:05,19:10,F,False
driver_availability,driver,박서민,박서민,DRV_017,,,233,"중형 단거리 운전교육(08:00-11:30), 외출(17:00-21:30)",230,1150,1155,19:10,19:15,F,False
driver_availability,driver,박서민,박서민,DRV_017,,,233,"중형 단거리 운전교육(08:00-11:30), 외출(17:00-21:30)",231,1155,1160,19:15,19:20,F,False
driver_availability,driver,박서민,박서민,DRV_017,,,233,"중형 단거리 운전교육(08:00-11:30), 외출(17:00-21:30)",232,1160,1165,19:20,19:25,F,False
driver_availability,driver,박서민,박서민,DRV_017,,,233,"중형 단거리 운전교육(08:00-11:30), 외출(17:00-21:30)",233,1165,1170,19:25,19:30,F,False
driver_availability,driver,박서민,박서민,DRV_017,,,233,"중형 단거리 운전교육(08:00-11:30), 외출(17:00-21:30)",234,1170,1175,19:30,19:35,F,False
driver_availability,driver,박서민,박서민,DRV_017,,,233,"중형 단거리 운전교육(08:00-11:30), 외출(17:00-21:30)",235,1175,1180,19:35,19:40,F,False
driver_availability,driver,박서민,박서민,DRV_017,,,233,"중형 단거리 운전교육(08:00-11:30), 외출(17:00-21:30)",236,1180,1185,19:40,19:45,F,False
driver_availability,driver,박서민,박서민,DRV_017,,,233,"중형 단거리 운전교육(08:00-11:30), 외출(17:00-21:30)",237,1185,1190,19:45,19:50,F,False
driver_availability,driver,박서민,박서민,DRV_017,,,233,"중형 단거리 운전교육(08:00-11:30), 외출(17:00-21:30)",238,1190,1195,19:50,19:55,F,False
driver_availability,driver,박서민,박서민,DRV_017,,,233,"중형 단거리 운전교육(08:00-11:30), 외출(17:00-21:30)",239,1195,1200,19:55,20:00,F,False
driver_availability,driver,박서민,박서민,DRV_017,,,233,"중형 단거리 운전교육(08:00-11:30), 외출(17:00-21:30)",240,1200,1205,20:00,20:05,F,False
driver_availability,driver,박서민,박서민,DRV_017,,,233,"중형 단거리 운전교육(08:00-11:30), 외출(17:00-21:30)",241,1205,1210,20:05,20:10,F,False
driver_availability,driver,박서민,박서민,DRV_017,,,233,"중형 단거리 운전교육(08:00-11:30), 외출(17:00-21:30)",242,1210,1215,20:10,20:15,F,False
driver_availability,driver,박서민,박서민,DRV_017,,,233,"중형 단거리 운전교육(08:00-11:30), 외출(17:00-21:30)",243,1215,1220,20:15,20:20,F,False
driver_availability,driver,박서민,박서민,DRV_017,,,233,"중형 단거리 운전교육(08:00-11:30), 외출(17:00-21:30)",244,1220,1225,20:20,20:25,F,False
driver_availability,driver,박서민,박서민,DRV_017,,,233,"중형 단거리 운전교육(08:00-11:30), 외출(17:00-21:30)",245,1225,1230,20:25,20:30,F,False
driver_availability,driver,박서민,박서민,DRV_017,,,233,"중형 단거리 운전교육(08:00-11:30), 외출(17:00-21:30)",246,1230,1235,20:30,20:35,F,False
driver_availability,driver,박서민,박서민,DRV_017,,,233,"중형 단거리 운전교육(08:00-11:30), 외출(17:00-21:30)",247,1235,1240,20:35,20:40,F,False
driver_availability,driver,박서민,박서민,DRV_017,,,233,"중형 단거리 운전교육(08:00-11:30), 외출(17:00-21:30)",248,1240,1245,20:40,20:45,F,False
driver_availability,driver,박서민,박서민,DRV_017,,,233,"중형 단거리 운전교육(08:00-11:30), 외출(17:00-21:30)",249,1245,1250,20:45,20:50,F,False
driver_availability,driver,박서민,박서민,DRV_017,,,233,"중형 단거리 운전교육(08:00-11:30), 외출(17:00-21:30)",250,1250,1255,20:50,20:55,F,False
driver_availability,driver,박서민,박서민,DRV_017,,,233,"중형 단거리 운전교육(08:00-11:30), 외출(17:00-21:30)",251,1255,1260,20:55,21:00,F,False
driver_availability,driver,박서민,박서민,DRV_017,,,233,"중형 단거리 운전교육(08:00-11:30), 외출(17:00-21:30)",252,1260,1265,21:00,21:05,F,False
driver_availability,driver,박서민,박서민,DRV_017,,,233,"중형 단거리 운전교육(08:00-11:30), 외출(17:00-21:30)",253,1265,1270,21:05,21:10,F,False
driver_availability,driver,박서민,박서민,DRV_017,,,233,"중형 단거리 운전교육(08:00-11:30), 외출(17:00-21:30)",254,1270,1275,21:10,21:15,F,False
driver_availability,driver,박서민,박서민,DRV_017,,,233,"중형 단거리 운전교육(08:00-11:30), 외출(17:00-21:30)",255,1275,1280,21:15,21:20,F,False
driver_availability,driver,박서민,박서민,DRV_017,,,233,"중형 단거리 운전교육(08:00-11:30), 외출(17:00-21:30)",256,1280,1285,21:20,21:25,F,False
driver_availability,driver,박서민,박서민,DRV_017,,,233,"중형 단거리 운전교육(08:00-11:30), 외출(17:00-21:30)",257,1285,1290,21:25,21:30,F,False
driver_availability,driver,박서민,박서민,DRV_017,,,233,"중형 단거리 운전교육(08:00-11:30), 외출(17:00-21:30)",258,1290,1295,21:30,21:35,T,True
driver_availability,driver,박서민,박서민,DRV_017,,,233,"중형 단거리 운전교육(08:00-11:30), 외출(17:00-21:30)",259,1295,1300,21:35,21:40,T,True
driver_availability,driver,박서민,박서민,DRV_017,,,233,"중형 단거리 운전교육(08:00-11:30), 외출(17:00-21:30)",260,1300,1305,21:40,21:45,T,True
driver_availability,driver,박서민,박서민,DRV_017,,,233,"중형 단거리 운전교육(08:00-11:30), 외출(17:00-21:30)",261,1305,1310,21:45,21:50,T,True
driver_availability,driver,박서민,박서민,DRV_017,,,233,"중형 단거리 운전교육(08:00-11:30), 외출(17:00-21:30)",262,1310,1315,21:50,21:55,T,True
driver_availability,driver,박서민,박서민,DRV_017,,,233,"중형 단거리 운전교육(08:00-11:30), 외출(17:00-21:30)",263,1315,1320,21:55,22:00,T,True
driver_availability,driver,박서민,박서민,DRV_017,,,233,"중형 단거리 운전교육(08:00-11:30), 외출(17:00-21:30)",264,1320,1325,22:00,22:05,T,True
driver_availability,driver,박서민,박서민,DRV_017,,,233,"중형 단거리 운전교육(08:00-11:30), 외출(17:00-21:30)",265,1325,1330,22:05,22:10,T,True
driver_availability,driver,박서민,박서민,DRV_017,,,233,"중형 단거리 운전교육(08:00-11:30), 외출(17:00-21:30)",266,1330,1335,22:10,22:15,T,True
driver_availability,driver,박서민,박서민,DRV_017,,,233,"중형 단거리 운전교육(08:00-11:30), 외출(17:00-21:30)",267,1335,1340,22:15,22:20,T,True
driver_availability,driver,박서민,박서민,DRV_017,,,233,"중형 단거리 운전교육(08:00-11:30), 외출(17:00-21:30)",268,1340,1345,22:20,22:25,T,True
driver_availability,driver,박서민,박서민,DRV_017,,,233,"중형 단거리 운전교육(08:00-11:30), 외출(17:00-21:30)",269,1345,1350,22:25,22:30,T,True
driver_availability,driver,박서민,박서민,DRV_017,,,233,"중형 단거리 운전교육(08:00-11:30), 외출(17:00-21:30)",270,1350,1355,22:30,22:35,T,True
driver_availability,driver,박서민,박서민,DRV_017,,,233,"중형 단거리 운전교육(08:00-11:30), 외출(17:00-21:30)",271,1355,1360,22:35,22:40,T,True
driver_availability,driver,박서민,박서민,DRV_017,,,233,"중형 단거리 운전교육(08:00-11:30), 외출(17:00-21:30)",272,1360,1365,22:40,22:45,T,True
driver_availability,driver,박서민,박서민,DRV_017,,,233,"중형 단거리 운전교육(08:00-11:30), 외출(17:00-21:30)",273,1365,1370,22:45,22:50,T,True
driver_availability,driver,박서민,박서민,DRV_017,,,233,"중형 단거리 운전교육(08:00-11:30), 외출(17:00-21:30)",274,1370,1375,22:50,22:55,T,True
driver_availability,driver,박서민,박서민,DRV_017,,,233,"중형 단거리 운전교육(08:00-11:30), 외출(17:00-21:30)",275,1375,1380,22:55,23:00,T,True
driver_availability,driver,박서민,박서민,DRV_017,,,233,"중형 단거리 운전교육(08:00-11:30), 외출(17:00-21:30)",276,1380,1385,23:00,23:05,T,True
driver_availability,driver,박서민,박서민,DRV_017,,,233,"중형 단거리 운전교육(08:00-11:30), 외출(17:00-21:30)",277,1385,1390,23:05,23:10,T,True
driver_availability,driver,박서민,박서민,DRV_017,,,233,"중형 단거리 운전교육(08:00-11:30), 외출(17:00-21:30)",278,1390,1395,23:10,23:15,T,True
driver_availability,driver,박서민,박서민,DRV_017,,,233,"중형 단거리 운전교육(08:00-11:30), 외출(17:00-21:30)",279,1395,1400,23:15,23:20,T,True
driver_availability,driver,박서민,박서민,DRV_017,,,233,"중형 단거리 운전교육(08:00-11:30), 외출(17:00-21:30)",280,1400,1405,23:20,23:25,T,True
driver_availability,driver,박서민,박서민,DRV_017,,,233,"중형 단거리 운전교육(08:00-11:30), 외출(17:00-21:30)",281,1405,1410,23:25,23:30,T,True
driver_availability,driver,박서민,박서민,DRV_017,,,233,"중형 단거리 운전교육(08:00-11:30), 외출(17:00-21:30)",282,1410,1415,23:30,23:35,T,True
driver_availability,driver,박서민,박서민,DRV_017,,,233,"중형 단거리 운전교육(08:00-11:30), 외출(17:00-21:30)",283,1415,1420,23:35,23:40,T,True
driver_availability,driver,박서민,박서민,DRV_017,,,233,"중형 단거리 운전교육(08:00-11:30), 외출(17:00-21:30)",284,1420,1425,23:40,23:45,T,True
driver_availability,driver,박서민,박서민,DRV_017,,,233,"중형 단거리 운전교육(08:00-11:30), 외출(17:00-21:30)",285,1425,1430,23:45,23:50,T,True
driver_availability,driver,박서민,박서민,DRV_017,,,233,"중형 단거리 운전교육(08:00-11:30), 외출(17:00-21:30)",286,1430,1435,23:50,23:55,T,True
driver_availability,driver,박서민,박서민,DRV_017,,,233,"중형 단거리 운전교육(08:00-11:30), 외출(17:00-21:30)",287,1435,1440,23:55,24:00,T,True
driver_availability,driver,박영준,박영준,DRV_018,,,233,중형 단거리 운전교육(13:00-17:00),0,0,5,00:00,00:05,T,True
driver_availability,driver,박영준,박영준,DRV_018,,,233,중형 단거리 운전교육(13:00-17:00),1,5,10,00:05,00:10,T,True
driver_availability,driver,박영준,박영준,DRV_018,,,233,중형 단거리 운전교육(13:00-17:00),2,10,15,00:10,00:15,T,True
driver_availability,driver,박영준,박영준,DRV_018,,,233,중형 단거리 운전교육(13:00-17:00),3,15,20,00:15,00:20,T,True
driver_availability,driver,박영준,박영준,DRV_018,,,233,중형 단거리 운전교육(13:00-17:00),4,20,25,00:20,00:25,T,True
driver_availability,driver,박영준,박영준,DRV_018,,,233,중형 단거리 운전교육(13:00-17:00),5,25,30,00:25,00:30,T,True
driver_availability,driver,박영준,박영준,DRV_018,,,233,중형 단거리 운전교육(13:00-17:00),6,30,35,00:30,00:35,T,True
driver_availability,driver,박영준,박영준,DRV_018,,,233,중형 단거리 운전교육(13:00-17:00),7,35,40,00:35,00:40,T,True
driver_availability,driver,박영준,박영준,DRV_018,,,233,중형 단거리 운전교육(13:00-17:00),8,40,45,00:40,00:45,T,True
driver_availability,driver,박영준,박영준,DRV_018,,,233,중형 단거리 운전교육(13:00-17:00),9,45,50,00:45,00:50,T,True
driver_availability,driver,박영준,박영준,DRV_018,,,233,중형 단거리 운전교육(13:00-17:00),10,50,55,00:50,00:55,T,True
driver_availability,driver,박영준,박영준,DRV_018,,,233,중형 단거리 운전교육(13:00-17:00),11,55,60,00:55,01:00,T,True
driver_availability,driver,박영준,박영준,DRV_018,,,233,중형 단거리 운전교육(13:00-17:00),12,60,65,01:00,01:05,T,True
driver_availability,driver,박영준,박영준,DRV_018,,,233,중형 단거리 운전교육(13:00-17:00),13,65,70,01:05,01:10,T,True
driver_availability,driver,박영준,박영준,DRV_018,,,233,중형 단거리 운전교육(13:00-17:00),14,70,75,01:10,01:15,T,True
driver_availability,driver,박영준,박영준,DRV_018,,,233,중형 단거리 운전교육(13:00-17:00),15,75,80,01:15,01:20,T,True
driver_availability,driver,박영준,박영준,DRV_018,,,233,중형 단거리 운전교육(13:00-17:00),16,80,85,01:20,01:25,T,True
driver_availability,driver,박영준,박영준,DRV_018,,,233,중형 단거리 운전교육(13:00-17:00),17,85,90,01:25,01:30,T,True
driver_availability,driver,박영준,박영준,DRV_018,,,233,중형 단거리 운전교육(13:00-17:00),18,90,95,01:30,01:35,T,True
driver_availability,driver,박영준,박영준,DRV_018,,,233,중형 단거리 운전교육(13:00-17:00),19,95,100,01:35,01:40,T,True
driver_availability,driver,박영준,박영준,DRV_018,,,233,중형 단거리 운전교육(13:00-17:00),20,100,105,01:40,01:45,T,True
driver_availability,driver,박영준,박영준,DRV_018,,,233,중형 단거리 운전교육(13:00-17:00),21,105,110,01:45,01:50,T,True
driver_availability,driver,박영준,박영준,DRV_018,,,233,중형 단거리 운전교육(13:00-17:00),22,110,115,01:50,01:55,T,True
driver_availability,driver,박영준,박영준,DRV_018,,,233,중형 단거리 운전교육(13:00-17:00),23,115,120,01:55,02:00,T,True
driver_availability,driver,박영준,박영준,DRV_018,,,233,중형 단거리 운전교육(13:00-17:00),24,120,125,02:00,02:05,T,True
driver_availability,driver,박영준,박영준,DRV_018,,,233,중형 단거리 운전교육(13:00-17:00),25,125,130,02:05,02:10,T,True
driver_availability,driver,박영준,박영준,DRV_018,,,233,중형 단거리 운전교육(13:00-17:00),26,130,135,02:10,02:15,T,True
driver_availability,driver,박영준,박영준,DRV_018,,,233,중형 단거리 운전교육(13:00-17:00),27,135,140,02:15,02:20,T,True
driver_availability,driver,박영준,박영준,DRV_018,,,233,중형 단거리 운전교육(13:00-17:00),28,140,145,02:20,02:25,T,True
driver_availability,driver,박영준,박영준,DRV_018,,,233,중형 단거리 운전교육(13:00-17:00),29,145,150,02:25,02:30,T,True
driver_availability,driver,박영준,박영준,DRV_018,,,233,중형 단거리 운전교육(13:00-17:00),30,150,155,02:30,02:35,T,True
driver_availability,driver,박영준,박영준,DRV_018,,,233,중형 단거리 운전교육(13:00-17:00),31,155,160,02:35,02:40,T,True
driver_availability,driver,박영준,박영준,DRV_018,,,233,중형 단거리 운전교육(13:00-17:00),32,160,165,02:40,02:45,T,True
driver_availability,driver,박영준,박영준,DRV_018,,,233,중형 단거리 운전교육(13:00-17:00),33,165,170,02:45,02:50,T,True
driver_availability,driver,박영준,박영준,DRV_018,,,233,중형 단거리 운전교육(13:00-17:00),34,170,175,02:50,02:55,T,True
driver_availability,driver,박영준,박영준,DRV_018,,,233,중형 단거리 운전교육(13:00-17:00),35,175,180,02:55,03:00,T,True
driver_availability,driver,박영준,박영준,DRV_018,,,233,중형 단거리 운전교육(13:00-17:00),36,180,185,03:00,03:05,T,True
driver_availability,driver,박영준,박영준,DRV_018,,,233,중형 단거리 운전교육(13:00-17:00),37,185,190,03:05,03:10,T,True
driver_availability,driver,박영준,박영준,DRV_018,,,233,중형 단거리 운전교육(13:00-17:00),38,190,195,03:10,03:15,T,True
driver_availability,driver,박영준,박영준,DRV_018,,,233,중형 단거리 운전교육(13:00-17:00),39,195,200,03:15,03:20,T,True
driver_availability,driver,박영준,박영준,DRV_018,,,233,중형 단거리 운전교육(13:00-17:00),40,200,205,03:20,03:25,T,True
driver_availability,driver,박영준,박영준,DRV_018,,,233,중형 단거리 운전교육(13:00-17:00),41,205,210,03:25,03:30,T,True
driver_availability,driver,박영준,박영준,DRV_018,,,233,중형 단거리 운전교육(13:00-17:00),42,210,215,03:30,03:35,T,True
driver_availability,driver,박영준,박영준,DRV_018,,,233,중형 단거리 운전교육(13:00-17:00),43,215,220,03:35,03:40,T,True
driver_availability,driver,박영준,박영준,DRV_018,,,233,중형 단거리 운전교육(13:00-17:00),44,220,225,03:40,03:45,T,True
driver_availability,driver,박영준,박영준,DRV_018,,,233,중형 단거리 운전교육(13:00-17:00),45,225,230,03:45,03:50,T,True
driver_availability,driver,박영준,박영준,DRV_018,,,233,중형 단거리 운전교육(13:00-17:00),46,230,235,03:50,03:55,T,True
driver_availability,driver,박영준,박영준,DRV_018,,,233,중형 단거리 운전교육(13:00-17:00),47,235,240,03:55,04:00,T,True
driver_availability,driver,박영준,박영준,DRV_018,,,233,중형 단거리 운전교육(13:00-17:00),48,240,245,04:00,04:05,T,True
driver_availability,driver,박영준,박영준,DRV_018,,,233,중형 단거리 운전교육(13:00-17:00),49,245,250,04:05,04:10,T,True
driver_availability,driver,박영준,박영준,DRV_018,,,233,중형 단거리 운전교육(13:00-17:00),50,250,255,04:10,04:15,T,True
driver_availability,driver,박영준,박영준,DRV_018,,,233,중형 단거리 운전교육(13:00-17:00),51,255,260,04:15,04:20,T,True
driver_availability,driver,박영준,박영준,DRV_018,,,233,중형 단거리 운전교육(13:00-17:00),52,260,265,04:20,04:25,T,True
driver_availability,driver,박영준,박영준,DRV_018,,,233,중형 단거리 운전교육(13:00-17:00),53,265,270,04:25,04:30,T,True
driver_availability,driver,박영준,박영준,DRV_018,,,233,중형 단거리 운전교육(13:00-17:00),54,270,275,04:30,04:35,T,True
driver_availability,driver,박영준,박영준,DRV_018,,,233,중형 단거리 운전교육(13:00-17:00),55,275,280,04:35,04:40,T,True
driver_availability,driver,박영준,박영준,DRV_018,,,233,중형 단거리 운전교육(13:00-17:00),56,280,285,04:40,04:45,T,True
driver_availability,driver,박영준,박영준,DRV_018,,,233,중형 단거리 운전교육(13:00-17:00),57,285,290,04:45,04:50,T,True
driver_availability,driver,박영준,박영준,DRV_018,,,233,중형 단거리 운전교육(13:00-17:00),58,290,295,04:50,04:55,T,True
driver_availability,driver,박영준,박영준,DRV_018,,,233,중형 단거리 운전교육(13:00-17:00),59,295,300,04:55,05:00,T,True
driver_availability,driver,박영준,박영준,DRV_018,,,233,중형 단거리 운전교육(13:00-17:00),60,300,305,05:00,05:05,T,True
driver_availability,driver,박영준,박영준,DRV_018,,,233,중형 단거리 운전교육(13:00-17:00),61,305,310,05:05,05:10,T,True
driver_availability,driver,박영준,박영준,DRV_018,,,233,중형 단거리 운전교육(13:00-17:00),62,310,315,05:10,05:15,T,True
driver_availability,driver,박영준,박영준,DRV_018,,,233,중형 단거리 운전교육(13:00-17:00),63,315,320,05:15,05:20,T,True
driver_availability,driver,박영준,박영준,DRV_018,,,233,중형 단거리 운전교육(13:00-17:00),64,320,325,05:20,05:25,T,True
driver_availability,driver,박영준,박영준,DRV_018,,,233,중형 단거리 운전교육(13:00-17:00),65,325,330,05:25,05:30,T,True
driver_availability,driver,박영준,박영준,DRV_018,,,233,중형 단거리 운전교육(13:00-17:00),66,330,335,05:30,05:35,T,True
driver_availability,driver,박영준,박영준,DRV_018,,,233,중형 단거리 운전교육(13:00-17:00),67,335,340,05:35,05:40,T,True
driver_availability,driver,박영준,박영준,DRV_018,,,233,중형 단거리 운전교육(13:00-17:00),68,340,345,05:40,05:45,T,True
driver_availability,driver,박영준,박영준,DRV_018,,,233,중형 단거리 운전교육(13:00-17:00),69,345,350,05:45,05:50,T,True
driver_availability,driver,박영준,박영준,DRV_018,,,233,중형 단거리 운전교육(13:00-17:00),70,350,355,05:50,05:55,T,True
driver_availability,driver,박영준,박영준,DRV_018,,,233,중형 단거리 운전교육(13:00-17:00),71,355,360,05:55,06:00,T,True
driver_availability,driver,박영준,박영준,DRV_018,,,233,중형 단거리 운전교육(13:00-17:00),72,360,365,06:00,06:05,T,True
driver_availability,driver,박영준,박영준,DRV_018,,,233,중형 단거리 운전교육(13:00-17:00),73,365,370,06:05,06:10,T,True
driver_availability,driver,박영준,박영준,DRV_018,,,233,중형 단거리 운전교육(13:00-17:00),74,370,375,06:10,06:15,T,True
driver_availability,driver,박영준,박영준,DRV_018,,,233,중형 단거리 운전교육(13:00-17:00),75,375,380,06:15,06:20,T,True
driver_availability,driver,박영준,박영준,DRV_018,,,233,중형 단거리 운전교육(13:00-17:00),76,380,385,06:20,06:25,T,True
driver_availability,driver,박영준,박영준,DRV_018,,,233,중형 단거리 운전교육(13:00-17:00),77,385,390,06:25,06:30,T,True
driver_availability,driver,박영준,박영준,DRV_018,,,233,중형 단거리 운전교육(13:00-17:00),78,390,395,06:30,06:35,T,True
driver_availability,driver,박영준,박영준,DRV_018,,,233,중형 단거리 운전교육(13:00-17:00),79,395,400,06:35,06:40,T,True
driver_availability,driver,박영준,박영준,DRV_018,,,233,중형 단거리 운전교육(13:00-17:00),80,400,405,06:40,06:45,T,True
driver_availability,driver,박영준,박영준,DRV_018,,,233,중형 단거리 운전교육(13:00-17:00),81,405,410,06:45,06:50,T,True
driver_availability,driver,박영준,박영준,DRV_018,,,233,중형 단거리 운전교육(13:00-17:00),82,410,415,06:50,06:55,T,True
driver_availability,driver,박영준,박영준,DRV_018,,,233,중형 단거리 운전교육(13:00-17:00),83,415,420,06:55,07:00,T,True
driver_availability,driver,박영준,박영준,DRV_018,,,233,중형 단거리 운전교육(13:00-17:00),84,420,425,07:00,07:05,T,True
driver_availability,driver,박영준,박영준,DRV_018,,,233,중형 단거리 운전교육(13:00-17:00),85,425,430,07:05,07:10,T,True
driver_availability,driver,박영준,박영준,DRV_018,,,233,중형 단거리 운전교육(13:00-17:00),86,430,435,07:10,07:15,T,True
driver_availability,driver,박영준,박영준,DRV_018,,,233,중형 단거리 운전교육(13:00-17:00),87,435,440,07:15,07:20,T,True
driver_availability,driver,박영준,박영준,DRV_018,,,233,중형 단거리 운전교육(13:00-17:00),88,440,445,07:20,07:25,T,True
driver_availability,driver,박영준,박영준,DRV_018,,,233,중형 단거리 운전교육(13:00-17:00),89,445,450,07:25,07:30,T,True
driver_availability,driver,박영준,박영준,DRV_018,,,233,중형 단거리 운전교육(13:00-17:00),90,450,455,07:30,07:35,T,True
driver_availability,driver,박영준,박영준,DRV_018,,,233,중형 단거리 운전교육(13:00-17:00),91,455,460,07:35,07:40,T,True
driver_availability,driver,박영준,박영준,DRV_018,,,233,중형 단거리 운전교육(13:00-17:00),92,460,465,07:40,07:45,T,True
driver_availability,driver,박영준,박영준,DRV_018,,,233,중형 단거리 운전교육(13:00-17:00),93,465,470,07:45,07:50,T,True
driver_availability,driver,박영준,박영준,DRV_018,,,233,중형 단거리 운전교육(13:00-17:00),94,470,475,07:50,07:55,T,True
driver_availability,driver,박영준,박영준,DRV_018,,,233,중형 단거리 운전교육(13:00-17:00),95,475,480,07:55,08:00,T,True
driver_availability,driver,박영준,박영준,DRV_018,,,233,중형 단거리 운전교육(13:00-17:00),96,480,485,08:00,08:05,F,False
driver_availability,driver,박영준,박영준,DRV_018,,,233,중형 단거리 운전교육(13:00-17:00),97,485,490,08:05,08:10,F,False
driver_availability,driver,박영준,박영준,DRV_018,,,233,중형 단거리 운전교육(13:00-17:00),98,490,495,08:10,08:15,F,False
driver_availability,driver,박영준,박영준,DRV_018,,,233,중형 단거리 운전교육(13:00-17:00),99,495,500,08:15,08:20,F,False
driver_availability,driver,박영준,박영준,DRV_018,,,233,중형 단거리 운전교육(13:00-17:00),100,500,505,08:20,08:25,F,False
driver_availability,driver,박영준,박영준,DRV_018,,,233,중형 단거리 운전교육(13:00-17:00),101,505,510,08:25,08:30,F,False
driver_availability,driver,박영준,박영준,DRV_018,,,233,중형 단거리 운전교육(13:00-17:00),102,510,515,08:30,08:35,F,False
driver_availability,driver,박영준,박영준,DRV_018,,,233,중형 단거리 운전교육(13:00-17:00),103,515,520,08:35,08:40,F,False
driver_availability,driver,박영준,박영준,DRV_018,,,233,중형 단거리 운전교육(13:00-17:00),104,520,525,08:40,08:45,F,False
driver_availability,driver,박영준,박영준,DRV_018,,,233,중형 단거리 운전교육(13:00-17:00),105,525,530,08:45,08:50,F,False
driver_availability,driver,박영준,박영준,DRV_018,,,233,중형 단거리 운전교육(13:00-17:00),106,530,535,08:50,08:55,F,False
driver_availability,driver,박영준,박영준,DRV_018,,,233,중형 단거리 운전교육(13:00-17:00),107,535,540,08:55,09:00,F,False
driver_availability,driver,박영준,박영준,DRV_018,,,233,중형 단거리 운전교육(13:00-17:00),108,540,545,09:00,09:05,F,False
driver_availability,driver,박영준,박영준,DRV_018,,,233,중형 단거리 운전교육(13:00-17:00),109,545,550,09:05,09:10,F,False
driver_availability,driver,박영준,박영준,DRV_018,,,233,중형 단거리 운전교육(13:00-17:00),110,550,555,09:10,09:15,F,False
driver_availability,driver,박영준,박영준,DRV_018,,,233,중형 단거리 운전교육(13:00-17:00),111,555,560,09:15,09:20,F,False
driver_availability,driver,박영준,박영준,DRV_018,,,233,중형 단거리 운전교육(13:00-17:00),112,560,565,09:20,09:25,F,False
driver_availability,driver,박영준,박영준,DRV_018,,,233,중형 단거리 운전교육(13:00-17:00),113,565,570,09:25,09:30,F,False
driver_availability,driver,박영준,박영준,DRV_018,,,233,중형 단거리 운전교육(13:00-17:00),114,570,575,09:30,09:35,F,False
driver_availability,driver,박영준,박영준,DRV_018,,,233,중형 단거리 운전교육(13:00-17:00),115,575,580,09:35,09:40,F,False
driver_availability,driver,박영준,박영준,DRV_018,,,233,중형 단거리 운전교육(13:00-17:00),116,580,585,09:40,09:45,F,False
driver_availability,driver,박영준,박영준,DRV_018,,,233,중형 단거리 운전교육(13:00-17:00),117,585,590,09:45,09:50,F,False
driver_availability,driver,박영준,박영준,DRV_018,,,233,중형 단거리 운전교육(13:00-17:00),118,590,595,09:50,09:55,F,False
driver_availability,driver,박영준,박영준,DRV_018,,,233,중형 단거리 운전교육(13:00-17:00),119,595,600,09:55,10:00,F,False
driver_availability,driver,박영준,박영준,DRV_018,,,233,중형 단거리 운전교육(13:00-17:00),120,600,605,10:00,10:05,F,False
driver_availability,driver,박영준,박영준,DRV_018,,,233,중형 단거리 운전교육(13:00-17:00),121,605,610,10:05,10:10,F,False
driver_availability,driver,박영준,박영준,DRV_018,,,233,중형 단거리 운전교육(13:00-17:00),122,610,615,10:10,10:15,F,False
driver_availability,driver,박영준,박영준,DRV_018,,,233,중형 단거리 운전교육(13:00-17:00),123,615,620,10:15,10:20,F,False
driver_availability,driver,박영준,박영준,DRV_018,,,233,중형 단거리 운전교육(13:00-17:00),124,620,625,10:20,10:25,F,False
driver_availability,driver,박영준,박영준,DRV_018,,,233,중형 단거리 운전교육(13:00-17:00),125,625,630,10:25,10:30,F,False
driver_availability,driver,박영준,박영준,DRV_018,,,233,중형 단거리 운전교육(13:00-17:00),126,630,635,10:30,10:35,F,False
driver_availability,driver,박영준,박영준,DRV_018,,,233,중형 단거리 운전교육(13:00-17:00),127,635,640,10:35,10:40,F,False
driver_availability,driver,박영준,박영준,DRV_018,,,233,중형 단거리 운전교육(13:00-17:00),128,640,645,10:40,10:45,F,False
driver_availability,driver,박영준,박영준,DRV_018,,,233,중형 단거리 운전교육(13:00-17:00),129,645,650,10:45,10:50,F,False
driver_availability,driver,박영준,박영준,DRV_018,,,233,중형 단거리 운전교육(13:00-17:00),130,650,655,10:50,10:55,F,False
driver_availability,driver,박영준,박영준,DRV_018,,,233,중형 단거리 운전교육(13:00-17:00),131,655,660,10:55,11:00,F,False
driver_availability,driver,박영준,박영준,DRV_018,,,233,중형 단거리 운전교육(13:00-17:00),132,660,665,11:00,11:05,F,False
driver_availability,driver,박영준,박영준,DRV_018,,,233,중형 단거리 운전교육(13:00-17:00),133,665,670,11:05,11:10,F,False
driver_availability,driver,박영준,박영준,DRV_018,,,233,중형 단거리 운전교육(13:00-17:00),134,670,675,11:10,11:15,F,False
driver_availability,driver,박영준,박영준,DRV_018,,,233,중형 단거리 운전교육(13:00-17:00),135,675,680,11:15,11:20,F,False
driver_availability,driver,박영준,박영준,DRV_018,,,233,중형 단거리 운전교육(13:00-17:00),136,680,685,11:20,11:25,F,False
driver_availability,driver,박영준,박영준,DRV_018,,,233,중형 단거리 운전교육(13:00-17:00),137,685,690,11:25,11:30,F,False
driver_availability,driver,박영준,박영준,DRV_018,,,233,중형 단거리 운전교육(13:00-17:00),138,690,695,11:30,11:35,F,False
driver_availability,driver,박영준,박영준,DRV_018,,,233,중형 단거리 운전교육(13:00-17:00),139,695,700,11:35,11:40,F,False
driver_availability,driver,박영준,박영준,DRV_018,,,233,중형 단거리 운전교육(13:00-17:00),140,700,705,11:40,11:45,F,False
driver_availability,driver,박영준,박영준,DRV_018,,,233,중형 단거리 운전교육(13:00-17:00),141,705,710,11:45,11:50,F,False
driver_availability,driver,박영준,박영준,DRV_018,,,233,중형 단거리 운전교육(13:00-17:00),142,710,715,11:50,11:55,F,False
driver_availability,driver,박영준,박영준,DRV_018,,,233,중형 단거리 운전교육(13:00-17:00),143,715,720,11:55,12:00,F,False
driver_availability,driver,박영준,박영준,DRV_018,,,233,중형 단거리 운전교육(13:00-17:00),144,720,725,12:00,12:05,F,False
driver_availability,driver,박영준,박영준,DRV_018,,,233,중형 단거리 운전교육(13:00-17:00),145,725,730,12:05,12:10,F,False
driver_availability,driver,박영준,박영준,DRV_018,,,233,중형 단거리 운전교육(13:00-17:00),146,730,735,12:10,12:15,F,False
driver_availability,driver,박영준,박영준,DRV_018,,,233,중형 단거리 운전교육(13:00-17:00),147,735,740,12:15,12:20,F,False
driver_availability,driver,박영준,박영준,DRV_018,,,233,중형 단거리 운전교육(13:00-17:00),148,740,745,12:20,12:25,F,False
driver_availability,driver,박영준,박영준,DRV_018,,,233,중형 단거리 운전교육(13:00-17:00),149,745,750,12:25,12:30,F,False
driver_availability,driver,박영준,박영준,DRV_018,,,233,중형 단거리 운전교육(13:00-17:00),150,750,755,12:30,12:35,F,False
driver_availability,driver,박영준,박영준,DRV_018,,,233,중형 단거리 운전교육(13:00-17:00),151,755,760,12:35,12:40,F,False
driver_availability,driver,박영준,박영준,DRV_018,,,233,중형 단거리 운전교육(13:00-17:00),152,760,765,12:40,12:45,F,False
driver_availability,driver,박영준,박영준,DRV_018,,,233,중형 단거리 운전교육(13:00-17:00),153,765,770,12:45,12:50,F,False
driver_availability,driver,박영준,박영준,DRV_018,,,233,중형 단거리 운전교육(13:00-17:00),154,770,775,12:50,12:55,F,False
driver_availability,driver,박영준,박영준,DRV_018,,,233,중형 단거리 운전교육(13:00-17:00),155,775,780,12:55,13:00,F,False
driver_availability,driver,박영준,박영준,DRV_018,,,233,중형 단거리 운전교육(13:00-17:00),156,780,785,13:00,13:05,F,False
driver_availability,driver,박영준,박영준,DRV_018,,,233,중형 단거리 운전교육(13:00-17:00),157,785,790,13:05,13:10,F,False
driver_availability,driver,박영준,박영준,DRV_018,,,233,중형 단거리 운전교육(13:00-17:00),158,790,795,13:10,13:15,F,False
driver_availability,driver,박영준,박영준,DRV_018,,,233,중형 단거리 운전교육(13:00-17:00),159,795,800,13:15,13:20,F,False
driver_availability,driver,박영준,박영준,DRV_018,,,233,중형 단거리 운전교육(13:00-17:00),160,800,805,13:20,13:25,F,False
driver_availability,driver,박영준,박영준,DRV_018,,,233,중형 단거리 운전교육(13:00-17:00),161,805,810,13:25,13:30,F,False
driver_availability,driver,박영준,박영준,DRV_018,,,233,중형 단거리 운전교육(13:00-17:00),162,810,815,13:30,13:35,F,False
driver_availability,driver,박영준,박영준,DRV_018,,,233,중형 단거리 운전교육(13:00-17:00),163,815,820,13:35,13:40,F,False
driver_availability,driver,박영준,박영준,DRV_018,,,233,중형 단거리 운전교육(13:00-17:00),164,820,825,13:40,13:45,F,False
driver_availability,driver,박영준,박영준,DRV_018,,,233,중형 단거리 운전교육(13:00-17:00),165,825,830,13:45,13:50,F,False
driver_availability,driver,박영준,박영준,DRV_018,,,233,중형 단거리 운전교육(13:00-17:00),166,830,835,13:50,13:55,F,False
driver_availability,driver,박영준,박영준,DRV_018,,,233,중형 단거리 운전교육(13:00-17:00),167,835,840,13:55,14:00,F,False
driver_availability,driver,박영준,박영준,DRV_018,,,233,중형 단거리 운전교육(13:00-17:00),168,840,845,14:00,14:05,F,False
driver_availability,driver,박영준,박영준,DRV_018,,,233,중형 단거리 운전교육(13:00-17:00),169,845,850,14:05,14:10,F,False
driver_availability,driver,박영준,박영준,DRV_018,,,233,중형 단거리 운전교육(13:00-17:00),170,850,855,14:10,14:15,F,False
driver_availability,driver,박영준,박영준,DRV_018,,,233,중형 단거리 운전교육(13:00-17:00),171,855,860,14:15,14:20,F,False
driver_availability,driver,박영준,박영준,DRV_018,,,233,중형 단거리 운전교육(13:00-17:00),172,860,865,14:20,14:25,F,False
driver_availability,driver,박영준,박영준,DRV_018,,,233,중형 단거리 운전교육(13:00-17:00),173,865,870,14:25,14:30,F,False
driver_availability,driver,박영준,박영준,DRV_018,,,233,중형 단거리 운전교육(13:00-17:00),174,870,875,14:30,14:35,F,False
driver_availability,driver,박영준,박영준,DRV_018,,,233,중형 단거리 운전교육(13:00-17:00),175,875,880,14:35,14:40,F,False
driver_availability,driver,박영준,박영준,DRV_018,,,233,중형 단거리 운전교육(13:00-17:00),176,880,885,14:40,14:45,F,False
driver_availability,driver,박영준,박영준,DRV_018,,,233,중형 단거리 운전교육(13:00-17:00),177,885,890,14:45,14:50,F,False
driver_availability,driver,박영준,박영준,DRV_018,,,233,중형 단거리 운전교육(13:00-17:00),178,890,895,14:50,14:55,F,False
driver_availability,driver,박영준,박영준,DRV_018,,,233,중형 단거리 운전교육(13:00-17:00),179,895,900,14:55,15:00,F,False
driver_availability,driver,박영준,박영준,DRV_018,,,233,중형 단거리 운전교육(13:00-17:00),180,900,905,15:00,15:05,F,False
driver_availability,driver,박영준,박영준,DRV_018,,,233,중형 단거리 운전교육(13:00-17:00),181,905,910,15:05,15:10,F,False
driver_availability,driver,박영준,박영준,DRV_018,,,233,중형 단거리 운전교육(13:00-17:00),182,910,915,15:10,15:15,F,False
driver_availability,driver,박영준,박영준,DRV_018,,,233,중형 단거리 운전교육(13:00-17:00),183,915,920,15:15,15:20,F,False
driver_availability,driver,박영준,박영준,DRV_018,,,233,중형 단거리 운전교육(13:00-17:00),184,920,925,15:20,15:25,F,False
driver_availability,driver,박영준,박영준,DRV_018,,,233,중형 단거리 운전교육(13:00-17:00),185,925,930,15:25,15:30,F,False
driver_availability,driver,박영준,박영준,DRV_018,,,233,중형 단거리 운전교육(13:00-17:00),186,930,935,15:30,15:35,F,False
driver_availability,driver,박영준,박영준,DRV_018,,,233,중형 단거리 운전교육(13:00-17:00),187,935,940,15:35,15:40,F,False
driver_availability,driver,박영준,박영준,DRV_018,,,233,중형 단거리 운전교육(13:00-17:00),188,940,945,15:40,15:45,F,False
driver_availability,driver,박영준,박영준,DRV_018,,,233,중형 단거리 운전교육(13:00-17:00),189,945,950,15:45,15:50,F,False
driver_availability,driver,박영준,박영준,DRV_018,,,233,중형 단거리 운전교육(13:00-17:00),190,950,955,15:50,15:55,F,False
driver_availability,driver,박영준,박영준,DRV_018,,,233,중형 단거리 운전교육(13:00-17:00),191,955,960,15:55,16:00,F,False
driver_availability,driver,박영준,박영준,DRV_018,,,233,중형 단거리 운전교육(13:00-17:00),192,960,965,16:00,16:05,F,False
driver_availability,driver,박영준,박영준,DRV_018,,,233,중형 단거리 운전교육(13:00-17:00),193,965,970,16:05,16:10,F,False
driver_availability,driver,박영준,박영준,DRV_018,,,233,중형 단거리 운전교육(13:00-17:00),194,970,975,16:10,16:15,F,False
driver_availability,driver,박영준,박영준,DRV_018,,,233,중형 단거리 운전교육(13:00-17:00),195,975,980,16:15,16:20,F,False
driver_availability,driver,박영준,박영준,DRV_018,,,233,중형 단거리 운전교육(13:00-17:00),196,980,985,16:20,16:25,F,False
driver_availability,driver,박영준,박영준,DRV_018,,,233,중형 단거리 운전교육(13:00-17:00),197,985,990,16:25,16:30,F,False
driver_availability,driver,박영준,박영준,DRV_018,,,233,중형 단거리 운전교육(13:00-17:00),198,990,995,16:30,16:35,F,False
driver_availability,driver,박영준,박영준,DRV_018,,,233,중형 단거리 운전교육(13:00-17:00),199,995,1000,16:35,16:40,F,False
driver_availability,driver,박영준,박영준,DRV_018,,,233,중형 단거리 운전교육(13:00-17:00),200,1000,1005,16:40,16:45,F,False
driver_availability,driver,박영준,박영준,DRV_018,,,233,중형 단거리 운전교육(13:00-17:00),201,1005,1010,16:45,16:50,F,False
driver_availability,driver,박영준,박영준,DRV_018,,,233,중형 단거리 운전교육(13:00-17:00),202,1010,1015,16:50,16:55,F,False
driver_availability,driver,박영준,박영준,DRV_018,,,233,중형 단거리 운전교육(13:00-17:00),203,1015,1020,16:55,17:00,F,False
driver_availability,driver,박영준,박영준,DRV_018,,,233,중형 단거리 운전교육(13:00-17:00),204,1020,1025,17:00,17:05,T,True
driver_availability,driver,박영준,박영준,DRV_018,,,233,중형 단거리 운전교육(13:00-17:00),205,1025,1030,17:05,17:10,T,True
driver_availability,driver,박영준,박영준,DRV_018,,,233,중형 단거리 운전교육(13:00-17:00),206,1030,1035,17:10,17:15,T,True
driver_availability,driver,박영준,박영준,DRV_018,,,233,중형 단거리 운전교육(13:00-17:00),207,1035,1040,17:15,17:20,T,True
driver_availability,driver,박영준,박영준,DRV_018,,,233,중형 단거리 운전교육(13:00-17:00),208,1040,1045,17:20,17:25,T,True
driver_availability,driver,박영준,박영준,DRV_018,,,233,중형 단거리 운전교육(13:00-17:00),209,1045,1050,17:25,17:30,T,True
driver_availability,driver,박영준,박영준,DRV_018,,,233,중형 단거리 운전교육(13:00-17:00),210,1050,1055,17:30,17:35,T,True
driver_availability,driver,박영준,박영준,DRV_018,,,233,중형 단거리 운전교육(13:00-17:00),211,1055,1060,17:35,17:40,T,True
driver_availability,driver,박영준,박영준,DRV_018,,,233,중형 단거리 운전교육(13:00-17:00),212,1060,1065,17:40,17:45,T,True
driver_availability,driver,박영준,박영준,DRV_018,,,233,중형 단거리 운전교육(13:00-17:00),213,1065,1070,17:45,17:50,T,True
driver_availability,driver,박영준,박영준,DRV_018,,,233,중형 단거리 운전교육(13:00-17:00),214,1070,1075,17:50,17:55,T,True
driver_availability,driver,박영준,박영준,DRV_018,,,233,중형 단거리 운전교육(13:00-17:00),215,1075,1080,17:55,18:00,T,True
driver_availability,driver,박영준,박영준,DRV_018,,,233,중형 단거리 운전교육(13:00-17:00),216,1080,1085,18:00,18:05,T,True
driver_availability,driver,박영준,박영준,DRV_018,,,233,중형 단거리 운전교육(13:00-17:00),217,1085,1090,18:05,18:10,T,True
driver_availability,driver,박영준,박영준,DRV_018,,,233,중형 단거리 운전교육(13:00-17:00),218,1090,1095,18:10,18:15,T,True
driver_availability,driver,박영준,박영준,DRV_018,,,233,중형 단거리 운전교육(13:00-17:00),219,1095,1100,18:15,18:20,T,True
driver_availability,driver,박영준,박영준,DRV_018,,,233,중형 단거리 운전교육(13:00-17:00),220,1100,1105,18:20,18:25,T,True
driver_availability,driver,박영준,박영준,DRV_018,,,233,중형 단거리 운전교육(13:00-17:00),221,1105,1110,18:25,18:30,T,True
driver_availability,driver,박영준,박영준,DRV_018,,,233,중형 단거리 운전교육(13:00-17:00),222,1110,1115,18:30,18:35,T,True
driver_availability,driver,박영준,박영준,DRV_018,,,233,중형 단거리 운전교육(13:00-17:00),223,1115,1120,18:35,18:40,T,True
driver_availability,driver,박영준,박영준,DRV_018,,,233,중형 단거리 운전교육(13:00-17:00),224,1120,1125,18:40,18:45,T,True
driver_availability,driver,박영준,박영준,DRV_018,,,233,중형 단거리 운전교육(13:00-17:00),225,1125,1130,18:45,18:50,T,True
driver_availability,driver,박영준,박영준,DRV_018,,,233,중형 단거리 운전교육(13:00-17:00),226,1130,1135,18:50,18:55,T,True
driver_availability,driver,박영준,박영준,DRV_018,,,233,중형 단거리 운전교육(13:00-17:00),227,1135,1140,18:55,19:00,T,True
driver_availability,driver,박영준,박영준,DRV_018,,,233,중형 단거리 운전교육(13:00-17:00),228,1140,1145,19:00,19:05,T,True
driver_availability,driver,박영준,박영준,DRV_018,,,233,중형 단거리 운전교육(13:00-17:00),229,1145,1150,19:05,19:10,T,True
driver_availability,driver,박영준,박영준,DRV_018,,,233,중형 단거리 운전교육(13:00-17:00),230,1150,1155,19:10,19:15,T,True
driver_availability,driver,박영준,박영준,DRV_018,,,233,중형 단거리 운전교육(13:00-17:00),231,1155,1160,19:15,19:20,T,True
driver_availability,driver,박영준,박영준,DRV_018,,,233,중형 단거리 운전교육(13:00-17:00),232,1160,1165,19:20,19:25,T,True
driver_availability,driver,박영준,박영준,DRV_018,,,233,중형 단거리 운전교육(13:00-17:00),233,1165,1170,19:25,19:30,T,True
driver_availability,driver,박영준,박영준,DRV_018,,,233,중형 단거리 운전교육(13:00-17:00),234,1170,1175,19:30,19:35,T,True
driver_availability,driver,박영준,박영준,DRV_018,,,233,중형 단거리 운전교육(13:00-17:00),235,1175,1180,19:35,19:40,T,True
driver_availability,driver,박영준,박영준,DRV_018,,,233,중형 단거리 운전교육(13:00-17:00),236,1180,1185,19:40,19:45,T,True
driver_availability,driver,박영준,박영준,DRV_018,,,233,중형 단거리 운전교육(13:00-17:00),237,1185,1190,19:45,19:50,T,True
driver_availability,driver,박영준,박영준,DRV_018,,,233,중형 단거리 운전교육(13:00-17:00),238,1190,1195,19:50,19:55,T,True
driver_availability,driver,박영준,박영준,DRV_018,,,233,중형 단거리 운전교육(13:00-17:00),239,1195,1200,19:55,20:00,T,True
driver_availability,driver,박영준,박영준,DRV_018,,,233,중형 단거리 운전교육(13:00-17:00),240,1200,1205,20:00,20:05,T,True
driver_availability,driver,박영준,박영준,DRV_018,,,233,중형 단거리 운전교육(13:00-17:00),241,1205,1210,20:05,20:10,T,True
driver_availability,driver,박영준,박영준,DRV_018,,,233,중형 단거리 운전교육(13:00-17:00),242,1210,1215,20:10,20:15,T,True
driver_availability,driver,박영준,박영준,DRV_018,,,233,중형 단거리 운전교육(13:00-17:00),243,1215,1220,20:15,20:20,T,True
driver_availability,driver,박영준,박영준,DRV_018,,,233,중형 단거리 운전교육(13:00-17:00),244,1220,1225,20:20,20:25,T,True
driver_availability,driver,박영준,박영준,DRV_018,,,233,중형 단거리 운전교육(13:00-17:00),245,1225,1230,20:25,20:30,T,True
driver_availability,driver,박영준,박영준,DRV_018,,,233,중형 단거리 운전교육(13:00-17:00),246,1230,1235,20:30,20:35,T,True
driver_availability,driver,박영준,박영준,DRV_018,,,233,중형 단거리 운전교육(13:00-17:00),247,1235,1240,20:35,20:40,T,True
driver_availability,driver,박영준,박영준,DRV_018,,,233,중형 단거리 운전교육(13:00-17:00),248,1240,1245,20:40,20:45,T,True
driver_availability,driver,박영준,박영준,DRV_018,,,233,중형 단거리 운전교육(13:00-17:00),249,1245,1250,20:45,20:50,T,True
driver_availability,driver,박영준,박영준,DRV_018,,,233,중형 단거리 운전교육(13:00-17:00),250,1250,1255,20:50,20:55,T,True
driver_availability,driver,박영준,박영준,DRV_018,,,233,중형 단거리 운전교육(13:00-17:00),251,1255,1260,20:55,21:00,T,True
driver_availability,driver,박영준,박영준,DRV_018,,,233,중형 단거리 운전교육(13:00-17:00),252,1260,1265,21:00,21:05,T,True
driver_availability,driver,박영준,박영준,DRV_018,,,233,중형 단거리 운전교육(13:00-17:00),253,1265,1270,21:05,21:10,T,True
driver_availability,driver,박영준,박영준,DRV_018,,,233,중형 단거리 운전교육(13:00-17:00),254,1270,1275,21:10,21:15,T,True
driver_availability,driver,박영준,박영준,DRV_018,,,233,중형 단거리 운전교육(13:00-17:00),255,1275,1280,21:15,21:20,T,True
driver_availability,driver,박영준,박영준,DRV_018,,,233,중형 단거리 운전교육(13:00-17:00),256,1280,1285,21:20,21:25,T,True
driver_availability,driver,박영준,박영준,DRV_018,,,233,중형 단거리 운전교육(13:00-17:00),257,1285,1290,21:25,21:30,T,True
driver_availability,driver,박영준,박영준,DRV_018,,,233,중형 단거리 운전교육(13:00-17:00),258,1290,1295,21:30,21:35,T,True
driver_availability,driver,박영준,박영준,DRV_018,,,233,중형 단거리 운전교육(13:00-17:00),259,1295,1300,21:35,21:40,T,True
driver_availability,driver,박영준,박영준,DRV_018,,,233,중형 단거리 운전교육(13:00-17:00),260,1300,1305,21:40,21:45,T,True
driver_availability,driver,박영준,박영준,DRV_018,,,233,중형 단거리 운전교육(13:00-17:00),261,1305,1310,21:45,21:50,T,True
driver_availability,driver,박영준,박영준,DRV_018,,,233,중형 단거리 운전교육(13:00-17:00),262,1310,1315,21:50,21:55,T,True
driver_availability,driver,박영준,박영준,DRV_018,,,233,중형 단거리 운전교육(13:00-17:00),263,1315,1320,21:55,22:00,T,True
driver_availability,driver,박영준,박영준,DRV_018,,,233,중형 단거리 운전교육(13:00-17:00),264,1320,1325,22:00,22:05,T,True
driver_availability,driver,박영준,박영준,DRV_018,,,233,중형 단거리 운전교육(13:00-17:00),265,1325,1330,22:05,22:10,T,True
driver_availability,driver,박영준,박영준,DRV_018,,,233,중형 단거리 운전교육(13:00-17:00),266,1330,1335,22:10,22:15,T,True
driver_availability,driver,박영준,박영준,DRV_018,,,233,중형 단거리 운전교육(13:00-17:00),267,1335,1340,22:15,22:20,T,True
driver_availability,driver,박영준,박영준,DRV_018,,,233,중형 단거리 운전교육(13:00-17:00),268,1340,1345,22:20,22:25,T,True
driver_availability,driver,박영준,박영준,DRV_018,,,233,중형 단거리 운전교육(13:00-17:00),269,1345,1350,22:25,22:30,T,True
driver_availability,driver,박영준,박영준,DRV_018,,,233,중형 단거리 운전교육(13:00-17:00),270,1350,1355,22:30,22:35,T,True
driver_availability,driver,박영준,박영준,DRV_018,,,233,중형 단거리 운전교육(13:00-17:00),271,1355,1360,22:35,22:40,T,True
driver_availability,driver,박영준,박영준,DRV_018,,,233,중형 단거리 운전교육(13:00-17:00),272,1360,1365,22:40,22:45,T,True
driver_availability,driver,박영준,박영준,DRV_018,,,233,중형 단거리 운전교육(13:00-17:00),273,1365,1370,22:45,22:50,T,True
driver_availability,driver,박영준,박영준,DRV_018,,,233,중형 단거리 운전교육(13:00-17:00),274,1370,1375,22:50,22:55,T,True
driver_availability,driver,박영준,박영준,DRV_018,,,233,중형 단거리 운전교육(13:00-17:00),275,1375,1380,22:55,23:00,T,True
driver_availability,driver,박영준,박영준,DRV_018,,,233,중형 단거리 운전교육(13:00-17:00),276,1380,1385,23:00,23:05,T,True
driver_availability,driver,박영준,박영준,DRV_018,,,233,중형 단거리 운전교육(13:00-17:00),277,1385,1390,23:05,23:10,T,True
driver_availability,driver,박영준,박영준,DRV_018,,,233,중형 단거리 운전교육(13:00-17:00),278,1390,1395,23:10,23:15,T,True
driver_availability,driver,박영준,박영준,DRV_018,,,233,중형 단거리 운전교육(13:00-17:00),279,1395,1400,23:15,23:20,T,True
driver_availability,driver,박영준,박영준,DRV_018,,,233,중형 단거리 운전교육(13:00-17:00),280,1400,1405,23:20,23:25,T,True
driver_availability,driver,박영준,박영준,DRV_018,,,233,중형 단거리 운전교육(13:00-17:00),281,1405,1410,23:25,23:30,T,True
driver_availability,driver,박영준,박영준,DRV_018,,,233,중형 단거리 운전교육(13:00-17:00),282,1410,1415,23:30,23:35,T,True
driver_availability,driver,박영준,박영준,DRV_018,,,233,중형 단거리 운전교육(13:00-17:00),283,1415,1420,23:35,23:40,T,True
driver_availability,driver,박영준,박영준,DRV_018,,,233,중형 단거리 운전교육(13:00-17:00),284,1420,1425,23:40,23:45,T,True
driver_availability,driver,박영준,박영준,DRV_018,,,233,중형 단거리 운전교육(13:00-17:00),285,1425,1430,23:45,23:50,T,True
driver_availability,driver,박영준,박영준,DRV_018,,,233,중형 단거리 운전교육(13:00-17:00),286,1430,1435,23:50,23:55,T,True
driver_availability,driver,박영준,박영준,DRV_018,,,233,중형 단거리 운전교육(13:00-17:00),287,1435,1440,23:55,24:00,T,True
driver_availability,driver,황수현,황수현,DRV_019,,,233,,0,0,5,00:00,00:05,T,True
driver_availability,driver,황수현,황수현,DRV_019,,,233,,1,5,10,00:05,00:10,T,True
driver_availability,driver,황수현,황수현,DRV_019,,,233,,2,10,15,00:10,00:15,T,True
driver_availability,driver,황수현,황수현,DRV_019,,,233,,3,15,20,00:15,00:20,T,True
driver_availability,driver,황수현,황수현,DRV_019,,,233,,4,20,25,00:20,00:25,T,True
driver_availability,driver,황수현,황수현,DRV_019,,,233,,5,25,30,00:25,00:30,T,True
driver_availability,driver,황수현,황수현,DRV_019,,,233,,6,30,35,00:30,00:35,T,True
driver_availability,driver,황수현,황수현,DRV_019,,,233,,7,35,40,00:35,00:40,T,True
driver_availability,driver,황수현,황수현,DRV_019,,,233,,8,40,45,00:40,00:45,T,True
driver_availability,driver,황수현,황수현,DRV_019,,,233,,9,45,50,00:45,00:50,T,True
driver_availability,driver,황수현,황수현,DRV_019,,,233,,10,50,55,00:50,00:55,T,True
driver_availability,driver,황수현,황수현,DRV_019,,,233,,11,55,60,00:55,01:00,T,True
driver_availability,driver,황수현,황수현,DRV_019,,,233,,12,60,65,01:00,01:05,T,True
driver_availability,driver,황수현,황수현,DRV_019,,,233,,13,65,70,01:05,01:10,T,True
driver_availability,driver,황수현,황수현,DRV_019,,,233,,14,70,75,01:10,01:15,T,True
driver_availability,driver,황수현,황수현,DRV_019,,,233,,15,75,80,01:15,01:20,T,True
driver_availability,driver,황수현,황수현,DRV_019,,,233,,16,80,85,01:20,01:25,T,True
driver_availability,driver,황수현,황수현,DRV_019,,,233,,17,85,90,01:25,01:30,T,True
driver_availability,driver,황수현,황수현,DRV_019,,,233,,18,90,95,01:30,01:35,T,True
driver_availability,driver,황수현,황수현,DRV_019,,,233,,19,95,100,01:35,01:40,T,True
driver_availability,driver,황수현,황수현,DRV_019,,,233,,20,100,105,01:40,01:45,T,True
driver_availability,driver,황수현,황수현,DRV_019,,,233,,21,105,110,01:45,01:50,T,True
driver_availability,driver,황수현,황수현,DRV_019,,,233,,22,110,115,01:50,01:55,T,True
driver_availability,driver,황수현,황수현,DRV_019,,,233,,23,115,120,01:55,02:00,T,True
driver_availability,driver,황수현,황수현,DRV_019,,,233,,24,120,125,02:00,02:05,T,True
driver_availability,driver,황수현,황수현,DRV_019,,,233,,25,125,130,02:05,02:10,T,True
driver_availability,driver,황수현,황수현,DRV_019,,,233,,26,130,135,02:10,02:15,T,True
driver_availability,driver,황수현,황수현,DRV_019,,,233,,27,135,140,02:15,02:20,T,True
driver_availability,driver,황수현,황수현,DRV_019,,,233,,28,140,145,02:20,02:25,T,True
driver_availability,driver,황수현,황수현,DRV_019,,,233,,29,145,150,02:25,02:30,T,True
driver_availability,driver,황수현,황수현,DRV_019,,,233,,30,150,155,02:30,02:35,T,True
driver_availability,driver,황수현,황수현,DRV_019,,,233,,31,155,160,02:35,02:40,T,True
driver_availability,driver,황수현,황수현,DRV_019,,,233,,32,160,165,02:40,02:45,T,True
driver_availability,driver,황수현,황수현,DRV_019,,,233,,33,165,170,02:45,02:50,T,True
driver_availability,driver,황수현,황수현,DRV_019,,,233,,34,170,175,02:50,02:55,T,True
driver_availability,driver,황수현,황수현,DRV_019,,,233,,35,175,180,02:55,03:00,T,True
driver_availability,driver,황수현,황수현,DRV_019,,,233,,36,180,185,03:00,03:05,T,True
driver_availability,driver,황수현,황수현,DRV_019,,,233,,37,185,190,03:05,03:10,T,True
driver_availability,driver,황수현,황수현,DRV_019,,,233,,38,190,195,03:10,03:15,T,True
driver_availability,driver,황수현,황수현,DRV_019,,,233,,39,195,200,03:15,03:20,T,True
driver_availability,driver,황수현,황수현,DRV_019,,,233,,40,200,205,03:20,03:25,T,True
driver_availability,driver,황수현,황수현,DRV_019,,,233,,41,205,210,03:25,03:30,T,True
driver_availability,driver,황수현,황수현,DRV_019,,,233,,42,210,215,03:30,03:35,T,True
driver_availability,driver,황수현,황수현,DRV_019,,,233,,43,215,220,03:35,03:40,T,True
driver_availability,driver,황수현,황수현,DRV_019,,,233,,44,220,225,03:40,03:45,T,True
driver_availability,driver,황수현,황수현,DRV_019,,,233,,45,225,230,03:45,03:50,T,True
driver_availability,driver,황수현,황수현,DRV_019,,,233,,46,230,235,03:50,03:55,T,True
driver_availability,driver,황수현,황수현,DRV_019,,,233,,47,235,240,03:55,04:00,T,True
driver_availability,driver,황수현,황수현,DRV_019,,,233,,48,240,245,04:00,04:05,T,True
driver_availability,driver,황수현,황수현,DRV_019,,,233,,49,245,250,04:05,04:10,T,True
driver_availability,driver,황수현,황수현,DRV_019,,,233,,50,250,255,04:10,04:15,T,True
driver_availability,driver,황수현,황수현,DRV_019,,,233,,51,255,260,04:15,04:20,T,True
driver_availability,driver,황수현,황수현,DRV_019,,,233,,52,260,265,04:20,04:25,T,True
driver_availability,driver,황수현,황수현,DRV_019,,,233,,53,265,270,04:25,04:30,T,True
driver_availability,driver,황수현,황수현,DRV_019,,,233,,54,270,275,04:30,04:35,T,True
driver_availability,driver,황수현,황수현,DRV_019,,,233,,55,275,280,04:35,04:40,T,True
driver_availability,driver,황수현,황수현,DRV_019,,,233,,56,280,285,04:40,04:45,T,True
driver_availability,driver,황수현,황수현,DRV_019,,,233,,57,285,290,04:45,04:50,T,True
driver_availability,driver,황수현,황수현,DRV_019,,,233,,58,290,295,04:50,04:55,T,True
driver_availability,driver,황수현,황수현,DRV_019,,,233,,59,295,300,04:55,05:00,T,True
driver_availability,driver,황수현,황수현,DRV_019,,,233,,60,300,305,05:00,05:05,T,True
driver_availability,driver,황수현,황수현,DRV_019,,,233,,61,305,310,05:05,05:10,T,True
driver_availability,driver,황수현,황수현,DRV_019,,,233,,62,310,315,05:10,05:15,T,True
driver_availability,driver,황수현,황수현,DRV_019,,,233,,63,315,320,05:15,05:20,T,True
driver_availability,driver,황수현,황수현,DRV_019,,,233,,64,320,325,05:20,05:25,T,True
driver_availability,driver,황수현,황수현,DRV_019,,,233,,65,325,330,05:25,05:30,T,True
driver_availability,driver,황수현,황수현,DRV_019,,,233,,66,330,335,05:30,05:35,T,True
driver_availability,driver,황수현,황수현,DRV_019,,,233,,67,335,340,05:35,05:40,T,True
driver_availability,driver,황수현,황수현,DRV_019,,,233,,68,340,345,05:40,05:45,T,True
driver_availability,driver,황수현,황수현,DRV_019,,,233,,69,345,350,05:45,05:50,T,True
driver_availability,driver,황수현,황수현,DRV_019,,,233,,70,350,355,05:50,05:55,T,True
driver_availability,driver,황수현,황수현,DRV_019,,,233,,71,355,360,05:55,06:00,T,True
driver_availability,driver,황수현,황수현,DRV_019,,,233,,72,360,365,06:00,06:05,T,True
driver_availability,driver,황수현,황수현,DRV_019,,,233,,73,365,370,06:05,06:10,T,True
driver_availability,driver,황수현,황수현,DRV_019,,,233,,74,370,375,06:10,06:15,T,True
driver_availability,driver,황수현,황수현,DRV_019,,,233,,75,375,380,06:15,06:20,T,True
driver_availability,driver,황수현,황수현,DRV_019,,,233,,76,380,385,06:20,06:25,T,True
driver_availability,driver,황수현,황수현,DRV_019,,,233,,77,385,390,06:25,06:30,T,True
driver_availability,driver,황수현,황수현,DRV_019,,,233,,78,390,395,06:30,06:35,T,True
driver_availability,driver,황수현,황수현,DRV_019,,,233,,79,395,400,06:35,06:40,T,True
driver_availability,driver,황수현,황수현,DRV_019,,,233,,80,400,405,06:40,06:45,T,True
driver_availability,driver,황수현,황수현,DRV_019,,,233,,81,405,410,06:45,06:50,T,True
driver_availability,driver,황수현,황수현,DRV_019,,,233,,82,410,415,06:50,06:55,T,True
driver_availability,driver,황수현,황수현,DRV_019,,,233,,83,415,420,06:55,07:00,T,True
driver_availability,driver,황수현,황수현,DRV_019,,,233,,84,420,425,07:00,07:05,T,True
driver_availability,driver,황수현,황수현,DRV_019,,,233,,85,425,430,07:05,07:10,T,True
driver_availability,driver,황수현,황수현,DRV_019,,,233,,86,430,435,07:10,07:15,T,True
driver_availability,driver,황수현,황수현,DRV_019,,,233,,87,435,440,07:15,07:20,T,True
driver_availability,driver,황수현,황수현,DRV_019,,,233,,88,440,445,07:20,07:25,T,True
driver_availability,driver,황수현,황수현,DRV_019,,,233,,89,445,450,07:25,07:30,T,True
driver_availability,driver,황수현,황수현,DRV_019,,,233,,90,450,455,07:30,07:35,T,True
driver_availability,driver,황수현,황수현,DRV_019,,,233,,91,455,460,07:35,07:40,T,True
driver_availability,driver,황수현,황수현,DRV_019,,,233,,92,460,465,07:40,07:45,T,True
driver_availability,driver,황수현,황수현,DRV_019,,,233,,93,465,470,07:45,07:50,T,True
driver_availability,driver,황수현,황수현,DRV_019,,,233,,94,470,475,07:50,07:55,T,True
driver_availability,driver,황수현,황수현,DRV_019,,,233,,95,475,480,07:55,08:00,T,True
driver_availability,driver,황수현,황수현,DRV_019,,,233,,96,480,485,08:00,08:05,F,False
driver_availability,driver,황수현,황수현,DRV_019,,,233,,97,485,490,08:05,08:10,F,False
driver_availability,driver,황수현,황수현,DRV_019,,,233,,98,490,495,08:10,08:15,F,False
driver_availability,driver,황수현,황수현,DRV_019,,,233,,99,495,500,08:15,08:20,F,False
driver_availability,driver,황수현,황수현,DRV_019,,,233,,100,500,505,08:20,08:25,F,False
driver_availability,driver,황수현,황수현,DRV_019,,,233,,101,505,510,08:25,08:30,F,False
driver_availability,driver,황수현,황수현,DRV_019,,,233,,102,510,515,08:30,08:35,F,False
driver_availability,driver,황수현,황수현,DRV_019,,,233,,103,515,520,08:35,08:40,F,False
driver_availability,driver,황수현,황수현,DRV_019,,,233,,104,520,525,08:40,08:45,F,False
driver_availability,driver,황수현,황수현,DRV_019,,,233,,105,525,530,08:45,08:50,F,False
driver_availability,driver,황수현,황수현,DRV_019,,,233,,106,530,535,08:50,08:55,F,False
driver_availability,driver,황수현,황수현,DRV_019,,,233,,107,535,540,08:55,09:00,F,False
driver_availability,driver,황수현,황수현,DRV_019,,,233,,108,540,545,09:00,09:05,F,False
driver_availability,driver,황수현,황수현,DRV_019,,,233,,109,545,550,09:05,09:10,F,False
driver_availability,driver,황수현,황수현,DRV_019,,,233,,110,550,555,09:10,09:15,F,False
driver_availability,driver,황수현,황수현,DRV_019,,,233,,111,555,560,09:15,09:20,F,False
driver_availability,driver,황수현,황수현,DRV_019,,,233,,112,560,565,09:20,09:25,F,False
driver_availability,driver,황수현,황수현,DRV_019,,,233,,113,565,570,09:25,09:30,F,False
driver_availability,driver,황수현,황수현,DRV_019,,,233,,114,570,575,09:30,09:35,F,False
driver_availability,driver,황수현,황수현,DRV_019,,,233,,115,575,580,09:35,09:40,F,False
driver_availability,driver,황수현,황수현,DRV_019,,,233,,116,580,585,09:40,09:45,F,False
driver_availability,driver,황수현,황수현,DRV_019,,,233,,117,585,590,09:45,09:50,F,False
driver_availability,driver,황수현,황수현,DRV_019,,,233,,118,590,595,09:50,09:55,F,False
driver_availability,driver,황수현,황수현,DRV_019,,,233,,119,595,600,09:55,10:00,F,False
driver_availability,driver,황수현,황수현,DRV_019,,,233,,120,600,605,10:00,10:05,F,False
driver_availability,driver,황수현,황수현,DRV_019,,,233,,121,605,610,10:05,10:10,F,False
driver_availability,driver,황수현,황수현,DRV_019,,,233,,122,610,615,10:10,10:15,F,False
driver_availability,driver,황수현,황수현,DRV_019,,,233,,123,615,620,10:15,10:20,F,False
driver_availability,driver,황수현,황수현,DRV_019,,,233,,124,620,625,10:20,10:25,F,False
driver_availability,driver,황수현,황수현,DRV_019,,,233,,125,625,630,10:25,10:30,F,False
driver_availability,driver,황수현,황수현,DRV_019,,,233,,126,630,635,10:30,10:35,F,False
driver_availability,driver,황수현,황수현,DRV_019,,,233,,127,635,640,10:35,10:40,F,False
driver_availability,driver,황수현,황수현,DRV_019,,,233,,128,640,645,10:40,10:45,F,False
driver_availability,driver,황수현,황수현,DRV_019,,,233,,129,645,650,10:45,10:50,F,False
driver_availability,driver,황수현,황수현,DRV_019,,,233,,130,650,655,10:50,10:55,F,False
driver_availability,driver,황수현,황수현,DRV_019,,,233,,131,655,660,10:55,11:00,F,False
driver_availability,driver,황수현,황수현,DRV_019,,,233,,132,660,665,11:00,11:05,F,False
driver_availability,driver,황수현,황수현,DRV_019,,,233,,133,665,670,11:05,11:10,F,False
driver_availability,driver,황수현,황수현,DRV_019,,,233,,134,670,675,11:10,11:15,F,False
driver_availability,driver,황수현,황수현,DRV_019,,,233,,135,675,680,11:15,11:20,F,False
driver_availability,driver,황수현,황수현,DRV_019,,,233,,136,680,685,11:20,11:25,F,False
driver_availability,driver,황수현,황수현,DRV_019,,,233,,137,685,690,11:25,11:30,F,False
driver_availability,driver,황수현,황수현,DRV_019,,,233,,138,690,695,11:30,11:35,F,False
driver_availability,driver,황수현,황수현,DRV_019,,,233,,139,695,700,11:35,11:40,F,False
driver_availability,driver,황수현,황수현,DRV_019,,,233,,140,700,705,11:40,11:45,F,False
driver_availability,driver,황수현,황수현,DRV_019,,,233,,141,705,710,11:45,11:50,F,False
driver_availability,driver,황수현,황수현,DRV_019,,,233,,142,710,715,11:50,11:55,F,False
driver_availability,driver,황수현,황수현,DRV_019,,,233,,143,715,720,11:55,12:00,F,False
driver_availability,driver,황수현,황수현,DRV_019,,,233,,144,720,725,12:00,12:05,F,False
driver_availability,driver,황수현,황수현,DRV_019,,,233,,145,725,730,12:05,12:10,F,False
driver_availability,driver,황수현,황수현,DRV_019,,,233,,146,730,735,12:10,12:15,F,False
driver_availability,driver,황수현,황수현,DRV_019,,,233,,147,735,740,12:15,12:20,F,False
driver_availability,driver,황수현,황수현,DRV_019,,,233,,148,740,745,12:20,12:25,F,False
driver_availability,driver,황수현,황수현,DRV_019,,,233,,149,745,750,12:25,12:30,F,False
driver_availability,driver,황수현,황수현,DRV_019,,,233,,150,750,755,12:30,12:35,F,False
driver_availability,driver,황수현,황수현,DRV_019,,,233,,151,755,760,12:35,12:40,F,False
driver_availability,driver,황수현,황수현,DRV_019,,,233,,152,760,765,12:40,12:45,F,False
driver_availability,driver,황수현,황수현,DRV_019,,,233,,153,765,770,12:45,12:50,F,False
driver_availability,driver,황수현,황수현,DRV_019,,,233,,154,770,775,12:50,12:55,F,False
driver_availability,driver,황수현,황수현,DRV_019,,,233,,155,775,780,12:55,13:00,F,False
driver_availability,driver,황수현,황수현,DRV_019,,,233,,156,780,785,13:00,13:05,F,False
driver_availability,driver,황수현,황수현,DRV_019,,,233,,157,785,790,13:05,13:10,F,False
driver_availability,driver,황수현,황수현,DRV_019,,,233,,158,790,795,13:10,13:15,F,False
driver_availability,driver,황수현,황수현,DRV_019,,,233,,159,795,800,13:15,13:20,F,False
driver_availability,driver,황수현,황수현,DRV_019,,,233,,160,800,805,13:20,13:25,F,False
driver_availability,driver,황수현,황수현,DRV_019,,,233,,161,805,810,13:25,13:30,F,False
driver_availability,driver,황수현,황수현,DRV_019,,,233,,162,810,815,13:30,13:35,F,False
driver_availability,driver,황수현,황수현,DRV_019,,,233,,163,815,820,13:35,13:40,F,False
driver_availability,driver,황수현,황수현,DRV_019,,,233,,164,820,825,13:40,13:45,F,False
driver_availability,driver,황수현,황수현,DRV_019,,,233,,165,825,830,13:45,13:50,F,False
driver_availability,driver,황수현,황수현,DRV_019,,,233,,166,830,835,13:50,13:55,F,False
driver_availability,driver,황수현,황수현,DRV_019,,,233,,167,835,840,13:55,14:00,F,False
driver_availability,driver,황수현,황수현,DRV_019,,,233,,168,840,845,14:00,14:05,F,False
driver_availability,driver,황수현,황수현,DRV_019,,,233,,169,845,850,14:05,14:10,F,False
driver_availability,driver,황수현,황수현,DRV_019,,,233,,170,850,855,14:10,14:15,F,False
driver_availability,driver,황수현,황수현,DRV_019,,,233,,171,855,860,14:15,14:20,F,False
driver_availability,driver,황수현,황수현,DRV_019,,,233,,172,860,865,14:20,14:25,F,False
driver_availability,driver,황수현,황수현,DRV_019,,,233,,173,865,870,14:25,14:30,F,False
driver_availability,driver,황수현,황수현,DRV_019,,,233,,174,870,875,14:30,14:35,F,False
driver_availability,driver,황수현,황수현,DRV_019,,,233,,175,875,880,14:35,14:40,F,False
driver_availability,driver,황수현,황수현,DRV_019,,,233,,176,880,885,14:40,14:45,F,False
driver_availability,driver,황수현,황수현,DRV_019,,,233,,177,885,890,14:45,14:50,F,False
driver_availability,driver,황수현,황수현,DRV_019,,,233,,178,890,895,14:50,14:55,F,False
driver_availability,driver,황수현,황수현,DRV_019,,,233,,179,895,900,14:55,15:00,F,False
driver_availability,driver,황수현,황수현,DRV_019,,,233,,180,900,905,15:00,15:05,F,False
driver_availability,driver,황수현,황수현,DRV_019,,,233,,181,905,910,15:05,15:10,F,False
driver_availability,driver,황수현,황수현,DRV_019,,,233,,182,910,915,15:10,15:15,F,False
driver_availability,driver,황수현,황수현,DRV_019,,,233,,183,915,920,15:15,15:20,F,False
driver_availability,driver,황수현,황수현,DRV_019,,,233,,184,920,925,15:20,15:25,F,False
driver_availability,driver,황수현,황수현,DRV_019,,,233,,185,925,930,15:25,15:30,F,False
driver_availability,driver,황수현,황수현,DRV_019,,,233,,186,930,935,15:30,15:35,F,False
driver_availability,driver,황수현,황수현,DRV_019,,,233,,187,935,940,15:35,15:40,F,False
driver_availability,driver,황수현,황수현,DRV_019,,,233,,188,940,945,15:40,15:45,F,False
driver_availability,driver,황수현,황수현,DRV_019,,,233,,189,945,950,15:45,15:50,F,False
driver_availability,driver,황수현,황수현,DRV_019,,,233,,190,950,955,15:50,15:55,F,False
driver_availability,driver,황수현,황수현,DRV_019,,,233,,191,955,960,15:55,16:00,F,False
driver_availability,driver,황수현,황수현,DRV_019,,,233,,192,960,965,16:00,16:05,F,False
driver_availability,driver,황수현,황수현,DRV_019,,,233,,193,965,970,16:05,16:10,F,False
driver_availability,driver,황수현,황수현,DRV_019,,,233,,194,970,975,16:10,16:15,F,False
driver_availability,driver,황수현,황수현,DRV_019,,,233,,195,975,980,16:15,16:20,F,False
driver_availability,driver,황수현,황수현,DRV_019,,,233,,196,980,985,16:20,16:25,F,False
driver_availability,driver,황수현,황수현,DRV_019,,,233,,197,985,990,16:25,16:30,F,False
driver_availability,driver,황수현,황수현,DRV_019,,,233,,198,990,995,16:30,16:35,F,False
driver_availability,driver,황수현,황수현,DRV_019,,,233,,199,995,1000,16:35,16:40,F,False
driver_availability,driver,황수현,황수현,DRV_019,,,233,,200,1000,1005,16:40,16:45,F,False
driver_availability,driver,황수현,황수현,DRV_019,,,233,,201,1005,1010,16:45,16:50,F,False
driver_availability,driver,황수현,황수현,DRV_019,,,233,,202,1010,1015,16:50,16:55,F,False
driver_availability,driver,황수현,황수현,DRV_019,,,233,,203,1015,1020,16:55,17:00,F,False
driver_availability,driver,황수현,황수현,DRV_019,,,233,,204,1020,1025,17:00,17:05,T,True
driver_availability,driver,황수현,황수현,DRV_019,,,233,,205,1025,1030,17:05,17:10,T,True
driver_availability,driver,황수현,황수현,DRV_019,,,233,,206,1030,1035,17:10,17:15,T,True
driver_availability,driver,황수현,황수현,DRV_019,,,233,,207,1035,1040,17:15,17:20,T,True
driver_availability,driver,황수현,황수현,DRV_019,,,233,,208,1040,1045,17:20,17:25,T,True
driver_availability,driver,황수현,황수현,DRV_019,,,233,,209,1045,1050,17:25,17:30,T,True
driver_availability,driver,황수현,황수현,DRV_019,,,233,,210,1050,1055,17:30,17:35,T,True
driver_availability,driver,황수현,황수현,DRV_019,,,233,,211,1055,1060,17:35,17:40,T,True
driver_availability,driver,황수현,황수현,DRV_019,,,233,,212,1060,1065,17:40,17:45,T,True
driver_availability,driver,황수현,황수현,DRV_019,,,233,,213,1065,1070,17:45,17:50,T,True
driver_availability,driver,황수현,황수현,DRV_019,,,233,,214,1070,1075,17:50,17:55,T,True
driver_availability,driver,황수현,황수현,DRV_019,,,233,,215,1075,1080,17:55,18:00,T,True
driver_availability,driver,황수현,황수현,DRV_019,,,233,,216,1080,1085,18:00,18:05,T,True
driver_availability,driver,황수현,황수현,DRV_019,,,233,,217,1085,1090,18:05,18:10,T,True
driver_availability,driver,황수현,황수현,DRV_019,,,233,,218,1090,1095,18:10,18:15,T,True
driver_availability,driver,황수현,황수현,DRV_019,,,233,,219,1095,1100,18:15,18:20,T,True
driver_availability,driver,황수현,황수현,DRV_019,,,233,,220,1100,1105,18:20,18:25,T,True
driver_availability,driver,황수현,황수현,DRV_019,,,233,,221,1105,1110,18:25,18:30,T,True
driver_availability,driver,황수현,황수현,DRV_019,,,233,,222,1110,1115,18:30,18:35,T,True
driver_availability,driver,황수현,황수현,DRV_019,,,233,,223,1115,1120,18:35,18:40,T,True
driver_availability,driver,황수현,황수현,DRV_019,,,233,,224,1120,1125,18:40,18:45,T,True
driver_availability,driver,황수현,황수현,DRV_019,,,233,,225,1125,1130,18:45,18:50,T,True
driver_availability,driver,황수현,황수현,DRV_019,,,233,,226,1130,1135,18:50,18:55,T,True
driver_availability,driver,황수현,황수현,DRV_019,,,233,,227,1135,1140,18:55,19:00,T,True
driver_availability,driver,황수현,황수현,DRV_019,,,233,,228,1140,1145,19:00,19:05,T,True
driver_availability,driver,황수현,황수현,DRV_019,,,233,,229,1145,1150,19:05,19:10,T,True
driver_availability,driver,황수현,황수현,DRV_019,,,233,,230,1150,1155,19:10,19:15,T,True
driver_availability,driver,황수현,황수현,DRV_019,,,233,,231,1155,1160,19:15,19:20,T,True
driver_availability,driver,황수현,황수현,DRV_019,,,233,,232,1160,1165,19:20,19:25,T,True
driver_availability,driver,황수현,황수현,DRV_019,,,233,,233,1165,1170,19:25,19:30,T,True
driver_availability,driver,황수현,황수현,DRV_019,,,233,,234,1170,1175,19:30,19:35,T,True
driver_availability,driver,황수현,황수현,DRV_019,,,233,,235,1175,1180,19:35,19:40,T,True
driver_availability,driver,황수현,황수현,DRV_019,,,233,,236,1180,1185,19:40,19:45,T,True
driver_availability,driver,황수현,황수현,DRV_019,,,233,,237,1185,1190,19:45,19:50,T,True
driver_availability,driver,황수현,황수현,DRV_019,,,233,,238,1190,1195,19:50,19:55,T,True
driver_availability,driver,황수현,황수현,DRV_019,,,233,,239,1195,1200,19:55,20:00,T,True
driver_availability,driver,황수현,황수현,DRV_019,,,233,,240,1200,1205,20:00,20:05,T,True
driver_availability,driver,황수현,황수현,DRV_019,,,233,,241,1205,1210,20:05,20:10,T,True
driver_availability,driver,황수현,황수현,DRV_019,,,233,,242,1210,1215,20:10,20:15,T,True
driver_availability,driver,황수현,황수현,DRV_019,,,233,,243,1215,1220,20:15,20:20,T,True
driver_availability,driver,황수현,황수현,DRV_019,,,233,,244,1220,1225,20:20,20:25,T,True
driver_availability,driver,황수현,황수현,DRV_019,,,233,,245,1225,1230,20:25,20:30,T,True
driver_availability,driver,황수현,황수현,DRV_019,,,233,,246,1230,1235,20:30,20:35,T,True
driver_availability,driver,황수현,황수현,DRV_019,,,233,,247,1235,1240,20:35,20:40,T,True
driver_availability,driver,황수현,황수현,DRV_019,,,233,,248,1240,1245,20:40,20:45,T,True
driver_availability,driver,황수현,황수현,DRV_019,,,233,,249,1245,1250,20:45,20:50,T,True
driver_availability,driver,황수현,황수현,DRV_019,,,233,,250,1250,1255,20:50,20:55,T,True
driver_availability,driver,황수현,황수현,DRV_019,,,233,,251,1255,1260,20:55,21:00,T,True
driver_availability,driver,황수현,황수현,DRV_019,,,233,,252,1260,1265,21:00,21:05,T,True
driver_availability,driver,황수현,황수현,DRV_019,,,233,,253,1265,1270,21:05,21:10,T,True
driver_availability,driver,황수현,황수현,DRV_019,,,233,,254,1270,1275,21:10,21:15,T,True
driver_availability,driver,황수현,황수현,DRV_019,,,233,,255,1275,1280,21:15,21:20,T,True
driver_availability,driver,황수현,황수현,DRV_019,,,233,,256,1280,1285,21:20,21:25,T,True
driver_availability,driver,황수현,황수현,DRV_019,,,233,,257,1285,1290,21:25,21:30,T,True
driver_availability,driver,황수현,황수현,DRV_019,,,233,,258,1290,1295,21:30,21:35,T,True
driver_availability,driver,황수현,황수현,DRV_019,,,233,,259,1295,1300,21:35,21:40,T,True
driver_availability,driver,황수현,황수현,DRV_019,,,233,,260,1300,1305,21:40,21:45,T,True
driver_availability,driver,황수현,황수현,DRV_019,,,233,,261,1305,1310,21:45,21:50,T,True
driver_availability,driver,황수현,황수현,DRV_019,,,233,,262,1310,1315,21:50,21:55,T,True
driver_availability,driver,황수현,황수현,DRV_019,,,233,,263,1315,1320,21:55,22:00,T,True
driver_availability,driver,황수현,황수현,DRV_019,,,233,,264,1320,1325,22:00,22:05,T,True
driver_availability,driver,황수현,황수현,DRV_019,,,233,,265,1325,1330,22:05,22:10,T,True
driver_availability,driver,황수현,황수현,DRV_019,,,233,,266,1330,1335,22:10,22:15,T,True
driver_availability,driver,황수현,황수현,DRV_019,,,233,,267,1335,1340,22:15,22:20,T,True
driver_availability,driver,황수현,황수현,DRV_019,,,233,,268,1340,1345,22:20,22:25,T,True
driver_availability,driver,황수현,황수현,DRV_019,,,233,,269,1345,1350,22:25,22:30,T,True
driver_availability,driver,황수현,황수현,DRV_019,,,233,,270,1350,1355,22:30,22:35,T,True
driver_availability,driver,황수현,황수현,DRV_019,,,233,,271,1355,1360,22:35,22:40,T,True
driver_availability,driver,황수현,황수현,DRV_019,,,233,,272,1360,1365,22:40,22:45,T,True
driver_availability,driver,황수현,황수현,DRV_019,,,233,,273,1365,1370,22:45,22:50,T,True
driver_availability,driver,황수현,황수현,DRV_019,,,233,,274,1370,1375,22:50,22:55,T,True
driver_availability,driver,황수현,황수현,DRV_019,,,233,,275,1375,1380,22:55,23:00,T,True
driver_availability,driver,황수현,황수현,DRV_019,,,233,,276,1380,1385,23:00,23:05,T,True
driver_availability,driver,황수현,황수현,DRV_019,,,233,,277,1385,1390,23:05,23:10,T,True
driver_availability,driver,황수현,황수현,DRV_019,,,233,,278,1390,1395,23:10,23:15,T,True
driver_availability,driver,황수현,황수현,DRV_019,,,233,,279,1395,1400,23:15,23:20,T,True
driver_availability,driver,황수현,황수현,DRV_019,,,233,,280,1400,1405,23:20,23:25,T,True
driver_availability,driver,황수현,황수현,DRV_019,,,233,,281,1405,1410,23:25,23:30,T,True
driver_availability,driver,황수현,황수현,DRV_019,,,233,,282,1410,1415,23:30,23:35,T,True
driver_availability,driver,황수현,황수현,DRV_019,,,233,,283,1415,1420,23:35,23:40,T,True
driver_availability,driver,황수현,황수현,DRV_019,,,233,,284,1420,1425,23:40,23:45,T,True
driver_availability,driver,황수현,황수현,DRV_019,,,233,,285,1425,1430,23:45,23:50,T,True
driver_availability,driver,황수현,황수현,DRV_019,,,233,,286,1430,1435,23:50,23:55,T,True
driver_availability,driver,황수현,황수현,DRV_019,,,233,,287,1435,1440,23:55,24:00,T,True
driver_availability,driver,김진무,김진무,DRV_020,,,333,,0,0,5,00:00,00:05,T,True
driver_availability,driver,김진무,김진무,DRV_020,,,333,,1,5,10,00:05,00:10,T,True
driver_availability,driver,김진무,김진무,DRV_020,,,333,,2,10,15,00:10,00:15,T,True
driver_availability,driver,김진무,김진무,DRV_020,,,333,,3,15,20,00:15,00:20,T,True
driver_availability,driver,김진무,김진무,DRV_020,,,333,,4,20,25,00:20,00:25,T,True
driver_availability,driver,김진무,김진무,DRV_020,,,333,,5,25,30,00:25,00:30,T,True
driver_availability,driver,김진무,김진무,DRV_020,,,333,,6,30,35,00:30,00:35,T,True
driver_availability,driver,김진무,김진무,DRV_020,,,333,,7,35,40,00:35,00:40,T,True
driver_availability,driver,김진무,김진무,DRV_020,,,333,,8,40,45,00:40,00:45,T,True
driver_availability,driver,김진무,김진무,DRV_020,,,333,,9,45,50,00:45,00:50,T,True
driver_availability,driver,김진무,김진무,DRV_020,,,333,,10,50,55,00:50,00:55,T,True
driver_availability,driver,김진무,김진무,DRV_020,,,333,,11,55,60,00:55,01:00,T,True
driver_availability,driver,김진무,김진무,DRV_020,,,333,,12,60,65,01:00,01:05,T,True
driver_availability,driver,김진무,김진무,DRV_020,,,333,,13,65,70,01:05,01:10,T,True
driver_availability,driver,김진무,김진무,DRV_020,,,333,,14,70,75,01:10,01:15,T,True
driver_availability,driver,김진무,김진무,DRV_020,,,333,,15,75,80,01:15,01:20,T,True
driver_availability,driver,김진무,김진무,DRV_020,,,333,,16,80,85,01:20,01:25,T,True
driver_availability,driver,김진무,김진무,DRV_020,,,333,,17,85,90,01:25,01:30,T,True
driver_availability,driver,김진무,김진무,DRV_020,,,333,,18,90,95,01:30,01:35,T,True
driver_availability,driver,김진무,김진무,DRV_020,,,333,,19,95,100,01:35,01:40,T,True
driver_availability,driver,김진무,김진무,DRV_020,,,333,,20,100,105,01:40,01:45,T,True
driver_availability,driver,김진무,김진무,DRV_020,,,333,,21,105,110,01:45,01:50,T,True
driver_availability,driver,김진무,김진무,DRV_020,,,333,,22,110,115,01:50,01:55,T,True
driver_availability,driver,김진무,김진무,DRV_020,,,333,,23,115,120,01:55,02:00,T,True
driver_availability,driver,김진무,김진무,DRV_020,,,333,,24,120,125,02:00,02:05,T,True
driver_availability,driver,김진무,김진무,DRV_020,,,333,,25,125,130,02:05,02:10,T,True
driver_availability,driver,김진무,김진무,DRV_020,,,333,,26,130,135,02:10,02:15,T,True
driver_availability,driver,김진무,김진무,DRV_020,,,333,,27,135,140,02:15,02:20,T,True
driver_availability,driver,김진무,김진무,DRV_020,,,333,,28,140,145,02:20,02:25,T,True
driver_availability,driver,김진무,김진무,DRV_020,,,333,,29,145,150,02:25,02:30,T,True
driver_availability,driver,김진무,김진무,DRV_020,,,333,,30,150,155,02:30,02:35,T,True
driver_availability,driver,김진무,김진무,DRV_020,,,333,,31,155,160,02:35,02:40,T,True
driver_availability,driver,김진무,김진무,DRV_020,,,333,,32,160,165,02:40,02:45,T,True
driver_availability,driver,김진무,김진무,DRV_020,,,333,,33,165,170,02:45,02:50,T,True
driver_availability,driver,김진무,김진무,DRV_020,,,333,,34,170,175,02:50,02:55,T,True
driver_availability,driver,김진무,김진무,DRV_020,,,333,,35,175,180,02:55,03:00,T,True
driver_availability,driver,김진무,김진무,DRV_020,,,333,,36,180,185,03:00,03:05,T,True
driver_availability,driver,김진무,김진무,DRV_020,,,333,,37,185,190,03:05,03:10,T,True
driver_availability,driver,김진무,김진무,DRV_020,,,333,,38,190,195,03:10,03:15,T,True
driver_availability,driver,김진무,김진무,DRV_020,,,333,,39,195,200,03:15,03:20,T,True
driver_availability,driver,김진무,김진무,DRV_020,,,333,,40,200,205,03:20,03:25,T,True
driver_availability,driver,김진무,김진무,DRV_020,,,333,,41,205,210,03:25,03:30,T,True
driver_availability,driver,김진무,김진무,DRV_020,,,333,,42,210,215,03:30,03:35,T,True
driver_availability,driver,김진무,김진무,DRV_020,,,333,,43,215,220,03:35,03:40,T,True
driver_availability,driver,김진무,김진무,DRV_020,,,333,,44,220,225,03:40,03:45,T,True
driver_availability,driver,김진무,김진무,DRV_020,,,333,,45,225,230,03:45,03:50,T,True
driver_availability,driver,김진무,김진무,DRV_020,,,333,,46,230,235,03:50,03:55,T,True
driver_availability,driver,김진무,김진무,DRV_020,,,333,,47,235,240,03:55,04:00,T,True
driver_availability,driver,김진무,김진무,DRV_020,,,333,,48,240,245,04:00,04:05,T,True
driver_availability,driver,김진무,김진무,DRV_020,,,333,,49,245,250,04:05,04:10,T,True
driver_availability,driver,김진무,김진무,DRV_020,,,333,,50,250,255,04:10,04:15,T,True
driver_availability,driver,김진무,김진무,DRV_020,,,333,,51,255,260,04:15,04:20,T,True
driver_availability,driver,김진무,김진무,DRV_020,,,333,,52,260,265,04:20,04:25,T,True
driver_availability,driver,김진무,김진무,DRV_020,,,333,,53,265,270,04:25,04:30,T,True
driver_availability,driver,김진무,김진무,DRV_020,,,333,,54,270,275,04:30,04:35,T,True
driver_availability,driver,김진무,김진무,DRV_020,,,333,,55,275,280,04:35,04:40,T,True
driver_availability,driver,김진무,김진무,DRV_020,,,333,,56,280,285,04:40,04:45,T,True
driver_availability,driver,김진무,김진무,DRV_020,,,333,,57,285,290,04:45,04:50,T,True
driver_availability,driver,김진무,김진무,DRV_020,,,333,,58,290,295,04:50,04:55,T,True
driver_availability,driver,김진무,김진무,DRV_020,,,333,,59,295,300,04:55,05:00,T,True
driver_availability,driver,김진무,김진무,DRV_020,,,333,,60,300,305,05:00,05:05,T,True
driver_availability,driver,김진무,김진무,DRV_020,,,333,,61,305,310,05:05,05:10,T,True
driver_availability,driver,김진무,김진무,DRV_020,,,333,,62,310,315,05:10,05:15,T,True
driver_availability,driver,김진무,김진무,DRV_020,,,333,,63,315,320,05:15,05:20,T,True
driver_availability,driver,김진무,김진무,DRV_020,,,333,,64,320,325,05:20,05:25,T,True
driver_availability,driver,김진무,김진무,DRV_020,,,333,,65,325,330,05:25,05:30,T,True
driver_availability,driver,김진무,김진무,DRV_020,,,333,,66,330,335,05:30,05:35,T,True
driver_availability,driver,김진무,김진무,DRV_020,,,333,,67,335,340,05:35,05:40,T,True
driver_availability,driver,김진무,김진무,DRV_020,,,333,,68,340,345,05:40,05:45,T,True
driver_availability,driver,김진무,김진무,DRV_020,,,333,,69,345,350,05:45,05:50,T,True
driver_availability,driver,김진무,김진무,DRV_020,,,333,,70,350,355,05:50,05:55,T,True
driver_availability,driver,김진무,김진무,DRV_020,,,333,,71,355,360,05:55,06:00,T,True
driver_availability,driver,김진무,김진무,DRV_020,,,333,,72,360,365,06:00,06:05,T,True
driver_availability,driver,김진무,김진무,DRV_020,,,333,,73,365,370,06:05,06:10,T,True
driver_availability,driver,김진무,김진무,DRV_020,,,333,,74,370,375,06:10,06:15,T,True
driver_availability,driver,김진무,김진무,DRV_020,,,333,,75,375,380,06:15,06:20,T,True
driver_availability,driver,김진무,김진무,DRV_020,,,333,,76,380,385,06:20,06:25,T,True
driver_availability,driver,김진무,김진무,DRV_020,,,333,,77,385,390,06:25,06:30,T,True
driver_availability,driver,김진무,김진무,DRV_020,,,333,,78,390,395,06:30,06:35,T,True
driver_availability,driver,김진무,김진무,DRV_020,,,333,,79,395,400,06:35,06:40,T,True
driver_availability,driver,김진무,김진무,DRV_020,,,333,,80,400,405,06:40,06:45,T,True
driver_availability,driver,김진무,김진무,DRV_020,,,333,,81,405,410,06:45,06:50,T,True
driver_availability,driver,김진무,김진무,DRV_020,,,333,,82,410,415,06:50,06:55,T,True
driver_availability,driver,김진무,김진무,DRV_020,,,333,,83,415,420,06:55,07:00,T,True
driver_availability,driver,김진무,김진무,DRV_020,,,333,,84,420,425,07:00,07:05,T,True
driver_availability,driver,김진무,김진무,DRV_020,,,333,,85,425,430,07:05,07:10,T,True
driver_availability,driver,김진무,김진무,DRV_020,,,333,,86,430,435,07:10,07:15,T,True
driver_availability,driver,김진무,김진무,DRV_020,,,333,,87,435,440,07:15,07:20,T,True
driver_availability,driver,김진무,김진무,DRV_020,,,333,,88,440,445,07:20,07:25,T,True
driver_availability,driver,김진무,김진무,DRV_020,,,333,,89,445,450,07:25,07:30,T,True
driver_availability,driver,김진무,김진무,DRV_020,,,333,,90,450,455,07:30,07:35,T,True
driver_availability,driver,김진무,김진무,DRV_020,,,333,,91,455,460,07:35,07:40,T,True
driver_availability,driver,김진무,김진무,DRV_020,,,333,,92,460,465,07:40,07:45,T,True
driver_availability,driver,김진무,김진무,DRV_020,,,333,,93,465,470,07:45,07:50,T,True
driver_availability,driver,김진무,김진무,DRV_020,,,333,,94,470,475,07:50,07:55,T,True
driver_availability,driver,김진무,김진무,DRV_020,,,333,,95,475,480,07:55,08:00,T,True
driver_availability,driver,김진무,김진무,DRV_020,,,333,,96,480,485,08:00,08:05,F,False
driver_availability,driver,김진무,김진무,DRV_020,,,333,,97,485,490,08:05,08:10,F,False
driver_availability,driver,김진무,김진무,DRV_020,,,333,,98,490,495,08:10,08:15,F,False
driver_availability,driver,김진무,김진무,DRV_020,,,333,,99,495,500,08:15,08:20,F,False
driver_availability,driver,김진무,김진무,DRV_020,,,333,,100,500,505,08:20,08:25,F,False
driver_availability,driver,김진무,김진무,DRV_020,,,333,,101,505,510,08:25,08:30,F,False
driver_availability,driver,김진무,김진무,DRV_020,,,333,,102,510,515,08:30,08:35,F,False
driver_availability,driver,김진무,김진무,DRV_020,,,333,,103,515,520,08:35,08:40,F,False
driver_availability,driver,김진무,김진무,DRV_020,,,333,,104,520,525,08:40,08:45,F,False
driver_availability,driver,김진무,김진무,DRV_020,,,333,,105,525,530,08:45,08:50,F,False
driver_availability,driver,김진무,김진무,DRV_020,,,333,,106,530,535,08:50,08:55,F,False
driver_availability,driver,김진무,김진무,DRV_020,,,333,,107,535,540,08:55,09:00,F,False
driver_availability,driver,김진무,김진무,DRV_020,,,333,,108,540,545,09:00,09:05,F,False
driver_availability,driver,김진무,김진무,DRV_020,,,333,,109,545,550,09:05,09:10,F,False
driver_availability,driver,김진무,김진무,DRV_020,,,333,,110,550,555,09:10,09:15,F,False
driver_availability,driver,김진무,김진무,DRV_020,,,333,,111,555,560,09:15,09:20,F,False
driver_availability,driver,김진무,김진무,DRV_020,,,333,,112,560,565,09:20,09:25,F,False
driver_availability,driver,김진무,김진무,DRV_020,,,333,,113,565,570,09:25,09:30,F,False
driver_availability,driver,김진무,김진무,DRV_020,,,333,,114,570,575,09:30,09:35,F,False
driver_availability,driver,김진무,김진무,DRV_020,,,333,,115,575,580,09:35,09:40,F,False
driver_availability,driver,김진무,김진무,DRV_020,,,333,,116,580,585,09:40,09:45,F,False
driver_availability,driver,김진무,김진무,DRV_020,,,333,,117,585,590,09:45,09:50,F,False
driver_availability,driver,김진무,김진무,DRV_020,,,333,,118,590,595,09:50,09:55,F,False
driver_availability,driver,김진무,김진무,DRV_020,,,333,,119,595,600,09:55,10:00,F,False
driver_availability,driver,김진무,김진무,DRV_020,,,333,,120,600,605,10:00,10:05,F,False
driver_availability,driver,김진무,김진무,DRV_020,,,333,,121,605,610,10:05,10:10,F,False
driver_availability,driver,김진무,김진무,DRV_020,,,333,,122,610,615,10:10,10:15,F,False
driver_availability,driver,김진무,김진무,DRV_020,,,333,,123,615,620,10:15,10:20,F,False
driver_availability,driver,김진무,김진무,DRV_020,,,333,,124,620,625,10:20,10:25,F,False
driver_availability,driver,김진무,김진무,DRV_020,,,333,,125,625,630,10:25,10:30,F,False
driver_availability,driver,김진무,김진무,DRV_020,,,333,,126,630,635,10:30,10:35,F,False
driver_availability,driver,김진무,김진무,DRV_020,,,333,,127,635,640,10:35,10:40,F,False
driver_availability,driver,김진무,김진무,DRV_020,,,333,,128,640,645,10:40,10:45,F,False
driver_availability,driver,김진무,김진무,DRV_020,,,333,,129,645,650,10:45,10:50,F,False
driver_availability,driver,김진무,김진무,DRV_020,,,333,,130,650,655,10:50,10:55,F,False
driver_availability,driver,김진무,김진무,DRV_020,,,333,,131,655,660,10:55,11:00,F,False
driver_availability,driver,김진무,김진무,DRV_020,,,333,,132,660,665,11:00,11:05,F,False
driver_availability,driver,김진무,김진무,DRV_020,,,333,,133,665,670,11:05,11:10,F,False
driver_availability,driver,김진무,김진무,DRV_020,,,333,,134,670,675,11:10,11:15,F,False
driver_availability,driver,김진무,김진무,DRV_020,,,333,,135,675,680,11:15,11:20,F,False
driver_availability,driver,김진무,김진무,DRV_020,,,333,,136,680,685,11:20,11:25,F,False
driver_availability,driver,김진무,김진무,DRV_020,,,333,,137,685,690,11:25,11:30,F,False
driver_availability,driver,김진무,김진무,DRV_020,,,333,,138,690,695,11:30,11:35,F,False
driver_availability,driver,김진무,김진무,DRV_020,,,333,,139,695,700,11:35,11:40,F,False
driver_availability,driver,김진무,김진무,DRV_020,,,333,,140,700,705,11:40,11:45,F,False
driver_availability,driver,김진무,김진무,DRV_020,,,333,,141,705,710,11:45,11:50,F,False
driver_availability,driver,김진무,김진무,DRV_020,,,333,,142,710,715,11:50,11:55,F,False
driver_availability,driver,김진무,김진무,DRV_020,,,333,,143,715,720,11:55,12:00,F,False
driver_availability,driver,김진무,김진무,DRV_020,,,333,,144,720,725,12:00,12:05,F,False
driver_availability,driver,김진무,김진무,DRV_020,,,333,,145,725,730,12:05,12:10,F,False
driver_availability,driver,김진무,김진무,DRV_020,,,333,,146,730,735,12:10,12:15,F,False
driver_availability,driver,김진무,김진무,DRV_020,,,333,,147,735,740,12:15,12:20,F,False
driver_availability,driver,김진무,김진무,DRV_020,,,333,,148,740,745,12:20,12:25,F,False
driver_availability,driver,김진무,김진무,DRV_020,,,333,,149,745,750,12:25,12:30,F,False
driver_availability,driver,김진무,김진무,DRV_020,,,333,,150,750,755,12:30,12:35,F,False
driver_availability,driver,김진무,김진무,DRV_020,,,333,,151,755,760,12:35,12:40,F,False
driver_availability,driver,김진무,김진무,DRV_020,,,333,,152,760,765,12:40,12:45,F,False
driver_availability,driver,김진무,김진무,DRV_020,,,333,,153,765,770,12:45,12:50,F,False
driver_availability,driver,김진무,김진무,DRV_020,,,333,,154,770,775,12:50,12:55,F,False
driver_availability,driver,김진무,김진무,DRV_020,,,333,,155,775,780,12:55,13:00,F,False
driver_availability,driver,김진무,김진무,DRV_020,,,333,,156,780,785,13:00,13:05,F,False
driver_availability,driver,김진무,김진무,DRV_020,,,333,,157,785,790,13:05,13:10,F,False
driver_availability,driver,김진무,김진무,DRV_020,,,333,,158,790,795,13:10,13:15,F,False
driver_availability,driver,김진무,김진무,DRV_020,,,333,,159,795,800,13:15,13:20,F,False
driver_availability,driver,김진무,김진무,DRV_020,,,333,,160,800,805,13:20,13:25,F,False
driver_availability,driver,김진무,김진무,DRV_020,,,333,,161,805,810,13:25,13:30,F,False
driver_availability,driver,김진무,김진무,DRV_020,,,333,,162,810,815,13:30,13:35,F,False
driver_availability,driver,김진무,김진무,DRV_020,,,333,,163,815,820,13:35,13:40,F,False
driver_availability,driver,김진무,김진무,DRV_020,,,333,,164,820,825,13:40,13:45,F,False
driver_availability,driver,김진무,김진무,DRV_020,,,333,,165,825,830,13:45,13:50,F,False
driver_availability,driver,김진무,김진무,DRV_020,,,333,,166,830,835,13:50,13:55,F,False
driver_availability,driver,김진무,김진무,DRV_020,,,333,,167,835,840,13:55,14:00,F,False
driver_availability,driver,김진무,김진무,DRV_020,,,333,,168,840,845,14:00,14:05,F,False
driver_availability,driver,김진무,김진무,DRV_020,,,333,,169,845,850,14:05,14:10,F,False
driver_availability,driver,김진무,김진무,DRV_020,,,333,,170,850,855,14:10,14:15,F,False
driver_availability,driver,김진무,김진무,DRV_020,,,333,,171,855,860,14:15,14:20,F,False
driver_availability,driver,김진무,김진무,DRV_020,,,333,,172,860,865,14:20,14:25,F,False
driver_availability,driver,김진무,김진무,DRV_020,,,333,,173,865,870,14:25,14:30,F,False
driver_availability,driver,김진무,김진무,DRV_020,,,333,,174,870,875,14:30,14:35,F,False
driver_availability,driver,김진무,김진무,DRV_020,,,333,,175,875,880,14:35,14:40,F,False
driver_availability,driver,김진무,김진무,DRV_020,,,333,,176,880,885,14:40,14:45,F,False
driver_availability,driver,김진무,김진무,DRV_020,,,333,,177,885,890,14:45,14:50,F,False
driver_availability,driver,김진무,김진무,DRV_020,,,333,,178,890,895,14:50,14:55,F,False
driver_availability,driver,김진무,김진무,DRV_020,,,333,,179,895,900,14:55,15:00,F,False
driver_availability,driver,김진무,김진무,DRV_020,,,333,,180,900,905,15:00,15:05,F,False
driver_availability,driver,김진무,김진무,DRV_020,,,333,,181,905,910,15:05,15:10,F,False
driver_availability,driver,김진무,김진무,DRV_020,,,333,,182,910,915,15:10,15:15,F,False
driver_availability,driver,김진무,김진무,DRV_020,,,333,,183,915,920,15:15,15:20,F,False
driver_availability,driver,김진무,김진무,DRV_020,,,333,,184,920,925,15:20,15:25,F,False
driver_availability,driver,김진무,김진무,DRV_020,,,333,,185,925,930,15:25,15:30,F,False
driver_availability,driver,김진무,김진무,DRV_020,,,333,,186,930,935,15:30,15:35,F,False
driver_availability,driver,김진무,김진무,DRV_020,,,333,,187,935,940,15:35,15:40,F,False
driver_availability,driver,김진무,김진무,DRV_020,,,333,,188,940,945,15:40,15:45,F,False
driver_availability,driver,김진무,김진무,DRV_020,,,333,,189,945,950,15:45,15:50,F,False
driver_availability,driver,김진무,김진무,DRV_020,,,333,,190,950,955,15:50,15:55,F,False
driver_availability,driver,김진무,김진무,DRV_020,,,333,,191,955,960,15:55,16:00,F,False
driver_availability,driver,김진무,김진무,DRV_020,,,333,,192,960,965,16:00,16:05,F,False
driver_availability,driver,김진무,김진무,DRV_020,,,333,,193,965,970,16:05,16:10,F,False
driver_availability,driver,김진무,김진무,DRV_020,,,333,,194,970,975,16:10,16:15,F,False
driver_availability,driver,김진무,김진무,DRV_020,,,333,,195,975,980,16:15,16:20,F,False
driver_availability,driver,김진무,김진무,DRV_020,,,333,,196,980,985,16:20,16:25,F,False
driver_availability,driver,김진무,김진무,DRV_020,,,333,,197,985,990,16:25,16:30,F,False
driver_availability,driver,김진무,김진무,DRV_020,,,333,,198,990,995,16:30,16:35,F,False
driver_availability,driver,김진무,김진무,DRV_020,,,333,,199,995,1000,16:35,16:40,F,False
driver_availability,driver,김진무,김진무,DRV_020,,,333,,200,1000,1005,16:40,16:45,F,False
driver_availability,driver,김진무,김진무,DRV_020,,,333,,201,1005,1010,16:45,16:50,F,False
driver_availability,driver,김진무,김진무,DRV_020,,,333,,202,1010,1015,16:50,16:55,F,False
driver_availability,driver,김진무,김진무,DRV_020,,,333,,203,1015,1020,16:55,17:00,F,False
driver_availability,driver,김진무,김진무,DRV_020,,,333,,204,1020,1025,17:00,17:05,T,True
driver_availability,driver,김진무,김진무,DRV_020,,,333,,205,1025,1030,17:05,17:10,T,True
driver_availability,driver,김진무,김진무,DRV_020,,,333,,206,1030,1035,17:10,17:15,T,True
driver_availability,driver,김진무,김진무,DRV_020,,,333,,207,1035,1040,17:15,17:20,T,True
driver_availability,driver,김진무,김진무,DRV_020,,,333,,208,1040,1045,17:20,17:25,T,True
driver_availability,driver,김진무,김진무,DRV_020,,,333,,209,1045,1050,17:25,17:30,T,True
driver_availability,driver,김진무,김진무,DRV_020,,,333,,210,1050,1055,17:30,17:35,T,True
driver_availability,driver,김진무,김진무,DRV_020,,,333,,211,1055,1060,17:35,17:40,T,True
driver_availability,driver,김진무,김진무,DRV_020,,,333,,212,1060,1065,17:40,17:45,T,True
driver_availability,driver,김진무,김진무,DRV_020,,,333,,213,1065,1070,17:45,17:50,T,True
driver_availability,driver,김진무,김진무,DRV_020,,,333,,214,1070,1075,17:50,17:55,T,True
driver_availability,driver,김진무,김진무,DRV_020,,,333,,215,1075,1080,17:55,18:00,T,True
driver_availability,driver,김진무,김진무,DRV_020,,,333,,216,1080,1085,18:00,18:05,T,True
driver_availability,driver,김진무,김진무,DRV_020,,,333,,217,1085,1090,18:05,18:10,T,True
driver_availability,driver,김진무,김진무,DRV_020,,,333,,218,1090,1095,18:10,18:15,T,True
driver_availability,driver,김진무,김진무,DRV_020,,,333,,219,1095,1100,18:15,18:20,T,True
driver_availability,driver,김진무,김진무,DRV_020,,,333,,220,1100,1105,18:20,18:25,T,True
driver_availability,driver,김진무,김진무,DRV_020,,,333,,221,1105,1110,18:25,18:30,T,True
driver_availability,driver,김진무,김진무,DRV_020,,,333,,222,1110,1115,18:30,18:35,T,True
driver_availability,driver,김진무,김진무,DRV_020,,,333,,223,1115,1120,18:35,18:40,T,True
driver_availability,driver,김진무,김진무,DRV_020,,,333,,224,1120,1125,18:40,18:45,T,True
driver_availability,driver,김진무,김진무,DRV_020,,,333,,225,1125,1130,18:45,18:50,T,True
driver_availability,driver,김진무,김진무,DRV_020,,,333,,226,1130,1135,18:50,18:55,T,True
driver_availability,driver,김진무,김진무,DRV_020,,,333,,227,1135,1140,18:55,19:00,T,True
driver_availability,driver,김진무,김진무,DRV_020,,,333,,228,1140,1145,19:00,19:05,T,True
driver_availability,driver,김진무,김진무,DRV_020,,,333,,229,1145,1150,19:05,19:10,T,True
driver_availability,driver,김진무,김진무,DRV_020,,,333,,230,1150,1155,19:10,19:15,T,True
driver_availability,driver,김진무,김진무,DRV_020,,,333,,231,1155,1160,19:15,19:20,T,True
driver_availability,driver,김진무,김진무,DRV_020,,,333,,232,1160,1165,19:20,19:25,T,True
driver_availability,driver,김진무,김진무,DRV_020,,,333,,233,1165,1170,19:25,19:30,T,True
driver_availability,driver,김진무,김진무,DRV_020,,,333,,234,1170,1175,19:30,19:35,T,True
driver_availability,driver,김진무,김진무,DRV_020,,,333,,235,1175,1180,19:35,19:40,T,True
driver_availability,driver,김진무,김진무,DRV_020,,,333,,236,1180,1185,19:40,19:45,T,True
driver_availability,driver,김진무,김진무,DRV_020,,,333,,237,1185,1190,19:45,19:50,T,True
driver_availability,driver,김진무,김진무,DRV_020,,,333,,238,1190,1195,19:50,19:55,T,True
driver_availability,driver,김진무,김진무,DRV_020,,,333,,239,1195,1200,19:55,20:00,T,True
driver_availability,driver,김진무,김진무,DRV_020,,,333,,240,1200,1205,20:00,20:05,T,True
driver_availability,driver,김진무,김진무,DRV_020,,,333,,241,1205,1210,20:05,20:10,T,True
driver_availability,driver,김진무,김진무,DRV_020,,,333,,242,1210,1215,20:10,20:15,T,True
driver_availability,driver,김진무,김진무,DRV_020,,,333,,243,1215,1220,20:15,20:20,T,True
driver_availability,driver,김진무,김진무,DRV_020,,,333,,244,1220,1225,20:20,20:25,T,True
driver_availability,driver,김진무,김진무,DRV_020,,,333,,245,1225,1230,20:25,20:30,T,True
driver_availability,driver,김진무,김진무,DRV_020,,,333,,246,1230,1235,20:30,20:35,T,True
driver_availability,driver,김진무,김진무,DRV_020,,,333,,247,1235,1240,20:35,20:40,T,True
driver_availability,driver,김진무,김진무,DRV_020,,,333,,248,1240,1245,20:40,20:45,T,True
driver_availability,driver,김진무,김진무,DRV_020,,,333,,249,1245,1250,20:45,20:50,T,True
driver_availability,driver,김진무,김진무,DRV_020,,,333,,250,1250,1255,20:50,20:55,T,True
driver_availability,driver,김진무,김진무,DRV_020,,,333,,251,1255,1260,20:55,21:00,T,True
driver_availability,driver,김진무,김진무,DRV_020,,,333,,252,1260,1265,21:00,21:05,T,True
driver_availability,driver,김진무,김진무,DRV_020,,,333,,253,1265,1270,21:05,21:10,T,True
driver_availability,driver,김진무,김진무,DRV_020,,,333,,254,1270,1275,21:10,21:15,T,True
driver_availability,driver,김진무,김진무,DRV_020,,,333,,255,1275,1280,21:15,21:20,T,True
driver_availability,driver,김진무,김진무,DRV_020,,,333,,256,1280,1285,21:20,21:25,T,True
driver_availability,driver,김진무,김진무,DRV_020,,,333,,257,1285,1290,21:25,21:30,T,True
driver_availability,driver,김진무,김진무,DRV_020,,,333,,258,1290,1295,21:30,21:35,T,True
driver_availability,driver,김진무,김진무,DRV_020,,,333,,259,1295,1300,21:35,21:40,T,True
driver_availability,driver,김진무,김진무,DRV_020,,,333,,260,1300,1305,21:40,21:45,T,True
driver_availability,driver,김진무,김진무,DRV_020,,,333,,261,1305,1310,21:45,21:50,T,True
driver_availability,driver,김진무,김진무,DRV_020,,,333,,262,1310,1315,21:50,21:55,T,True
driver_availability,driver,김진무,김진무,DRV_020,,,333,,263,1315,1320,21:55,22:00,T,True
driver_availability,driver,김진무,김진무,DRV_020,,,333,,264,1320,1325,22:00,22:05,T,True
driver_availability,driver,김진무,김진무,DRV_020,,,333,,265,1325,1330,22:05,22:10,T,True
driver_availability,driver,김진무,김진무,DRV_020,,,333,,266,1330,1335,22:10,22:15,T,True
driver_availability,driver,김진무,김진무,DRV_020,,,333,,267,1335,1340,22:15,22:20,T,True
driver_availability,driver,김진무,김진무,DRV_020,,,333,,268,1340,1345,22:20,22:25,T,True
driver_availability,driver,김진무,김진무,DRV_020,,,333,,269,1345,1350,22:25,22:30,T,True
driver_availability,driver,김진무,김진무,DRV_020,,,333,,270,1350,1355,22:30,22:35,T,True
driver_availability,driver,김진무,김진무,DRV_020,,,333,,271,1355,1360,22:35,22:40,T,True
driver_availability,driver,김진무,김진무,DRV_020,,,333,,272,1360,1365,22:40,22:45,T,True
driver_availability,driver,김진무,김진무,DRV_020,,,333,,273,1365,1370,22:45,22:50,T,True
driver_availability,driver,김진무,김진무,DRV_020,,,333,,274,1370,1375,22:50,22:55,T,True
driver_availability,driver,김진무,김진무,DRV_020,,,333,,275,1375,1380,22:55,23:00,T,True
driver_availability,driver,김진무,김진무,DRV_020,,,333,,276,1380,1385,23:00,23:05,T,True
driver_availability,driver,김진무,김진무,DRV_020,,,333,,277,1385,1390,23:05,23:10,T,True
driver_availability,driver,김진무,김진무,DRV_020,,,333,,278,1390,1395,23:10,23:15,T,True
driver_availability,driver,김진무,김진무,DRV_020,,,333,,279,1395,1400,23:15,23:20,T,True
driver_availability,driver,김진무,김진무,DRV_020,,,333,,280,1400,1405,23:20,23:25,T,True
driver_availability,driver,김진무,김진무,DRV_020,,,333,,281,1405,1410,23:25,23:30,T,True
driver_availability,driver,김진무,김진무,DRV_020,,,333,,282,1410,1415,23:30,23:35,T,True
driver_availability,driver,김진무,김진무,DRV_020,,,333,,283,1415,1420,23:35,23:40,T,True
driver_availability,driver,김진무,김진무,DRV_020,,,333,,284,1420,1425,23:40,23:45,T,True
driver_availability,driver,김진무,김진무,DRV_020,,,333,,285,1425,1430,23:45,23:50,T,True
driver_availability,driver,김진무,김진무,DRV_020,,,333,,286,1430,1435,23:50,23:55,T,True
driver_availability,driver,김진무,김진무,DRV_020,,,333,,287,1435,1440,23:55,24:00,T,True
driver_availability,driver,서범태,서범태,DRV_021,,,333,OFF (00:00 - 24:00),0,0,5,00:00,00:05,F,False
driver_availability,driver,서범태,서범태,DRV_021,,,333,OFF (00:00 - 24:00),1,5,10,00:05,00:10,F,False
driver_availability,driver,서범태,서범태,DRV_021,,,333,OFF (00:00 - 24:00),2,10,15,00:10,00:15,F,False
driver_availability,driver,서범태,서범태,DRV_021,,,333,OFF (00:00 - 24:00),3,15,20,00:15,00:20,F,False
driver_availability,driver,서범태,서범태,DRV_021,,,333,OFF (00:00 - 24:00),4,20,25,00:20,00:25,F,False
driver_availability,driver,서범태,서범태,DRV_021,,,333,OFF (00:00 - 24:00),5,25,30,00:25,00:30,F,False
driver_availability,driver,서범태,서범태,DRV_021,,,333,OFF (00:00 - 24:00),6,30,35,00:30,00:35,F,False
driver_availability,driver,서범태,서범태,DRV_021,,,333,OFF (00:00 - 24:00),7,35,40,00:35,00:40,F,False
driver_availability,driver,서범태,서범태,DRV_021,,,333,OFF (00:00 - 24:00),8,40,45,00:40,00:45,F,False
driver_availability,driver,서범태,서범태,DRV_021,,,333,OFF (00:00 - 24:00),9,45,50,00:45,00:50,F,False
driver_availability,driver,서범태,서범태,DRV_021,,,333,OFF (00:00 - 24:00),10,50,55,00:50,00:55,F,False
driver_availability,driver,서범태,서범태,DRV_021,,,333,OFF (00:00 - 24:00),11,55,60,00:55,01:00,F,False
driver_availability,driver,서범태,서범태,DRV_021,,,333,OFF (00:00 - 24:00),12,60,65,01:00,01:05,F,False
driver_availability,driver,서범태,서범태,DRV_021,,,333,OFF (00:00 - 24:00),13,65,70,01:05,01:10,F,False
driver_availability,driver,서범태,서범태,DRV_021,,,333,OFF (00:00 - 24:00),14,70,75,01:10,01:15,F,False
driver_availability,driver,서범태,서범태,DRV_021,,,333,OFF (00:00 - 24:00),15,75,80,01:15,01:20,F,False
driver_availability,driver,서범태,서범태,DRV_021,,,333,OFF (00:00 - 24:00),16,80,85,01:20,01:25,F,False
driver_availability,driver,서범태,서범태,DRV_021,,,333,OFF (00:00 - 24:00),17,85,90,01:25,01:30,F,False
driver_availability,driver,서범태,서범태,DRV_021,,,333,OFF (00:00 - 24:00),18,90,95,01:30,01:35,F,False
driver_availability,driver,서범태,서범태,DRV_021,,,333,OFF (00:00 - 24:00),19,95,100,01:35,01:40,F,False
driver_availability,driver,서범태,서범태,DRV_021,,,333,OFF (00:00 - 24:00),20,100,105,01:40,01:45,F,False
driver_availability,driver,서범태,서범태,DRV_021,,,333,OFF (00:00 - 24:00),21,105,110,01:45,01:50,F,False
driver_availability,driver,서범태,서범태,DRV_021,,,333,OFF (00:00 - 24:00),22,110,115,01:50,01:55,F,False
driver_availability,driver,서범태,서범태,DRV_021,,,333,OFF (00:00 - 24:00),23,115,120,01:55,02:00,F,False
driver_availability,driver,서범태,서범태,DRV_021,,,333,OFF (00:00 - 24:00),24,120,125,02:00,02:05,F,False
driver_availability,driver,서범태,서범태,DRV_021,,,333,OFF (00:00 - 24:00),25,125,130,02:05,02:10,F,False
driver_availability,driver,서범태,서범태,DRV_021,,,333,OFF (00:00 - 24:00),26,130,135,02:10,02:15,F,False
driver_availability,driver,서범태,서범태,DRV_021,,,333,OFF (00:00 - 24:00),27,135,140,02:15,02:20,F,False
driver_availability,driver,서범태,서범태,DRV_021,,,333,OFF (00:00 - 24:00),28,140,145,02:20,02:25,F,False
driver_availability,driver,서범태,서범태,DRV_021,,,333,OFF (00:00 - 24:00),29,145,150,02:25,02:30,F,False
driver_availability,driver,서범태,서범태,DRV_021,,,333,OFF (00:00 - 24:00),30,150,155,02:30,02:35,F,False
driver_availability,driver,서범태,서범태,DRV_021,,,333,OFF (00:00 - 24:00),31,155,160,02:35,02:40,F,False
driver_availability,driver,서범태,서범태,DRV_021,,,333,OFF (00:00 - 24:00),32,160,165,02:40,02:45,F,False
driver_availability,driver,서범태,서범태,DRV_021,,,333,OFF (00:00 - 24:00),33,165,170,02:45,02:50,F,False
driver_availability,driver,서범태,서범태,DRV_021,,,333,OFF (00:00 - 24:00),34,170,175,02:50,02:55,F,False
driver_availability,driver,서범태,서범태,DRV_021,,,333,OFF (00:00 - 24:00),35,175,180,02:55,03:00,F,False
driver_availability,driver,서범태,서범태,DRV_021,,,333,OFF (00:00 - 24:00),36,180,185,03:00,03:05,F,False
driver_availability,driver,서범태,서범태,DRV_021,,,333,OFF (00:00 - 24:00),37,185,190,03:05,03:10,F,False
driver_availability,driver,서범태,서범태,DRV_021,,,333,OFF (00:00 - 24:00),38,190,195,03:10,03:15,F,False
driver_availability,driver,서범태,서범태,DRV_021,,,333,OFF (00:00 - 24:00),39,195,200,03:15,03:20,F,False
driver_availability,driver,서범태,서범태,DRV_021,,,333,OFF (00:00 - 24:00),40,200,205,03:20,03:25,F,False
driver_availability,driver,서범태,서범태,DRV_021,,,333,OFF (00:00 - 24:00),41,205,210,03:25,03:30,F,False
driver_availability,driver,서범태,서범태,DRV_021,,,333,OFF (00:00 - 24:00),42,210,215,03:30,03:35,F,False
driver_availability,driver,서범태,서범태,DRV_021,,,333,OFF (00:00 - 24:00),43,215,220,03:35,03:40,F,False
driver_availability,driver,서범태,서범태,DRV_021,,,333,OFF (00:00 - 24:00),44,220,225,03:40,03:45,F,False
driver_availability,driver,서범태,서범태,DRV_021,,,333,OFF (00:00 - 24:00),45,225,230,03:45,03:50,F,False
driver_availability,driver,서범태,서범태,DRV_021,,,333,OFF (00:00 - 24:00),46,230,235,03:50,03:55,F,False
driver_availability,driver,서범태,서범태,DRV_021,,,333,OFF (00:00 - 24:00),47,235,240,03:55,04:00,F,False
driver_availability,driver,서범태,서범태,DRV_021,,,333,OFF (00:00 - 24:00),48,240,245,04:00,04:05,F,False
driver_availability,driver,서범태,서범태,DRV_021,,,333,OFF (00:00 - 24:00),49,245,250,04:05,04:10,F,False
driver_availability,driver,서범태,서범태,DRV_021,,,333,OFF (00:00 - 24:00),50,250,255,04:10,04:15,F,False
driver_availability,driver,서범태,서범태,DRV_021,,,333,OFF (00:00 - 24:00),51,255,260,04:15,04:20,F,False
driver_availability,driver,서범태,서범태,DRV_021,,,333,OFF (00:00 - 24:00),52,260,265,04:20,04:25,F,False
driver_availability,driver,서범태,서범태,DRV_021,,,333,OFF (00:00 - 24:00),53,265,270,04:25,04:30,F,False
driver_availability,driver,서범태,서범태,DRV_021,,,333,OFF (00:00 - 24:00),54,270,275,04:30,04:35,F,False
driver_availability,driver,서범태,서범태,DRV_021,,,333,OFF (00:00 - 24:00),55,275,280,04:35,04:40,F,False
driver_availability,driver,서범태,서범태,DRV_021,,,333,OFF (00:00 - 24:00),56,280,285,04:40,04:45,F,False
driver_availability,driver,서범태,서범태,DRV_021,,,333,OFF (00:00 - 24:00),57,285,290,04:45,04:50,F,False
driver_availability,driver,서범태,서범태,DRV_021,,,333,OFF (00:00 - 24:00),58,290,295,04:50,04:55,F,False
driver_availability,driver,서범태,서범태,DRV_021,,,333,OFF (00:00 - 24:00),59,295,300,04:55,05:00,F,False
driver_availability,driver,서범태,서범태,DRV_021,,,333,OFF (00:00 - 24:00),60,300,305,05:00,05:05,F,False
driver_availability,driver,서범태,서범태,DRV_021,,,333,OFF (00:00 - 24:00),61,305,310,05:05,05:10,F,False
driver_availability,driver,서범태,서범태,DRV_021,,,333,OFF (00:00 - 24:00),62,310,315,05:10,05:15,F,False
driver_availability,driver,서범태,서범태,DRV_021,,,333,OFF (00:00 - 24:00),63,315,320,05:15,05:20,F,False
driver_availability,driver,서범태,서범태,DRV_021,,,333,OFF (00:00 - 24:00),64,320,325,05:20,05:25,F,False
driver_availability,driver,서범태,서범태,DRV_021,,,333,OFF (00:00 - 24:00),65,325,330,05:25,05:30,F,False
driver_availability,driver,서범태,서범태,DRV_021,,,333,OFF (00:00 - 24:00),66,330,335,05:30,05:35,F,False
driver_availability,driver,서범태,서범태,DRV_021,,,333,OFF (00:00 - 24:00),67,335,340,05:35,05:40,F,False
driver_availability,driver,서범태,서범태,DRV_021,,,333,OFF (00:00 - 24:00),68,340,345,05:40,05:45,F,False
driver_availability,driver,서범태,서범태,DRV_021,,,333,OFF (00:00 - 24:00),69,345,350,05:45,05:50,F,False
driver_availability,driver,서범태,서범태,DRV_021,,,333,OFF (00:00 - 24:00),70,350,355,05:50,05:55,F,False
driver_availability,driver,서범태,서범태,DRV_021,,,333,OFF (00:00 - 24:00),71,355,360,05:55,06:00,F,False
driver_availability,driver,서범태,서범태,DRV_021,,,333,OFF (00:00 - 24:00),72,360,365,06:00,06:05,F,False
driver_availability,driver,서범태,서범태,DRV_021,,,333,OFF (00:00 - 24:00),73,365,370,06:05,06:10,F,False
driver_availability,driver,서범태,서범태,DRV_021,,,333,OFF (00:00 - 24:00),74,370,375,06:10,06:15,F,False
driver_availability,driver,서범태,서범태,DRV_021,,,333,OFF (00:00 - 24:00),75,375,380,06:15,06:20,F,False
driver_availability,driver,서범태,서범태,DRV_021,,,333,OFF (00:00 - 24:00),76,380,385,06:20,06:25,F,False
driver_availability,driver,서범태,서범태,DRV_021,,,333,OFF (00:00 - 24:00),77,385,390,06:25,06:30,F,False
driver_availability,driver,서범태,서범태,DRV_021,,,333,OFF (00:00 - 24:00),78,390,395,06:30,06:35,F,False
driver_availability,driver,서범태,서범태,DRV_021,,,333,OFF (00:00 - 24:00),79,395,400,06:35,06:40,F,False
driver_availability,driver,서범태,서범태,DRV_021,,,333,OFF (00:00 - 24:00),80,400,405,06:40,06:45,F,False
driver_availability,driver,서범태,서범태,DRV_021,,,333,OFF (00:00 - 24:00),81,405,410,06:45,06:50,F,False
driver_availability,driver,서범태,서범태,DRV_021,,,333,OFF (00:00 - 24:00),82,410,415,06:50,06:55,F,False
driver_availability,driver,서범태,서범태,DRV_021,,,333,OFF (00:00 - 24:00),83,415,420,06:55,07:00,F,False
driver_availability,driver,서범태,서범태,DRV_021,,,333,OFF (00:00 - 24:00),84,420,425,07:00,07:05,F,False
driver_availability,driver,서범태,서범태,DRV_021,,,333,OFF (00:00 - 24:00),85,425,430,07:05,07:10,F,False
driver_availability,driver,서범태,서범태,DRV_021,,,333,OFF (00:00 - 24:00),86,430,435,07:10,07:15,F,False
driver_availability,driver,서범태,서범태,DRV_021,,,333,OFF (00:00 - 24:00),87,435,440,07:15,07:20,F,False
driver_availability,driver,서범태,서범태,DRV_021,,,333,OFF (00:00 - 24:00),88,440,445,07:20,07:25,F,False
driver_availability,driver,서범태,서범태,DRV_021,,,333,OFF (00:00 - 24:00),89,445,450,07:25,07:30,F,False
driver_availability,driver,서범태,서범태,DRV_021,,,333,OFF (00:00 - 24:00),90,450,455,07:30,07:35,F,False
driver_availability,driver,서범태,서범태,DRV_021,,,333,OFF (00:00 - 24:00),91,455,460,07:35,07:40,F,False
driver_availability,driver,서범태,서범태,DRV_021,,,333,OFF (00:00 - 24:00),92,460,465,07:40,07:45,F,False
driver_availability,driver,서범태,서범태,DRV_021,,,333,OFF (00:00 - 24:00),93,465,470,07:45,07:50,F,False
driver_availability,driver,서범태,서범태,DRV_021,,,333,OFF (00:00 - 24:00),94,470,475,07:50,07:55,F,False
driver_availability,driver,서범태,서범태,DRV_021,,,333,OFF (00:00 - 24:00),95,475,480,07:55,08:00,F,False
driver_availability,driver,서범태,서범태,DRV_021,,,333,OFF (00:00 - 24:00),96,480,485,08:00,08:05,F,False
driver_availability,driver,서범태,서범태,DRV_021,,,333,OFF (00:00 - 24:00),97,485,490,08:05,08:10,F,False
driver_availability,driver,서범태,서범태,DRV_021,,,333,OFF (00:00 - 24:00),98,490,495,08:10,08:15,F,False
driver_availability,driver,서범태,서범태,DRV_021,,,333,OFF (00:00 - 24:00),99,495,500,08:15,08:20,F,False
driver_availability,driver,서범태,서범태,DRV_021,,,333,OFF (00:00 - 24:00),100,500,505,08:20,08:25,F,False
driver_availability,driver,서범태,서범태,DRV_021,,,333,OFF (00:00 - 24:00),101,505,510,08:25,08:30,F,False
driver_availability,driver,서범태,서범태,DRV_021,,,333,OFF (00:00 - 24:00),102,510,515,08:30,08:35,F,False
driver_availability,driver,서범태,서범태,DRV_021,,,333,OFF (00:00 - 24:00),103,515,520,08:35,08:40,F,False
driver_availability,driver,서범태,서범태,DRV_021,,,333,OFF (00:00 - 24:00),104,520,525,08:40,08:45,F,False
driver_availability,driver,서범태,서범태,DRV_021,,,333,OFF (00:00 - 24:00),105,525,530,08:45,08:50,F,False
driver_availability,driver,서범태,서범태,DRV_021,,,333,OFF (00:00 - 24:00),106,530,535,08:50,08:55,F,False
driver_availability,driver,서범태,서범태,DRV_021,,,333,OFF (00:00 - 24:00),107,535,540,08:55,09:00,F,False
driver_availability,driver,서범태,서범태,DRV_021,,,333,OFF (00:00 - 24:00),108,540,545,09:00,09:05,F,False
driver_availability,driver,서범태,서범태,DRV_021,,,333,OFF (00:00 - 24:00),109,545,550,09:05,09:10,F,False
driver_availability,driver,서범태,서범태,DRV_021,,,333,OFF (00:00 - 24:00),110,550,555,09:10,09:15,F,False
driver_availability,driver,서범태,서범태,DRV_021,,,333,OFF (00:00 - 24:00),111,555,560,09:15,09:20,F,False
driver_availability,driver,서범태,서범태,DRV_021,,,333,OFF (00:00 - 24:00),112,560,565,09:20,09:25,F,False
driver_availability,driver,서범태,서범태,DRV_021,,,333,OFF (00:00 - 24:00),113,565,570,09:25,09:30,F,False
driver_availability,driver,서범태,서범태,DRV_021,,,333,OFF (00:00 - 24:00),114,570,575,09:30,09:35,F,False
driver_availability,driver,서범태,서범태,DRV_021,,,333,OFF (00:00 - 24:00),115,575,580,09:35,09:40,F,False
driver_availability,driver,서범태,서범태,DRV_021,,,333,OFF (00:00 - 24:00),116,580,585,09:40,09:45,F,False
driver_availability,driver,서범태,서범태,DRV_021,,,333,OFF (00:00 - 24:00),117,585,590,09:45,09:50,F,False
driver_availability,driver,서범태,서범태,DRV_021,,,333,OFF (00:00 - 24:00),118,590,595,09:50,09:55,F,False
driver_availability,driver,서범태,서범태,DRV_021,,,333,OFF (00:00 - 24:00),119,595,600,09:55,10:00,F,False
driver_availability,driver,서범태,서범태,DRV_021,,,333,OFF (00:00 - 24:00),120,600,605,10:00,10:05,F,False
driver_availability,driver,서범태,서범태,DRV_021,,,333,OFF (00:00 - 24:00),121,605,610,10:05,10:10,F,False
driver_availability,driver,서범태,서범태,DRV_021,,,333,OFF (00:00 - 24:00),122,610,615,10:10,10:15,F,False
driver_availability,driver,서범태,서범태,DRV_021,,,333,OFF (00:00 - 24:00),123,615,620,10:15,10:20,F,False
driver_availability,driver,서범태,서범태,DRV_021,,,333,OFF (00:00 - 24:00),124,620,625,10:20,10:25,F,False
driver_availability,driver,서범태,서범태,DRV_021,,,333,OFF (00:00 - 24:00),125,625,630,10:25,10:30,F,False
driver_availability,driver,서범태,서범태,DRV_021,,,333,OFF (00:00 - 24:00),126,630,635,10:30,10:35,F,False
driver_availability,driver,서범태,서범태,DRV_021,,,333,OFF (00:00 - 24:00),127,635,640,10:35,10:40,F,False
driver_availability,driver,서범태,서범태,DRV_021,,,333,OFF (00:00 - 24:00),128,640,645,10:40,10:45,F,False
driver_availability,driver,서범태,서범태,DRV_021,,,333,OFF (00:00 - 24:00),129,645,650,10:45,10:50,F,False
driver_availability,driver,서범태,서범태,DRV_021,,,333,OFF (00:00 - 24:00),130,650,655,10:50,10:55,F,False
driver_availability,driver,서범태,서범태,DRV_021,,,333,OFF (00:00 - 24:00),131,655,660,10:55,11:00,F,False
driver_availability,driver,서범태,서범태,DRV_021,,,333,OFF (00:00 - 24:00),132,660,665,11:00,11:05,F,False
driver_availability,driver,서범태,서범태,DRV_021,,,333,OFF (00:00 - 24:00),133,665,670,11:05,11:10,F,False
driver_availability,driver,서범태,서범태,DRV_021,,,333,OFF (00:00 - 24:00),134,670,675,11:10,11:15,F,False
driver_availability,driver,서범태,서범태,DRV_021,,,333,OFF (00:00 - 24:00),135,675,680,11:15,11:20,F,False
driver_availability,driver,서범태,서범태,DRV_021,,,333,OFF (00:00 - 24:00),136,680,685,11:20,11:25,F,False
driver_availability,driver,서범태,서범태,DRV_021,,,333,OFF (00:00 - 24:00),137,685,690,11:25,11:30,F,False
driver_availability,driver,서범태,서범태,DRV_021,,,333,OFF (00:00 - 24:00),138,690,695,11:30,11:35,F,False
driver_availability,driver,서범태,서범태,DRV_021,,,333,OFF (00:00 - 24:00),139,695,700,11:35,11:40,F,False
driver_availability,driver,서범태,서범태,DRV_021,,,333,OFF (00:00 - 24:00),140,700,705,11:40,11:45,F,False
driver_availability,driver,서범태,서범태,DRV_021,,,333,OFF (00:00 - 24:00),141,705,710,11:45,11:50,F,False
driver_availability,driver,서범태,서범태,DRV_021,,,333,OFF (00:00 - 24:00),142,710,715,11:50,11:55,F,False
driver_availability,driver,서범태,서범태,DRV_021,,,333,OFF (00:00 - 24:00),143,715,720,11:55,12:00,F,False
driver_availability,driver,서범태,서범태,DRV_021,,,333,OFF (00:00 - 24:00),144,720,725,12:00,12:05,F,False
driver_availability,driver,서범태,서범태,DRV_021,,,333,OFF (00:00 - 24:00),145,725,730,12:05,12:10,F,False
driver_availability,driver,서범태,서범태,DRV_021,,,333,OFF (00:00 - 24:00),146,730,735,12:10,12:15,F,False
driver_availability,driver,서범태,서범태,DRV_021,,,333,OFF (00:00 - 24:00),147,735,740,12:15,12:20,F,False
driver_availability,driver,서범태,서범태,DRV_021,,,333,OFF (00:00 - 24:00),148,740,745,12:20,12:25,F,False
driver_availability,driver,서범태,서범태,DRV_021,,,333,OFF (00:00 - 24:00),149,745,750,12:25,12:30,F,False
driver_availability,driver,서범태,서범태,DRV_021,,,333,OFF (00:00 - 24:00),150,750,755,12:30,12:35,F,False
driver_availability,driver,서범태,서범태,DRV_021,,,333,OFF (00:00 - 24:00),151,755,760,12:35,12:40,F,False
driver_availability,driver,서범태,서범태,DRV_021,,,333,OFF (00:00 - 24:00),152,760,765,12:40,12:45,F,False
driver_availability,driver,서범태,서범태,DRV_021,,,333,OFF (00:00 - 24:00),153,765,770,12:45,12:50,F,False
driver_availability,driver,서범태,서범태,DRV_021,,,333,OFF (00:00 - 24:00),154,770,775,12:50,12:55,F,False
driver_availability,driver,서범태,서범태,DRV_021,,,333,OFF (00:00 - 24:00),155,775,780,12:55,13:00,F,False
driver_availability,driver,서범태,서범태,DRV_021,,,333,OFF (00:00 - 24:00),156,780,785,13:00,13:05,F,False
driver_availability,driver,서범태,서범태,DRV_021,,,333,OFF (00:00 - 24:00),157,785,790,13:05,13:10,F,False
driver_availability,driver,서범태,서범태,DRV_021,,,333,OFF (00:00 - 24:00),158,790,795,13:10,13:15,F,False
driver_availability,driver,서범태,서범태,DRV_021,,,333,OFF (00:00 - 24:00),159,795,800,13:15,13:20,F,False
driver_availability,driver,서범태,서범태,DRV_021,,,333,OFF (00:00 - 24:00),160,800,805,13:20,13:25,F,False
driver_availability,driver,서범태,서범태,DRV_021,,,333,OFF (00:00 - 24:00),161,805,810,13:25,13:30,F,False
driver_availability,driver,서범태,서범태,DRV_021,,,333,OFF (00:00 - 24:00),162,810,815,13:30,13:35,F,False
driver_availability,driver,서범태,서범태,DRV_021,,,333,OFF (00:00 - 24:00),163,815,820,13:35,13:40,F,False
driver_availability,driver,서범태,서범태,DRV_021,,,333,OFF (00:00 - 24:00),164,820,825,13:40,13:45,F,False
driver_availability,driver,서범태,서범태,DRV_021,,,333,OFF (00:00 - 24:00),165,825,830,13:45,13:50,F,False
driver_availability,driver,서범태,서범태,DRV_021,,,333,OFF (00:00 - 24:00),166,830,835,13:50,13:55,F,False
driver_availability,driver,서범태,서범태,DRV_021,,,333,OFF (00:00 - 24:00),167,835,840,13:55,14:00,F,False
driver_availability,driver,서범태,서범태,DRV_021,,,333,OFF (00:00 - 24:00),168,840,845,14:00,14:05,F,False
driver_availability,driver,서범태,서범태,DRV_021,,,333,OFF (00:00 - 24:00),169,845,850,14:05,14:10,F,False
driver_availability,driver,서범태,서범태,DRV_021,,,333,OFF (00:00 - 24:00),170,850,855,14:10,14:15,F,False
driver_availability,driver,서범태,서범태,DRV_021,,,333,OFF (00:00 - 24:00),171,855,860,14:15,14:20,F,False
driver_availability,driver,서범태,서범태,DRV_021,,,333,OFF (00:00 - 24:00),172,860,865,14:20,14:25,F,False
driver_availability,driver,서범태,서범태,DRV_021,,,333,OFF (00:00 - 24:00),173,865,870,14:25,14:30,F,False
driver_availability,driver,서범태,서범태,DRV_021,,,333,OFF (00:00 - 24:00),174,870,875,14:30,14:35,F,False
driver_availability,driver,서범태,서범태,DRV_021,,,333,OFF (00:00 - 24:00),175,875,880,14:35,14:40,F,False
driver_availability,driver,서범태,서범태,DRV_021,,,333,OFF (00:00 - 24:00),176,880,885,14:40,14:45,F,False
driver_availability,driver,서범태,서범태,DRV_021,,,333,OFF (00:00 - 24:00),177,885,890,14:45,14:50,F,False
driver_availability,driver,서범태,서범태,DRV_021,,,333,OFF (00:00 - 24:00),178,890,895,14:50,14:55,F,False
driver_availability,driver,서범태,서범태,DRV_021,,,333,OFF (00:00 - 24:00),179,895,900,14:55,15:00,F,False
driver_availability,driver,서범태,서범태,DRV_021,,,333,OFF (00:00 - 24:00),180,900,905,15:00,15:05,F,False
driver_availability,driver,서범태,서범태,DRV_021,,,333,OFF (00:00 - 24:00),181,905,910,15:05,15:10,F,False
driver_availability,driver,서범태,서범태,DRV_021,,,333,OFF (00:00 - 24:00),182,910,915,15:10,15:15,F,False
driver_availability,driver,서범태,서범태,DRV_021,,,333,OFF (00:00 - 24:00),183,915,920,15:15,15:20,F,False
driver_availability,driver,서범태,서범태,DRV_021,,,333,OFF (00:00 - 24:00),184,920,925,15:20,15:25,F,False
driver_availability,driver,서범태,서범태,DRV_021,,,333,OFF (00:00 - 24:00),185,925,930,15:25,15:30,F,False
driver_availability,driver,서범태,서범태,DRV_021,,,333,OFF (00:00 - 24:00),186,930,935,15:30,15:35,F,False
driver_availability,driver,서범태,서범태,DRV_021,,,333,OFF (00:00 - 24:00),187,935,940,15:35,15:40,F,False
driver_availability,driver,서범태,서범태,DRV_021,,,333,OFF (00:00 - 24:00),188,940,945,15:40,15:45,F,False
driver_availability,driver,서범태,서범태,DRV_021,,,333,OFF (00:00 - 24:00),189,945,950,15:45,15:50,F,False
driver_availability,driver,서범태,서범태,DRV_021,,,333,OFF (00:00 - 24:00),190,950,955,15:50,15:55,F,False
driver_availability,driver,서범태,서범태,DRV_021,,,333,OFF (00:00 - 24:00),191,955,960,15:55,16:00,F,False
driver_availability,driver,서범태,서범태,DRV_021,,,333,OFF (00:00 - 24:00),192,960,965,16:00,16:05,F,False
driver_availability,driver,서범태,서범태,DRV_021,,,333,OFF (00:00 - 24:00),193,965,970,16:05,16:10,F,False
driver_availability,driver,서범태,서범태,DRV_021,,,333,OFF (00:00 - 24:00),194,970,975,16:10,16:15,F,False
driver_availability,driver,서범태,서범태,DRV_021,,,333,OFF (00:00 - 24:00),195,975,980,16:15,16:20,F,False
driver_availability,driver,서범태,서범태,DRV_021,,,333,OFF (00:00 - 24:00),196,980,985,16:20,16:25,F,False
driver_availability,driver,서범태,서범태,DRV_021,,,333,OFF (00:00 - 24:00),197,985,990,16:25,16:30,F,False
driver_availability,driver,서범태,서범태,DRV_021,,,333,OFF (00:00 - 24:00),198,990,995,16:30,16:35,F,False
driver_availability,driver,서범태,서범태,DRV_021,,,333,OFF (00:00 - 24:00),199,995,1000,16:35,16:40,F,False
driver_availability,driver,서범태,서범태,DRV_021,,,333,OFF (00:00 - 24:00),200,1000,1005,16:40,16:45,F,False
driver_availability,driver,서범태,서범태,DRV_021,,,333,OFF (00:00 - 24:00),201,1005,1010,16:45,16:50,F,False
driver_availability,driver,서범태,서범태,DRV_021,,,333,OFF (00:00 - 24:00),202,1010,1015,16:50,16:55,F,False
driver_availability,driver,서범태,서범태,DRV_021,,,333,OFF (00:00 - 24:00),203,1015,1020,16:55,17:00,F,False
driver_availability,driver,서범태,서범태,DRV_021,,,333,OFF (00:00 - 24:00),204,1020,1025,17:00,17:05,F,False
driver_availability,driver,서범태,서범태,DRV_021,,,333,OFF (00:00 - 24:00),205,1025,1030,17:05,17:10,F,False
driver_availability,driver,서범태,서범태,DRV_021,,,333,OFF (00:00 - 24:00),206,1030,1035,17:10,17:15,F,False
driver_availability,driver,서범태,서범태,DRV_021,,,333,OFF (00:00 - 24:00),207,1035,1040,17:15,17:20,F,False
driver_availability,driver,서범태,서범태,DRV_021,,,333,OFF (00:00 - 24:00),208,1040,1045,17:20,17:25,F,False
driver_availability,driver,서범태,서범태,DRV_021,,,333,OFF (00:00 - 24:00),209,1045,1050,17:25,17:30,F,False
driver_availability,driver,서범태,서범태,DRV_021,,,333,OFF (00:00 - 24:00),210,1050,1055,17:30,17:35,F,False
driver_availability,driver,서범태,서범태,DRV_021,,,333,OFF (00:00 - 24:00),211,1055,1060,17:35,17:40,F,False
driver_availability,driver,서범태,서범태,DRV_021,,,333,OFF (00:00 - 24:00),212,1060,1065,17:40,17:45,F,False
driver_availability,driver,서범태,서범태,DRV_021,,,333,OFF (00:00 - 24:00),213,1065,1070,17:45,17:50,F,False
driver_availability,driver,서범태,서범태,DRV_021,,,333,OFF (00:00 - 24:00),214,1070,1075,17:50,17:55,F,False
driver_availability,driver,서범태,서범태,DRV_021,,,333,OFF (00:00 - 24:00),215,1075,1080,17:55,18:00,F,False
driver_availability,driver,서범태,서범태,DRV_021,,,333,OFF (00:00 - 24:00),216,1080,1085,18:00,18:05,F,False
driver_availability,driver,서범태,서범태,DRV_021,,,333,OFF (00:00 - 24:00),217,1085,1090,18:05,18:10,F,False
driver_availability,driver,서범태,서범태,DRV_021,,,333,OFF (00:00 - 24:00),218,1090,1095,18:10,18:15,F,False
driver_availability,driver,서범태,서범태,DRV_021,,,333,OFF (00:00 - 24:00),219,1095,1100,18:15,18:20,F,False
driver_availability,driver,서범태,서범태,DRV_021,,,333,OFF (00:00 - 24:00),220,1100,1105,18:20,18:25,F,False
driver_availability,driver,서범태,서범태,DRV_021,,,333,OFF (00:00 - 24:00),221,1105,1110,18:25,18:30,F,False
driver_availability,driver,서범태,서범태,DRV_021,,,333,OFF (00:00 - 24:00),222,1110,1115,18:30,18:35,F,False
driver_availability,driver,서범태,서범태,DRV_021,,,333,OFF (00:00 - 24:00),223,1115,1120,18:35,18:40,F,False
driver_availability,driver,서범태,서범태,DRV_021,,,333,OFF (00:00 - 24:00),224,1120,1125,18:40,18:45,F,False
driver_availability,driver,서범태,서범태,DRV_021,,,333,OFF (00:00 - 24:00),225,1125,1130,18:45,18:50,F,False
driver_availability,driver,서범태,서범태,DRV_021,,,333,OFF (00:00 - 24:00),226,1130,1135,18:50,18:55,F,False
driver_availability,driver,서범태,서범태,DRV_021,,,333,OFF (00:00 - 24:00),227,1135,1140,18:55,19:00,F,False
driver_availability,driver,서범태,서범태,DRV_021,,,333,OFF (00:00 - 24:00),228,1140,1145,19:00,19:05,F,False
driver_availability,driver,서범태,서범태,DRV_021,,,333,OFF (00:00 - 24:00),229,1145,1150,19:05,19:10,F,False
driver_availability,driver,서범태,서범태,DRV_021,,,333,OFF (00:00 - 24:00),230,1150,1155,19:10,19:15,F,False
driver_availability,driver,서범태,서범태,DRV_021,,,333,OFF (00:00 - 24:00),231,1155,1160,19:15,19:20,F,False
driver_availability,driver,서범태,서범태,DRV_021,,,333,OFF (00:00 - 24:00),232,1160,1165,19:20,19:25,F,False
driver_availability,driver,서범태,서범태,DRV_021,,,333,OFF (00:00 - 24:00),233,1165,1170,19:25,19:30,F,False
driver_availability,driver,서범태,서범태,DRV_021,,,333,OFF (00:00 - 24:00),234,1170,1175,19:30,19:35,F,False
driver_availability,driver,서범태,서범태,DRV_021,,,333,OFF (00:00 - 24:00),235,1175,1180,19:35,19:40,F,False
driver_availability,driver,서범태,서범태,DRV_021,,,333,OFF (00:00 - 24:00),236,1180,1185,19:40,19:45,F,False
driver_availability,driver,서범태,서범태,DRV_021,,,333,OFF (00:00 - 24:00),237,1185,1190,19:45,19:50,F,False
driver_availability,driver,서범태,서범태,DRV_021,,,333,OFF (00:00 - 24:00),238,1190,1195,19:50,19:55,F,False
driver_availability,driver,서범태,서범태,DRV_021,,,333,OFF (00:00 - 24:00),239,1195,1200,19:55,20:00,F,False
driver_availability,driver,서범태,서범태,DRV_021,,,333,OFF (00:00 - 24:00),240,1200,1205,20:00,20:05,F,False
driver_availability,driver,서범태,서범태,DRV_021,,,333,OFF (00:00 - 24:00),241,1205,1210,20:05,20:10,F,False
driver_availability,driver,서범태,서범태,DRV_021,,,333,OFF (00:00 - 24:00),242,1210,1215,20:10,20:15,F,False
driver_availability,driver,서범태,서범태,DRV_021,,,333,OFF (00:00 - 24:00),243,1215,1220,20:15,20:20,F,False
driver_availability,driver,서범태,서범태,DRV_021,,,333,OFF (00:00 - 24:00),244,1220,1225,20:20,20:25,F,False
driver_availability,driver,서범태,서범태,DRV_021,,,333,OFF (00:00 - 24:00),245,1225,1230,20:25,20:30,F,False
driver_availability,driver,서범태,서범태,DRV_021,,,333,OFF (00:00 - 24:00),246,1230,1235,20:30,20:35,F,False
driver_availability,driver,서범태,서범태,DRV_021,,,333,OFF (00:00 - 24:00),247,1235,1240,20:35,20:40,F,False
driver_availability,driver,서범태,서범태,DRV_021,,,333,OFF (00:00 - 24:00),248,1240,1245,20:40,20:45,F,False
driver_availability,driver,서범태,서범태,DRV_021,,,333,OFF (00:00 - 24:00),249,1245,1250,20:45,20:50,F,False
driver_availability,driver,서범태,서범태,DRV_021,,,333,OFF (00:00 - 24:00),250,1250,1255,20:50,20:55,F,False
driver_availability,driver,서범태,서범태,DRV_021,,,333,OFF (00:00 - 24:00),251,1255,1260,20:55,21:00,F,False
driver_availability,driver,서범태,서범태,DRV_021,,,333,OFF (00:00 - 24:00),252,1260,1265,21:00,21:05,F,False
driver_availability,driver,서범태,서범태,DRV_021,,,333,OFF (00:00 - 24:00),253,1265,1270,21:05,21:10,F,False
driver_availability,driver,서범태,서범태,DRV_021,,,333,OFF (00:00 - 24:00),254,1270,1275,21:10,21:15,F,False
driver_availability,driver,서범태,서범태,DRV_021,,,333,OFF (00:00 - 24:00),255,1275,1280,21:15,21:20,F,False
driver_availability,driver,서범태,서범태,DRV_021,,,333,OFF (00:00 - 24:00),256,1280,1285,21:20,21:25,F,False
driver_availability,driver,서범태,서범태,DRV_021,,,333,OFF (00:00 - 24:00),257,1285,1290,21:25,21:30,F,False
driver_availability,driver,서범태,서범태,DRV_021,,,333,OFF (00:00 - 24:00),258,1290,1295,21:30,21:35,F,False
driver_availability,driver,서범태,서범태,DRV_021,,,333,OFF (00:00 - 24:00),259,1295,1300,21:35,21:40,F,False
driver_availability,driver,서범태,서범태,DRV_021,,,333,OFF (00:00 - 24:00),260,1300,1305,21:40,21:45,F,False
driver_availability,driver,서범태,서범태,DRV_021,,,333,OFF (00:00 - 24:00),261,1305,1310,21:45,21:50,F,False
driver_availability,driver,서범태,서범태,DRV_021,,,333,OFF (00:00 - 24:00),262,1310,1315,21:50,21:55,F,False
driver_availability,driver,서범태,서범태,DRV_021,,,333,OFF (00:00 - 24:00),263,1315,1320,21:55,22:00,F,False
driver_availability,driver,서범태,서범태,DRV_021,,,333,OFF (00:00 - 24:00),264,1320,1325,22:00,22:05,F,False
driver_availability,driver,서범태,서범태,DRV_021,,,333,OFF (00:00 - 24:00),265,1325,1330,22:05,22:10,F,False
driver_availability,driver,서범태,서범태,DRV_021,,,333,OFF (00:00 - 24:00),266,1330,1335,22:10,22:15,F,False
driver_availability,driver,서범태,서범태,DRV_021,,,333,OFF (00:00 - 24:00),267,1335,1340,22:15,22:20,F,False
driver_availability,driver,서범태,서범태,DRV_021,,,333,OFF (00:00 - 24:00),268,1340,1345,22:20,22:25,F,False
driver_availability,driver,서범태,서범태,DRV_021,,,333,OFF (00:00 - 24:00),269,1345,1350,22:25,22:30,F,False
driver_availability,driver,서범태,서범태,DRV_021,,,333,OFF (00:00 - 24:00),270,1350,1355,22:30,22:35,F,False
driver_availability,driver,서범태,서범태,DRV_021,,,333,OFF (00:00 - 24:00),271,1355,1360,22:35,22:40,F,False
driver_availability,driver,서범태,서범태,DRV_021,,,333,OFF (00:00 - 24:00),272,1360,1365,22:40,22:45,F,False
driver_availability,driver,서범태,서범태,DRV_021,,,333,OFF (00:00 - 24:00),273,1365,1370,22:45,22:50,F,False
driver_availability,driver,서범태,서범태,DRV_021,,,333,OFF (00:00 - 24:00),274,1370,1375,22:50,22:55,F,False
driver_availability,driver,서범태,서범태,DRV_021,,,333,OFF (00:00 - 24:00),275,1375,1380,22:55,23:00,F,False
driver_availability,driver,서범태,서범태,DRV_021,,,333,OFF (00:00 - 24:00),276,1380,1385,23:00,23:05,F,False
driver_availability,driver,서범태,서범태,DRV_021,,,333,OFF (00:00 - 24:00),277,1385,1390,23:05,23:10,F,False
driver_availability,driver,서범태,서범태,DRV_021,,,333,OFF (00:00 - 24:00),278,1390,1395,23:10,23:15,F,False
driver_availability,driver,서범태,서범태,DRV_021,,,333,OFF (00:00 - 24:00),279,1395,1400,23:15,23:20,F,False
driver_availability,driver,서범태,서범태,DRV_021,,,333,OFF (00:00 - 24:00),280,1400,1405,23:20,23:25,F,False
driver_availability,driver,서범태,서범태,DRV_021,,,333,OFF (00:00 - 24:00),281,1405,1410,23:25,23:30,F,False
driver_availability,driver,서범태,서범태,DRV_021,,,333,OFF (00:00 - 24:00),282,1410,1415,23:30,23:35,F,False
driver_availability,driver,서범태,서범태,DRV_021,,,333,OFF (00:00 - 24:00),283,1415,1420,23:35,23:40,F,False
driver_availability,driver,서범태,서범태,DRV_021,,,333,OFF (00:00 - 24:00),284,1420,1425,23:40,23:45,F,False
driver_availability,driver,서범태,서범태,DRV_021,,,333,OFF (00:00 - 24:00),285,1425,1430,23:45,23:50,F,False
driver_availability,driver,서범태,서범태,DRV_021,,,333,OFF (00:00 - 24:00),286,1430,1435,23:50,23:55,F,False
driver_availability,driver,서범태,서범태,DRV_021,,,333,OFF (00:00 - 24:00),287,1435,1440,23:55,24:00,F,False
driver_availability,driver,오준원,오준원,DRV_022,,,333,,0,0,5,00:00,00:05,T,True
driver_availability,driver,오준원,오준원,DRV_022,,,333,,1,5,10,00:05,00:10,T,True
driver_availability,driver,오준원,오준원,DRV_022,,,333,,2,10,15,00:10,00:15,T,True
driver_availability,driver,오준원,오준원,DRV_022,,,333,,3,15,20,00:15,00:20,T,True
driver_availability,driver,오준원,오준원,DRV_022,,,333,,4,20,25,00:20,00:25,T,True
driver_availability,driver,오준원,오준원,DRV_022,,,333,,5,25,30,00:25,00:30,T,True
driver_availability,driver,오준원,오준원,DRV_022,,,333,,6,30,35,00:30,00:35,T,True
driver_availability,driver,오준원,오준원,DRV_022,,,333,,7,35,40,00:35,00:40,T,True
driver_availability,driver,오준원,오준원,DRV_022,,,333,,8,40,45,00:40,00:45,T,True
driver_availability,driver,오준원,오준원,DRV_022,,,333,,9,45,50,00:45,00:50,T,True
driver_availability,driver,오준원,오준원,DRV_022,,,333,,10,50,55,00:50,00:55,T,True
driver_availability,driver,오준원,오준원,DRV_022,,,333,,11,55,60,00:55,01:00,T,True
driver_availability,driver,오준원,오준원,DRV_022,,,333,,12,60,65,01:00,01:05,T,True
driver_availability,driver,오준원,오준원,DRV_022,,,333,,13,65,70,01:05,01:10,T,True
driver_availability,driver,오준원,오준원,DRV_022,,,333,,14,70,75,01:10,01:15,T,True
driver_availability,driver,오준원,오준원,DRV_022,,,333,,15,75,80,01:15,01:20,T,True
driver_availability,driver,오준원,오준원,DRV_022,,,333,,16,80,85,01:20,01:25,T,True
driver_availability,driver,오준원,오준원,DRV_022,,,333,,17,85,90,01:25,01:30,T,True
driver_availability,driver,오준원,오준원,DRV_022,,,333,,18,90,95,01:30,01:35,T,True
driver_availability,driver,오준원,오준원,DRV_022,,,333,,19,95,100,01:35,01:40,T,True
driver_availability,driver,오준원,오준원,DRV_022,,,333,,20,100,105,01:40,01:45,T,True
driver_availability,driver,오준원,오준원,DRV_022,,,333,,21,105,110,01:45,01:50,T,True
driver_availability,driver,오준원,오준원,DRV_022,,,333,,22,110,115,01:50,01:55,T,True
driver_availability,driver,오준원,오준원,DRV_022,,,333,,23,115,120,01:55,02:00,T,True
driver_availability,driver,오준원,오준원,DRV_022,,,333,,24,120,125,02:00,02:05,T,True
driver_availability,driver,오준원,오준원,DRV_022,,,333,,25,125,130,02:05,02:10,T,True
driver_availability,driver,오준원,오준원,DRV_022,,,333,,26,130,135,02:10,02:15,T,True
driver_availability,driver,오준원,오준원,DRV_022,,,333,,27,135,140,02:15,02:20,T,True
driver_availability,driver,오준원,오준원,DRV_022,,,333,,28,140,145,02:20,02:25,T,True
driver_availability,driver,오준원,오준원,DRV_022,,,333,,29,145,150,02:25,02:30,T,True
driver_availability,driver,오준원,오준원,DRV_022,,,333,,30,150,155,02:30,02:35,T,True
driver_availability,driver,오준원,오준원,DRV_022,,,333,,31,155,160,02:35,02:40,T,True
driver_availability,driver,오준원,오준원,DRV_022,,,333,,32,160,165,02:40,02:45,T,True
driver_availability,driver,오준원,오준원,DRV_022,,,333,,33,165,170,02:45,02:50,T,True
driver_availability,driver,오준원,오준원,DRV_022,,,333,,34,170,175,02:50,02:55,T,True
driver_availability,driver,오준원,오준원,DRV_022,,,333,,35,175,180,02:55,03:00,T,True
driver_availability,driver,오준원,오준원,DRV_022,,,333,,36,180,185,03:00,03:05,T,True
driver_availability,driver,오준원,오준원,DRV_022,,,333,,37,185,190,03:05,03:10,T,True
driver_availability,driver,오준원,오준원,DRV_022,,,333,,38,190,195,03:10,03:15,T,True
driver_availability,driver,오준원,오준원,DRV_022,,,333,,39,195,200,03:15,03:20,T,True
driver_availability,driver,오준원,오준원,DRV_022,,,333,,40,200,205,03:20,03:25,T,True
driver_availability,driver,오준원,오준원,DRV_022,,,333,,41,205,210,03:25,03:30,T,True
driver_availability,driver,오준원,오준원,DRV_022,,,333,,42,210,215,03:30,03:35,T,True
driver_availability,driver,오준원,오준원,DRV_022,,,333,,43,215,220,03:35,03:40,T,True
driver_availability,driver,오준원,오준원,DRV_022,,,333,,44,220,225,03:40,03:45,T,True
driver_availability,driver,오준원,오준원,DRV_022,,,333,,45,225,230,03:45,03:50,T,True
driver_availability,driver,오준원,오준원,DRV_022,,,333,,46,230,235,03:50,03:55,T,True
driver_availability,driver,오준원,오준원,DRV_022,,,333,,47,235,240,03:55,04:00,T,True
driver_availability,driver,오준원,오준원,DRV_022,,,333,,48,240,245,04:00,04:05,T,True
driver_availability,driver,오준원,오준원,DRV_022,,,333,,49,245,250,04:05,04:10,T,True
driver_availability,driver,오준원,오준원,DRV_022,,,333,,50,250,255,04:10,04:15,T,True
driver_availability,driver,오준원,오준원,DRV_022,,,333,,51,255,260,04:15,04:20,T,True
driver_availability,driver,오준원,오준원,DRV_022,,,333,,52,260,265,04:20,04:25,T,True
driver_availability,driver,오준원,오준원,DRV_022,,,333,,53,265,270,04:25,04:30,T,True
driver_availability,driver,오준원,오준원,DRV_022,,,333,,54,270,275,04:30,04:35,T,True
driver_availability,driver,오준원,오준원,DRV_022,,,333,,55,275,280,04:35,04:40,T,True
driver_availability,driver,오준원,오준원,DRV_022,,,333,,56,280,285,04:40,04:45,T,True
driver_availability,driver,오준원,오준원,DRV_022,,,333,,57,285,290,04:45,04:50,T,True
driver_availability,driver,오준원,오준원,DRV_022,,,333,,58,290,295,04:50,04:55,T,True
driver_availability,driver,오준원,오준원,DRV_022,,,333,,59,295,300,04:55,05:00,T,True
driver_availability,driver,오준원,오준원,DRV_022,,,333,,60,300,305,05:00,05:05,T,True
driver_availability,driver,오준원,오준원,DRV_022,,,333,,61,305,310,05:05,05:10,T,True
driver_availability,driver,오준원,오준원,DRV_022,,,333,,62,310,315,05:10,05:15,T,True
driver_availability,driver,오준원,오준원,DRV_022,,,333,,63,315,320,05:15,05:20,T,True
driver_availability,driver,오준원,오준원,DRV_022,,,333,,64,320,325,05:20,05:25,T,True
driver_availability,driver,오준원,오준원,DRV_022,,,333,,65,325,330,05:25,05:30,T,True
driver_availability,driver,오준원,오준원,DRV_022,,,333,,66,330,335,05:30,05:35,T,True
driver_availability,driver,오준원,오준원,DRV_022,,,333,,67,335,340,05:35,05:40,T,True
driver_availability,driver,오준원,오준원,DRV_022,,,333,,68,340,345,05:40,05:45,T,True
driver_availability,driver,오준원,오준원,DRV_022,,,333,,69,345,350,05:45,05:50,T,True
driver_availability,driver,오준원,오준원,DRV_022,,,333,,70,350,355,05:50,05:55,T,True
driver_availability,driver,오준원,오준원,DRV_022,,,333,,71,355,360,05:55,06:00,T,True
driver_availability,driver,오준원,오준원,DRV_022,,,333,,72,360,365,06:00,06:05,T,True
driver_availability,driver,오준원,오준원,DRV_022,,,333,,73,365,370,06:05,06:10,T,True
driver_availability,driver,오준원,오준원,DRV_022,,,333,,74,370,375,06:10,06:15,T,True
driver_availability,driver,오준원,오준원,DRV_022,,,333,,75,375,380,06:15,06:20,T,True
driver_availability,driver,오준원,오준원,DRV_022,,,333,,76,380,385,06:20,06:25,T,True
driver_availability,driver,오준원,오준원,DRV_022,,,333,,77,385,390,06:25,06:30,T,True
driver_availability,driver,오준원,오준원,DRV_022,,,333,,78,390,395,06:30,06:35,T,True
driver_availability,driver,오준원,오준원,DRV_022,,,333,,79,395,400,06:35,06:40,T,True
driver_availability,driver,오준원,오준원,DRV_022,,,333,,80,400,405,06:40,06:45,T,True
driver_availability,driver,오준원,오준원,DRV_022,,,333,,81,405,410,06:45,06:50,T,True
driver_availability,driver,오준원,오준원,DRV_022,,,333,,82,410,415,06:50,06:55,T,True
driver_availability,driver,오준원,오준원,DRV_022,,,333,,83,415,420,06:55,07:00,T,True
driver_availability,driver,오준원,오준원,DRV_022,,,333,,84,420,425,07:00,07:05,T,True
driver_availability,driver,오준원,오준원,DRV_022,,,333,,85,425,430,07:05,07:10,T,True
driver_availability,driver,오준원,오준원,DRV_022,,,333,,86,430,435,07:10,07:15,T,True
driver_availability,driver,오준원,오준원,DRV_022,,,333,,87,435,440,07:15,07:20,T,True
driver_availability,driver,오준원,오준원,DRV_022,,,333,,88,440,445,07:20,07:25,T,True
driver_availability,driver,오준원,오준원,DRV_022,,,333,,89,445,450,07:25,07:30,T,True
driver_availability,driver,오준원,오준원,DRV_022,,,333,,90,450,455,07:30,07:35,T,True
driver_availability,driver,오준원,오준원,DRV_022,,,333,,91,455,460,07:35,07:40,T,True
driver_availability,driver,오준원,오준원,DRV_022,,,333,,92,460,465,07:40,07:45,T,True
driver_availability,driver,오준원,오준원,DRV_022,,,333,,93,465,470,07:45,07:50,T,True
driver_availability,driver,오준원,오준원,DRV_022,,,333,,94,470,475,07:50,07:55,T,True
driver_availability,driver,오준원,오준원,DRV_022,,,333,,95,475,480,07:55,08:00,T,True
driver_availability,driver,오준원,오준원,DRV_022,,,333,,96,480,485,08:00,08:05,F,False
driver_availability,driver,오준원,오준원,DRV_022,,,333,,97,485,490,08:05,08:10,F,False
driver_availability,driver,오준원,오준원,DRV_022,,,333,,98,490,495,08:10,08:15,F,False
driver_availability,driver,오준원,오준원,DRV_022,,,333,,99,495,500,08:15,08:20,F,False
driver_availability,driver,오준원,오준원,DRV_022,,,333,,100,500,505,08:20,08:25,F,False
driver_availability,driver,오준원,오준원,DRV_022,,,333,,101,505,510,08:25,08:30,F,False
driver_availability,driver,오준원,오준원,DRV_022,,,333,,102,510,515,08:30,08:35,F,False
driver_availability,driver,오준원,오준원,DRV_022,,,333,,103,515,520,08:35,08:40,F,False
driver_availability,driver,오준원,오준원,DRV_022,,,333,,104,520,525,08:40,08:45,F,False
driver_availability,driver,오준원,오준원,DRV_022,,,333,,105,525,530,08:45,08:50,F,False
driver_availability,driver,오준원,오준원,DRV_022,,,333,,106,530,535,08:50,08:55,F,False
driver_availability,driver,오준원,오준원,DRV_022,,,333,,107,535,540,08:55,09:00,F,False
driver_availability,driver,오준원,오준원,DRV_022,,,333,,108,540,545,09:00,09:05,F,False
driver_availability,driver,오준원,오준원,DRV_022,,,333,,109,545,550,09:05,09:10,F,False
driver_availability,driver,오준원,오준원,DRV_022,,,333,,110,550,555,09:10,09:15,F,False
driver_availability,driver,오준원,오준원,DRV_022,,,333,,111,555,560,09:15,09:20,F,False
driver_availability,driver,오준원,오준원,DRV_022,,,333,,112,560,565,09:20,09:25,F,False
driver_availability,driver,오준원,오준원,DRV_022,,,333,,113,565,570,09:25,09:30,F,False
driver_availability,driver,오준원,오준원,DRV_022,,,333,,114,570,575,09:30,09:35,F,False
driver_availability,driver,오준원,오준원,DRV_022,,,333,,115,575,580,09:35,09:40,F,False
driver_availability,driver,오준원,오준원,DRV_022,,,333,,116,580,585,09:40,09:45,F,False
driver_availability,driver,오준원,오준원,DRV_022,,,333,,117,585,590,09:45,09:50,F,False
driver_availability,driver,오준원,오준원,DRV_022,,,333,,118,590,595,09:50,09:55,F,False
driver_availability,driver,오준원,오준원,DRV_022,,,333,,119,595,600,09:55,10:00,F,False
driver_availability,driver,오준원,오준원,DRV_022,,,333,,120,600,605,10:00,10:05,F,False
driver_availability,driver,오준원,오준원,DRV_022,,,333,,121,605,610,10:05,10:10,F,False
driver_availability,driver,오준원,오준원,DRV_022,,,333,,122,610,615,10:10,10:15,F,False
driver_availability,driver,오준원,오준원,DRV_022,,,333,,123,615,620,10:15,10:20,F,False
driver_availability,driver,오준원,오준원,DRV_022,,,333,,124,620,625,10:20,10:25,F,False
driver_availability,driver,오준원,오준원,DRV_022,,,333,,125,625,630,10:25,10:30,F,False
driver_availability,driver,오준원,오준원,DRV_022,,,333,,126,630,635,10:30,10:35,F,False
driver_availability,driver,오준원,오준원,DRV_022,,,333,,127,635,640,10:35,10:40,F,False
driver_availability,driver,오준원,오준원,DRV_022,,,333,,128,640,645,10:40,10:45,F,False
driver_availability,driver,오준원,오준원,DRV_022,,,333,,129,645,650,10:45,10:50,F,False
driver_availability,driver,오준원,오준원,DRV_022,,,333,,130,650,655,10:50,10:55,F,False
driver_availability,driver,오준원,오준원,DRV_022,,,333,,131,655,660,10:55,11:00,F,False
driver_availability,driver,오준원,오준원,DRV_022,,,333,,132,660,665,11:00,11:05,F,False
driver_availability,driver,오준원,오준원,DRV_022,,,333,,133,665,670,11:05,11:10,F,False
driver_availability,driver,오준원,오준원,DRV_022,,,333,,134,670,675,11:10,11:15,F,False
driver_availability,driver,오준원,오준원,DRV_022,,,333,,135,675,680,11:15,11:20,F,False
driver_availability,driver,오준원,오준원,DRV_022,,,333,,136,680,685,11:20,11:25,F,False
driver_availability,driver,오준원,오준원,DRV_022,,,333,,137,685,690,11:25,11:30,F,False
driver_availability,driver,오준원,오준원,DRV_022,,,333,,138,690,695,11:30,11:35,F,False
driver_availability,driver,오준원,오준원,DRV_022,,,333,,139,695,700,11:35,11:40,F,False
driver_availability,driver,오준원,오준원,DRV_022,,,333,,140,700,705,11:40,11:45,F,False
driver_availability,driver,오준원,오준원,DRV_022,,,333,,141,705,710,11:45,11:50,F,False
driver_availability,driver,오준원,오준원,DRV_022,,,333,,142,710,715,11:50,11:55,F,False
driver_availability,driver,오준원,오준원,DRV_022,,,333,,143,715,720,11:55,12:00,F,False
driver_availability,driver,오준원,오준원,DRV_022,,,333,,144,720,725,12:00,12:05,F,False
driver_availability,driver,오준원,오준원,DRV_022,,,333,,145,725,730,12:05,12:10,F,False
driver_availability,driver,오준원,오준원,DRV_022,,,333,,146,730,735,12:10,12:15,F,False
driver_availability,driver,오준원,오준원,DRV_022,,,333,,147,735,740,12:15,12:20,F,False
driver_availability,driver,오준원,오준원,DRV_022,,,333,,148,740,745,12:20,12:25,F,False
driver_availability,driver,오준원,오준원,DRV_022,,,333,,149,745,750,12:25,12:30,F,False
driver_availability,driver,오준원,오준원,DRV_022,,,333,,150,750,755,12:30,12:35,F,False
driver_availability,driver,오준원,오준원,DRV_022,,,333,,151,755,760,12:35,12:40,F,False
driver_availability,driver,오준원,오준원,DRV_022,,,333,,152,760,765,12:40,12:45,F,False
driver_availability,driver,오준원,오준원,DRV_022,,,333,,153,765,770,12:45,12:50,F,False
driver_availability,driver,오준원,오준원,DRV_022,,,333,,154,770,775,12:50,12:55,F,False
driver_availability,driver,오준원,오준원,DRV_022,,,333,,155,775,780,12:55,13:00,F,False
driver_availability,driver,오준원,오준원,DRV_022,,,333,,156,780,785,13:00,13:05,F,False
driver_availability,driver,오준원,오준원,DRV_022,,,333,,157,785,790,13:05,13:10,F,False
driver_availability,driver,오준원,오준원,DRV_022,,,333,,158,790,795,13:10,13:15,F,False
driver_availability,driver,오준원,오준원,DRV_022,,,333,,159,795,800,13:15,13:20,F,False
driver_availability,driver,오준원,오준원,DRV_022,,,333,,160,800,805,13:20,13:25,F,False
driver_availability,driver,오준원,오준원,DRV_022,,,333,,161,805,810,13:25,13:30,F,False
driver_availability,driver,오준원,오준원,DRV_022,,,333,,162,810,815,13:30,13:35,F,False
driver_availability,driver,오준원,오준원,DRV_022,,,333,,163,815,820,13:35,13:40,F,False
driver_availability,driver,오준원,오준원,DRV_022,,,333,,164,820,825,13:40,13:45,F,False
driver_availability,driver,오준원,오준원,DRV_022,,,333,,165,825,830,13:45,13:50,F,False
driver_availability,driver,오준원,오준원,DRV_022,,,333,,166,830,835,13:50,13:55,F,False
driver_availability,driver,오준원,오준원,DRV_022,,,333,,167,835,840,13:55,14:00,F,False
driver_availability,driver,오준원,오준원,DRV_022,,,333,,168,840,845,14:00,14:05,F,False
driver_availability,driver,오준원,오준원,DRV_022,,,333,,169,845,850,14:05,14:10,F,False
driver_availability,driver,오준원,오준원,DRV_022,,,333,,170,850,855,14:10,14:15,F,False
driver_availability,driver,오준원,오준원,DRV_022,,,333,,171,855,860,14:15,14:20,F,False
driver_availability,driver,오준원,오준원,DRV_022,,,333,,172,860,865,14:20,14:25,F,False
driver_availability,driver,오준원,오준원,DRV_022,,,333,,173,865,870,14:25,14:30,F,False
driver_availability,driver,오준원,오준원,DRV_022,,,333,,174,870,875,14:30,14:35,F,False
driver_availability,driver,오준원,오준원,DRV_022,,,333,,175,875,880,14:35,14:40,F,False
driver_availability,driver,오준원,오준원,DRV_022,,,333,,176,880,885,14:40,14:45,F,False
driver_availability,driver,오준원,오준원,DRV_022,,,333,,177,885,890,14:45,14:50,F,False
driver_availability,driver,오준원,오준원,DRV_022,,,333,,178,890,895,14:50,14:55,F,False
driver_availability,driver,오준원,오준원,DRV_022,,,333,,179,895,900,14:55,15:00,F,False
driver_availability,driver,오준원,오준원,DRV_022,,,333,,180,900,905,15:00,15:05,F,False
driver_availability,driver,오준원,오준원,DRV_022,,,333,,181,905,910,15:05,15:10,F,False
driver_availability,driver,오준원,오준원,DRV_022,,,333,,182,910,915,15:10,15:15,F,False
driver_availability,driver,오준원,오준원,DRV_022,,,333,,183,915,920,15:15,15:20,F,False
driver_availability,driver,오준원,오준원,DRV_022,,,333,,184,920,925,15:20,15:25,F,False
driver_availability,driver,오준원,오준원,DRV_022,,,333,,185,925,930,15:25,15:30,F,False
driver_availability,driver,오준원,오준원,DRV_022,,,333,,186,930,935,15:30,15:35,F,False
driver_availability,driver,오준원,오준원,DRV_022,,,333,,187,935,940,15:35,15:40,F,False
driver_availability,driver,오준원,오준원,DRV_022,,,333,,188,940,945,15:40,15:45,F,False
driver_availability,driver,오준원,오준원,DRV_022,,,333,,189,945,950,15:45,15:50,F,False
driver_availability,driver,오준원,오준원,DRV_022,,,333,,190,950,955,15:50,15:55,F,False
driver_availability,driver,오준원,오준원,DRV_022,,,333,,191,955,960,15:55,16:00,F,False
driver_availability,driver,오준원,오준원,DRV_022,,,333,,192,960,965,16:00,16:05,F,False
driver_availability,driver,오준원,오준원,DRV_022,,,333,,193,965,970,16:05,16:10,F,False
driver_availability,driver,오준원,오준원,DRV_022,,,333,,194,970,975,16:10,16:15,F,False
driver_availability,driver,오준원,오준원,DRV_022,,,333,,195,975,980,16:15,16:20,F,False
driver_availability,driver,오준원,오준원,DRV_022,,,333,,196,980,985,16:20,16:25,F,False
driver_availability,driver,오준원,오준원,DRV_022,,,333,,197,985,990,16:25,16:30,F,False
driver_availability,driver,오준원,오준원,DRV_022,,,333,,198,990,995,16:30,16:35,F,False
driver_availability,driver,오준원,오준원,DRV_022,,,333,,199,995,1000,16:35,16:40,F,False
driver_availability,driver,오준원,오준원,DRV_022,,,333,,200,1000,1005,16:40,16:45,F,False
driver_availability,driver,오준원,오준원,DRV_022,,,333,,201,1005,1010,16:45,16:50,F,False
driver_availability,driver,오준원,오준원,DRV_022,,,333,,202,1010,1015,16:50,16:55,F,False
driver_availability,driver,오준원,오준원,DRV_022,,,333,,203,1015,1020,16:55,17:00,F,False
driver_availability,driver,오준원,오준원,DRV_022,,,333,,204,1020,1025,17:00,17:05,T,True
driver_availability,driver,오준원,오준원,DRV_022,,,333,,205,1025,1030,17:05,17:10,T,True
driver_availability,driver,오준원,오준원,DRV_022,,,333,,206,1030,1035,17:10,17:15,T,True
driver_availability,driver,오준원,오준원,DRV_022,,,333,,207,1035,1040,17:15,17:20,T,True
driver_availability,driver,오준원,오준원,DRV_022,,,333,,208,1040,1045,17:20,17:25,T,True
driver_availability,driver,오준원,오준원,DRV_022,,,333,,209,1045,1050,17:25,17:30,T,True
driver_availability,driver,오준원,오준원,DRV_022,,,333,,210,1050,1055,17:30,17:35,T,True
driver_availability,driver,오준원,오준원,DRV_022,,,333,,211,1055,1060,17:35,17:40,T,True
driver_availability,driver,오준원,오준원,DRV_022,,,333,,212,1060,1065,17:40,17:45,T,True
driver_availability,driver,오준원,오준원,DRV_022,,,333,,213,1065,1070,17:45,17:50,T,True
driver_availability,driver,오준원,오준원,DRV_022,,,333,,214,1070,1075,17:50,17:55,T,True
driver_availability,driver,오준원,오준원,DRV_022,,,333,,215,1075,1080,17:55,18:00,T,True
driver_availability,driver,오준원,오준원,DRV_022,,,333,,216,1080,1085,18:00,18:05,T,True
driver_availability,driver,오준원,오준원,DRV_022,,,333,,217,1085,1090,18:05,18:10,T,True
driver_availability,driver,오준원,오준원,DRV_022,,,333,,218,1090,1095,18:10,18:15,T,True
driver_availability,driver,오준원,오준원,DRV_022,,,333,,219,1095,1100,18:15,18:20,T,True
driver_availability,driver,오준원,오준원,DRV_022,,,333,,220,1100,1105,18:20,18:25,T,True
driver_availability,driver,오준원,오준원,DRV_022,,,333,,221,1105,1110,18:25,18:30,T,True
driver_availability,driver,오준원,오준원,DRV_022,,,333,,222,1110,1115,18:30,18:35,T,True
driver_availability,driver,오준원,오준원,DRV_022,,,333,,223,1115,1120,18:35,18:40,T,True
driver_availability,driver,오준원,오준원,DRV_022,,,333,,224,1120,1125,18:40,18:45,T,True
driver_availability,driver,오준원,오준원,DRV_022,,,333,,225,1125,1130,18:45,18:50,T,True
driver_availability,driver,오준원,오준원,DRV_022,,,333,,226,1130,1135,18:50,18:55,T,True
driver_availability,driver,오준원,오준원,DRV_022,,,333,,227,1135,1140,18:55,19:00,T,True
driver_availability,driver,오준원,오준원,DRV_022,,,333,,228,1140,1145,19:00,19:05,T,True
driver_availability,driver,오준원,오준원,DRV_022,,,333,,229,1145,1150,19:05,19:10,T,True
driver_availability,driver,오준원,오준원,DRV_022,,,333,,230,1150,1155,19:10,19:15,T,True
driver_availability,driver,오준원,오준원,DRV_022,,,333,,231,1155,1160,19:15,19:20,T,True
driver_availability,driver,오준원,오준원,DRV_022,,,333,,232,1160,1165,19:20,19:25,T,True
driver_availability,driver,오준원,오준원,DRV_022,,,333,,233,1165,1170,19:25,19:30,T,True
driver_availability,driver,오준원,오준원,DRV_022,,,333,,234,1170,1175,19:30,19:35,T,True
driver_availability,driver,오준원,오준원,DRV_022,,,333,,235,1175,1180,19:35,19:40,T,True
driver_availability,driver,오준원,오준원,DRV_022,,,333,,236,1180,1185,19:40,19:45,T,True
driver_availability,driver,오준원,오준원,DRV_022,,,333,,237,1185,1190,19:45,19:50,T,True
driver_availability,driver,오준원,오준원,DRV_022,,,333,,238,1190,1195,19:50,19:55,T,True
driver_availability,driver,오준원,오준원,DRV_022,,,333,,239,1195,1200,19:55,20:00,T,True
driver_availability,driver,오준원,오준원,DRV_022,,,333,,240,1200,1205,20:00,20:05,T,True
driver_availability,driver,오준원,오준원,DRV_022,,,333,,241,1205,1210,20:05,20:10,T,True
driver_availability,driver,오준원,오준원,DRV_022,,,333,,242,1210,1215,20:10,20:15,T,True
driver_availability,driver,오준원,오준원,DRV_022,,,333,,243,1215,1220,20:15,20:20,T,True
driver_availability,driver,오준원,오준원,DRV_022,,,333,,244,1220,1225,20:20,20:25,T,True
driver_availability,driver,오준원,오준원,DRV_022,,,333,,245,1225,1230,20:25,20:30,T,True
driver_availability,driver,오준원,오준원,DRV_022,,,333,,246,1230,1235,20:30,20:35,T,True
driver_availability,driver,오준원,오준원,DRV_022,,,333,,247,1235,1240,20:35,20:40,T,True
driver_availability,driver,오준원,오준원,DRV_022,,,333,,248,1240,1245,20:40,20:45,T,True
driver_availability,driver,오준원,오준원,DRV_022,,,333,,249,1245,1250,20:45,20:50,T,True
driver_availability,driver,오준원,오준원,DRV_022,,,333,,250,1250,1255,20:50,20:55,T,True
driver_availability,driver,오준원,오준원,DRV_022,,,333,,251,1255,1260,20:55,21:00,T,True
driver_availability,driver,오준원,오준원,DRV_022,,,333,,252,1260,1265,21:00,21:05,T,True
driver_availability,driver,오준원,오준원,DRV_022,,,333,,253,1265,1270,21:05,21:10,T,True
driver_availability,driver,오준원,오준원,DRV_022,,,333,,254,1270,1275,21:10,21:15,T,True
driver_availability,driver,오준원,오준원,DRV_022,,,333,,255,1275,1280,21:15,21:20,T,True
driver_availability,driver,오준원,오준원,DRV_022,,,333,,256,1280,1285,21:20,21:25,T,True
driver_availability,driver,오준원,오준원,DRV_022,,,333,,257,1285,1290,21:25,21:30,T,True
driver_availability,driver,오준원,오준원,DRV_022,,,333,,258,1290,1295,21:30,21:35,T,True
driver_availability,driver,오준원,오준원,DRV_022,,,333,,259,1295,1300,21:35,21:40,T,True
driver_availability,driver,오준원,오준원,DRV_022,,,333,,260,1300,1305,21:40,21:45,T,True
driver_availability,driver,오준원,오준원,DRV_022,,,333,,261,1305,1310,21:45,21:50,T,True
driver_availability,driver,오준원,오준원,DRV_022,,,333,,262,1310,1315,21:50,21:55,T,True
driver_availability,driver,오준원,오준원,DRV_022,,,333,,263,1315,1320,21:55,22:00,T,True
driver_availability,driver,오준원,오준원,DRV_022,,,333,,264,1320,1325,22:00,22:05,T,True
driver_availability,driver,오준원,오준원,DRV_022,,,333,,265,1325,1330,22:05,22:10,T,True
driver_availability,driver,오준원,오준원,DRV_022,,,333,,266,1330,1335,22:10,22:15,T,True
driver_availability,driver,오준원,오준원,DRV_022,,,333,,267,1335,1340,22:15,22:20,T,True
driver_availability,driver,오준원,오준원,DRV_022,,,333,,268,1340,1345,22:20,22:25,T,True
driver_availability,driver,오준원,오준원,DRV_022,,,333,,269,1345,1350,22:25,22:30,T,True
driver_availability,driver,오준원,오준원,DRV_022,,,333,,270,1350,1355,22:30,22:35,T,True
driver_availability,driver,오준원,오준원,DRV_022,,,333,,271,1355,1360,22:35,22:40,T,True
driver_availability,driver,오준원,오준원,DRV_022,,,333,,272,1360,1365,22:40,22:45,T,True
driver_availability,driver,오준원,오준원,DRV_022,,,333,,273,1365,1370,22:45,22:50,T,True
driver_availability,driver,오준원,오준원,DRV_022,,,333,,274,1370,1375,22:50,22:55,T,True
driver_availability,driver,오준원,오준원,DRV_022,,,333,,275,1375,1380,22:55,23:00,T,True
driver_availability,driver,오준원,오준원,DRV_022,,,333,,276,1380,1385,23:00,23:05,T,True
driver_availability,driver,오준원,오준원,DRV_022,,,333,,277,1385,1390,23:05,23:10,T,True
driver_availability,driver,오준원,오준원,DRV_022,,,333,,278,1390,1395,23:10,23:15,T,True
driver_availability,driver,오준원,오준원,DRV_022,,,333,,279,1395,1400,23:15,23:20,T,True
driver_availability,driver,오준원,오준원,DRV_022,,,333,,280,1400,1405,23:20,23:25,T,True
driver_availability,driver,오준원,오준원,DRV_022,,,333,,281,1405,1410,23:25,23:30,T,True
driver_availability,driver,오준원,오준원,DRV_022,,,333,,282,1410,1415,23:30,23:35,T,True
driver_availability,driver,오준원,오준원,DRV_022,,,333,,283,1415,1420,23:35,23:40,T,True
driver_availability,driver,오준원,오준원,DRV_022,,,333,,284,1420,1425,23:40,23:45,T,True
driver_availability,driver,오준원,오준원,DRV_022,,,333,,285,1425,1430,23:45,23:50,T,True
driver_availability,driver,오준원,오준원,DRV_022,,,333,,286,1430,1435,23:50,23:55,T,True
driver_availability,driver,오준원,오준원,DRV_022,,,333,,287,1435,1440,23:55,24:00,T,True
driver_availability,driver,정수지,정수지,DRV_023,,,333,,0,0,5,00:00,00:05,T,True
driver_availability,driver,정수지,정수지,DRV_023,,,333,,1,5,10,00:05,00:10,T,True
driver_availability,driver,정수지,정수지,DRV_023,,,333,,2,10,15,00:10,00:15,T,True
driver_availability,driver,정수지,정수지,DRV_023,,,333,,3,15,20,00:15,00:20,T,True
driver_availability,driver,정수지,정수지,DRV_023,,,333,,4,20,25,00:20,00:25,T,True
driver_availability,driver,정수지,정수지,DRV_023,,,333,,5,25,30,00:25,00:30,T,True
driver_availability,driver,정수지,정수지,DRV_023,,,333,,6,30,35,00:30,00:35,T,True
driver_availability,driver,정수지,정수지,DRV_023,,,333,,7,35,40,00:35,00:40,T,True
driver_availability,driver,정수지,정수지,DRV_023,,,333,,8,40,45,00:40,00:45,T,True
driver_availability,driver,정수지,정수지,DRV_023,,,333,,9,45,50,00:45,00:50,T,True
driver_availability,driver,정수지,정수지,DRV_023,,,333,,10,50,55,00:50,00:55,T,True
driver_availability,driver,정수지,정수지,DRV_023,,,333,,11,55,60,00:55,01:00,T,True
driver_availability,driver,정수지,정수지,DRV_023,,,333,,12,60,65,01:00,01:05,T,True
driver_availability,driver,정수지,정수지,DRV_023,,,333,,13,65,70,01:05,01:10,T,True
driver_availability,driver,정수지,정수지,DRV_023,,,333,,14,70,75,01:10,01:15,T,True
driver_availability,driver,정수지,정수지,DRV_023,,,333,,15,75,80,01:15,01:20,T,True
driver_availability,driver,정수지,정수지,DRV_023,,,333,,16,80,85,01:20,01:25,T,True
driver_availability,driver,정수지,정수지,DRV_023,,,333,,17,85,90,01:25,01:30,T,True
driver_availability,driver,정수지,정수지,DRV_023,,,333,,18,90,95,01:30,01:35,T,True
driver_availability,driver,정수지,정수지,DRV_023,,,333,,19,95,100,01:35,01:40,T,True
driver_availability,driver,정수지,정수지,DRV_023,,,333,,20,100,105,01:40,01:45,T,True
driver_availability,driver,정수지,정수지,DRV_023,,,333,,21,105,110,01:45,01:50,T,True
driver_availability,driver,정수지,정수지,DRV_023,,,333,,22,110,115,01:50,01:55,T,True
driver_availability,driver,정수지,정수지,DRV_023,,,333,,23,115,120,01:55,02:00,T,True
driver_availability,driver,정수지,정수지,DRV_023,,,333,,24,120,125,02:00,02:05,T,True
driver_availability,driver,정수지,정수지,DRV_023,,,333,,25,125,130,02:05,02:10,T,True
driver_availability,driver,정수지,정수지,DRV_023,,,333,,26,130,135,02:10,02:15,T,True
driver_availability,driver,정수지,정수지,DRV_023,,,333,,27,135,140,02:15,02:20,T,True
driver_availability,driver,정수지,정수지,DRV_023,,,333,,28,140,145,02:20,02:25,T,True
driver_availability,driver,정수지,정수지,DRV_023,,,333,,29,145,150,02:25,02:30,T,True
driver_availability,driver,정수지,정수지,DRV_023,,,333,,30,150,155,02:30,02:35,T,True
driver_availability,driver,정수지,정수지,DRV_023,,,333,,31,155,160,02:35,02:40,T,True
driver_availability,driver,정수지,정수지,DRV_023,,,333,,32,160,165,02:40,02:45,T,True
driver_availability,driver,정수지,정수지,DRV_023,,,333,,33,165,170,02:45,02:50,T,True
driver_availability,driver,정수지,정수지,DRV_023,,,333,,34,170,175,02:50,02:55,T,True
driver_availability,driver,정수지,정수지,DRV_023,,,333,,35,175,180,02:55,03:00,T,True
driver_availability,driver,정수지,정수지,DRV_023,,,333,,36,180,185,03:00,03:05,T,True
driver_availability,driver,정수지,정수지,DRV_023,,,333,,37,185,190,03:05,03:10,T,True
driver_availability,driver,정수지,정수지,DRV_023,,,333,,38,190,195,03:10,03:15,T,True
driver_availability,driver,정수지,정수지,DRV_023,,,333,,39,195,200,03:15,03:20,T,True
driver_availability,driver,정수지,정수지,DRV_023,,,333,,40,200,205,03:20,03:25,T,True
driver_availability,driver,정수지,정수지,DRV_023,,,333,,41,205,210,03:25,03:30,T,True
driver_availability,driver,정수지,정수지,DRV_023,,,333,,42,210,215,03:30,03:35,T,True
driver_availability,driver,정수지,정수지,DRV_023,,,333,,43,215,220,03:35,03:40,T,True
driver_availability,driver,정수지,정수지,DRV_023,,,333,,44,220,225,03:40,03:45,T,True
driver_availability,driver,정수지,정수지,DRV_023,,,333,,45,225,230,03:45,03:50,T,True
driver_availability,driver,정수지,정수지,DRV_023,,,333,,46,230,235,03:50,03:55,T,True
driver_availability,driver,정수지,정수지,DRV_023,,,333,,47,235,240,03:55,04:00,T,True
driver_availability,driver,정수지,정수지,DRV_023,,,333,,48,240,245,04:00,04:05,T,True
driver_availability,driver,정수지,정수지,DRV_023,,,333,,49,245,250,04:05,04:10,T,True
driver_availability,driver,정수지,정수지,DRV_023,,,333,,50,250,255,04:10,04:15,T,True
driver_availability,driver,정수지,정수지,DRV_023,,,333,,51,255,260,04:15,04:20,T,True
driver_availability,driver,정수지,정수지,DRV_023,,,333,,52,260,265,04:20,04:25,T,True
driver_availability,driver,정수지,정수지,DRV_023,,,333,,53,265,270,04:25,04:30,T,True
driver_availability,driver,정수지,정수지,DRV_023,,,333,,54,270,275,04:30,04:35,T,True
driver_availability,driver,정수지,정수지,DRV_023,,,333,,55,275,280,04:35,04:40,T,True
driver_availability,driver,정수지,정수지,DRV_023,,,333,,56,280,285,04:40,04:45,T,True
driver_availability,driver,정수지,정수지,DRV_023,,,333,,57,285,290,04:45,04:50,T,True
driver_availability,driver,정수지,정수지,DRV_023,,,333,,58,290,295,04:50,04:55,T,True
driver_availability,driver,정수지,정수지,DRV_023,,,333,,59,295,300,04:55,05:00,T,True
driver_availability,driver,정수지,정수지,DRV_023,,,333,,60,300,305,05:00,05:05,T,True
driver_availability,driver,정수지,정수지,DRV_023,,,333,,61,305,310,05:05,05:10,T,True
driver_availability,driver,정수지,정수지,DRV_023,,,333,,62,310,315,05:10,05:15,T,True
driver_availability,driver,정수지,정수지,DRV_023,,,333,,63,315,320,05:15,05:20,T,True
driver_availability,driver,정수지,정수지,DRV_023,,,333,,64,320,325,05:20,05:25,T,True
driver_availability,driver,정수지,정수지,DRV_023,,,333,,65,325,330,05:25,05:30,T,True
driver_availability,driver,정수지,정수지,DRV_023,,,333,,66,330,335,05:30,05:35,T,True
driver_availability,driver,정수지,정수지,DRV_023,,,333,,67,335,340,05:35,05:40,T,True
driver_availability,driver,정수지,정수지,DRV_023,,,333,,68,340,345,05:40,05:45,T,True
driver_availability,driver,정수지,정수지,DRV_023,,,333,,69,345,350,05:45,05:50,T,True
driver_availability,driver,정수지,정수지,DRV_023,,,333,,70,350,355,05:50,05:55,T,True
driver_availability,driver,정수지,정수지,DRV_023,,,333,,71,355,360,05:55,06:00,T,True
driver_availability,driver,정수지,정수지,DRV_023,,,333,,72,360,365,06:00,06:05,T,True
driver_availability,driver,정수지,정수지,DRV_023,,,333,,73,365,370,06:05,06:10,T,True
driver_availability,driver,정수지,정수지,DRV_023,,,333,,74,370,375,06:10,06:15,T,True
driver_availability,driver,정수지,정수지,DRV_023,,,333,,75,375,380,06:15,06:20,T,True
driver_availability,driver,정수지,정수지,DRV_023,,,333,,76,380,385,06:20,06:25,T,True
driver_availability,driver,정수지,정수지,DRV_023,,,333,,77,385,390,06:25,06:30,T,True
driver_availability,driver,정수지,정수지,DRV_023,,,333,,78,390,395,06:30,06:35,T,True
driver_availability,driver,정수지,정수지,DRV_023,,,333,,79,395,400,06:35,06:40,T,True
driver_availability,driver,정수지,정수지,DRV_023,,,333,,80,400,405,06:40,06:45,T,True
driver_availability,driver,정수지,정수지,DRV_023,,,333,,81,405,410,06:45,06:50,T,True
driver_availability,driver,정수지,정수지,DRV_023,,,333,,82,410,415,06:50,06:55,T,True
driver_availability,driver,정수지,정수지,DRV_023,,,333,,83,415,420,06:55,07:00,T,True
driver_availability,driver,정수지,정수지,DRV_023,,,333,,84,420,425,07:00,07:05,T,True
driver_availability,driver,정수지,정수지,DRV_023,,,333,,85,425,430,07:05,07:10,T,True
driver_availability,driver,정수지,정수지,DRV_023,,,333,,86,430,435,07:10,07:15,T,True
driver_availability,driver,정수지,정수지,DRV_023,,,333,,87,435,440,07:15,07:20,T,True
driver_availability,driver,정수지,정수지,DRV_023,,,333,,88,440,445,07:20,07:25,T,True
driver_availability,driver,정수지,정수지,DRV_023,,,333,,89,445,450,07:25,07:30,T,True
driver_availability,driver,정수지,정수지,DRV_023,,,333,,90,450,455,07:30,07:35,T,True
driver_availability,driver,정수지,정수지,DRV_023,,,333,,91,455,460,07:35,07:40,T,True
driver_availability,driver,정수지,정수지,DRV_023,,,333,,92,460,465,07:40,07:45,T,True
driver_availability,driver,정수지,정수지,DRV_023,,,333,,93,465,470,07:45,07:50,T,True
driver_availability,driver,정수지,정수지,DRV_023,,,333,,94,470,475,07:50,07:55,T,True
driver_availability,driver,정수지,정수지,DRV_023,,,333,,95,475,480,07:55,08:00,T,True
driver_availability,driver,정수지,정수지,DRV_023,,,333,,96,480,485,08:00,08:05,F,False
driver_availability,driver,정수지,정수지,DRV_023,,,333,,97,485,490,08:05,08:10,F,False
driver_availability,driver,정수지,정수지,DRV_023,,,333,,98,490,495,08:10,08:15,F,False
driver_availability,driver,정수지,정수지,DRV_023,,,333,,99,495,500,08:15,08:20,F,False
driver_availability,driver,정수지,정수지,DRV_023,,,333,,100,500,505,08:20,08:25,F,False
driver_availability,driver,정수지,정수지,DRV_023,,,333,,101,505,510,08:25,08:30,F,False
driver_availability,driver,정수지,정수지,DRV_023,,,333,,102,510,515,08:30,08:35,F,False
driver_availability,driver,정수지,정수지,DRV_023,,,333,,103,515,520,08:35,08:40,F,False
driver_availability,driver,정수지,정수지,DRV_023,,,333,,104,520,525,08:40,08:45,F,False
driver_availability,driver,정수지,정수지,DRV_023,,,333,,105,525,530,08:45,08:50,F,False
driver_availability,driver,정수지,정수지,DRV_023,,,333,,106,530,535,08:50,08:55,F,False
driver_availability,driver,정수지,정수지,DRV_023,,,333,,107,535,540,08:55,09:00,F,False
driver_availability,driver,정수지,정수지,DRV_023,,,333,,108,540,545,09:00,09:05,F,False
driver_availability,driver,정수지,정수지,DRV_023,,,333,,109,545,550,09:05,09:10,F,False
driver_availability,driver,정수지,정수지,DRV_023,,,333,,110,550,555,09:10,09:15,F,False
driver_availability,driver,정수지,정수지,DRV_023,,,333,,111,555,560,09:15,09:20,F,False
driver_availability,driver,정수지,정수지,DRV_023,,,333,,112,560,565,09:20,09:25,F,False
driver_availability,driver,정수지,정수지,DRV_023,,,333,,113,565,570,09:25,09:30,F,False
driver_availability,driver,정수지,정수지,DRV_023,,,333,,114,570,575,09:30,09:35,F,False
driver_availability,driver,정수지,정수지,DRV_023,,,333,,115,575,580,09:35,09:40,F,False
driver_availability,driver,정수지,정수지,DRV_023,,,333,,116,580,585,09:40,09:45,F,False
driver_availability,driver,정수지,정수지,DRV_023,,,333,,117,585,590,09:45,09:50,F,False
driver_availability,driver,정수지,정수지,DRV_023,,,333,,118,590,595,09:50,09:55,F,False
driver_availability,driver,정수지,정수지,DRV_023,,,333,,119,595,600,09:55,10:00,F,False
driver_availability,driver,정수지,정수지,DRV_023,,,333,,120,600,605,10:00,10:05,F,False
driver_availability,driver,정수지,정수지,DRV_023,,,333,,121,605,610,10:05,10:10,F,False
driver_availability,driver,정수지,정수지,DRV_023,,,333,,122,610,615,10:10,10:15,F,False
driver_availability,driver,정수지,정수지,DRV_023,,,333,,123,615,620,10:15,10:20,F,False
driver_availability,driver,정수지,정수지,DRV_023,,,333,,124,620,625,10:20,10:25,F,False
driver_availability,driver,정수지,정수지,DRV_023,,,333,,125,625,630,10:25,10:30,F,False
driver_availability,driver,정수지,정수지,DRV_023,,,333,,126,630,635,10:30,10:35,F,False
driver_availability,driver,정수지,정수지,DRV_023,,,333,,127,635,640,10:35,10:40,F,False
driver_availability,driver,정수지,정수지,DRV_023,,,333,,128,640,645,10:40,10:45,F,False
driver_availability,driver,정수지,정수지,DRV_023,,,333,,129,645,650,10:45,10:50,F,False
driver_availability,driver,정수지,정수지,DRV_023,,,333,,130,650,655,10:50,10:55,F,False
driver_availability,driver,정수지,정수지,DRV_023,,,333,,131,655,660,10:55,11:00,F,False
driver_availability,driver,정수지,정수지,DRV_023,,,333,,132,660,665,11:00,11:05,F,False
driver_availability,driver,정수지,정수지,DRV_023,,,333,,133,665,670,11:05,11:10,F,False
driver_availability,driver,정수지,정수지,DRV_023,,,333,,134,670,675,11:10,11:15,F,False
driver_availability,driver,정수지,정수지,DRV_023,,,333,,135,675,680,11:15,11:20,F,False
driver_availability,driver,정수지,정수지,DRV_023,,,333,,136,680,685,11:20,11:25,F,False
driver_availability,driver,정수지,정수지,DRV_023,,,333,,137,685,690,11:25,11:30,F,False
driver_availability,driver,정수지,정수지,DRV_023,,,333,,138,690,695,11:30,11:35,F,False
driver_availability,driver,정수지,정수지,DRV_023,,,333,,139,695,700,11:35,11:40,F,False
driver_availability,driver,정수지,정수지,DRV_023,,,333,,140,700,705,11:40,11:45,F,False
driver_availability,driver,정수지,정수지,DRV_023,,,333,,141,705,710,11:45,11:50,F,False
driver_availability,driver,정수지,정수지,DRV_023,,,333,,142,710,715,11:50,11:55,F,False
driver_availability,driver,정수지,정수지,DRV_023,,,333,,143,715,720,11:55,12:00,F,False
driver_availability,driver,정수지,정수지,DRV_023,,,333,,144,720,725,12:00,12:05,F,False
driver_availability,driver,정수지,정수지,DRV_023,,,333,,145,725,730,12:05,12:10,F,False
driver_availability,driver,정수지,정수지,DRV_023,,,333,,146,730,735,12:10,12:15,F,False
driver_availability,driver,정수지,정수지,DRV_023,,,333,,147,735,740,12:15,12:20,F,False
driver_availability,driver,정수지,정수지,DRV_023,,,333,,148,740,745,12:20,12:25,F,False
driver_availability,driver,정수지,정수지,DRV_023,,,333,,149,745,750,12:25,12:30,F,False
driver_availability,driver,정수지,정수지,DRV_023,,,333,,150,750,755,12:30,12:35,F,False
driver_availability,driver,정수지,정수지,DRV_023,,,333,,151,755,760,12:35,12:40,F,False
driver_availability,driver,정수지,정수지,DRV_023,,,333,,152,760,765,12:40,12:45,F,False
driver_availability,driver,정수지,정수지,DRV_023,,,333,,153,765,770,12:45,12:50,F,False
driver_availability,driver,정수지,정수지,DRV_023,,,333,,154,770,775,12:50,12:55,F,False
driver_availability,driver,정수지,정수지,DRV_023,,,333,,155,775,780,12:55,13:00,F,False
driver_availability,driver,정수지,정수지,DRV_023,,,333,,156,780,785,13:00,13:05,F,False
driver_availability,driver,정수지,정수지,DRV_023,,,333,,157,785,790,13:05,13:10,F,False
driver_availability,driver,정수지,정수지,DRV_023,,,333,,158,790,795,13:10,13:15,F,False
driver_availability,driver,정수지,정수지,DRV_023,,,333,,159,795,800,13:15,13:20,F,False
driver_availability,driver,정수지,정수지,DRV_023,,,333,,160,800,805,13:20,13:25,F,False
driver_availability,driver,정수지,정수지,DRV_023,,,333,,161,805,810,13:25,13:30,F,False
driver_availability,driver,정수지,정수지,DRV_023,,,333,,162,810,815,13:30,13:35,F,False
driver_availability,driver,정수지,정수지,DRV_023,,,333,,163,815,820,13:35,13:40,F,False
driver_availability,driver,정수지,정수지,DRV_023,,,333,,164,820,825,13:40,13:45,F,False
driver_availability,driver,정수지,정수지,DRV_023,,,333,,165,825,830,13:45,13:50,F,False
driver_availability,driver,정수지,정수지,DRV_023,,,333,,166,830,835,13:50,13:55,F,False
driver_availability,driver,정수지,정수지,DRV_023,,,333,,167,835,840,13:55,14:00,F,False
driver_availability,driver,정수지,정수지,DRV_023,,,333,,168,840,845,14:00,14:05,F,False
driver_availability,driver,정수지,정수지,DRV_023,,,333,,169,845,850,14:05,14:10,F,False
driver_availability,driver,정수지,정수지,DRV_023,,,333,,170,850,855,14:10,14:15,F,False
driver_availability,driver,정수지,정수지,DRV_023,,,333,,171,855,860,14:15,14:20,F,False
driver_availability,driver,정수지,정수지,DRV_023,,,333,,172,860,865,14:20,14:25,F,False
driver_availability,driver,정수지,정수지,DRV_023,,,333,,173,865,870,14:25,14:30,F,False
driver_availability,driver,정수지,정수지,DRV_023,,,333,,174,870,875,14:30,14:35,F,False
driver_availability,driver,정수지,정수지,DRV_023,,,333,,175,875,880,14:35,14:40,F,False
driver_availability,driver,정수지,정수지,DRV_023,,,333,,176,880,885,14:40,14:45,F,False
driver_availability,driver,정수지,정수지,DRV_023,,,333,,177,885,890,14:45,14:50,F,False
driver_availability,driver,정수지,정수지,DRV_023,,,333,,178,890,895,14:50,14:55,F,False
driver_availability,driver,정수지,정수지,DRV_023,,,333,,179,895,900,14:55,15:00,F,False
driver_availability,driver,정수지,정수지,DRV_023,,,333,,180,900,905,15:00,15:05,F,False
driver_availability,driver,정수지,정수지,DRV_023,,,333,,181,905,910,15:05,15:10,F,False
driver_availability,driver,정수지,정수지,DRV_023,,,333,,182,910,915,15:10,15:15,F,False
driver_availability,driver,정수지,정수지,DRV_023,,,333,,183,915,920,15:15,15:20,F,False
driver_availability,driver,정수지,정수지,DRV_023,,,333,,184,920,925,15:20,15:25,F,False
driver_availability,driver,정수지,정수지,DRV_023,,,333,,185,925,930,15:25,15:30,F,False
driver_availability,driver,정수지,정수지,DRV_023,,,333,,186,930,935,15:30,15:35,F,False
driver_availability,driver,정수지,정수지,DRV_023,,,333,,187,935,940,15:35,15:40,F,False
driver_availability,driver,정수지,정수지,DRV_023,,,333,,188,940,945,15:40,15:45,F,False
driver_availability,driver,정수지,정수지,DRV_023,,,333,,189,945,950,15:45,15:50,F,False
driver_availability,driver,정수지,정수지,DRV_023,,,333,,190,950,955,15:50,15:55,F,False
driver_availability,driver,정수지,정수지,DRV_023,,,333,,191,955,960,15:55,16:00,F,False
driver_availability,driver,정수지,정수지,DRV_023,,,333,,192,960,965,16:00,16:05,F,False
driver_availability,driver,정수지,정수지,DRV_023,,,333,,193,965,970,16:05,16:10,F,False
driver_availability,driver,정수지,정수지,DRV_023,,,333,,194,970,975,16:10,16:15,F,False
driver_availability,driver,정수지,정수지,DRV_023,,,333,,195,975,980,16:15,16:20,F,False
driver_availability,driver,정수지,정수지,DRV_023,,,333,,196,980,985,16:20,16:25,F,False
driver_availability,driver,정수지,정수지,DRV_023,,,333,,197,985,990,16:25,16:30,F,False
driver_availability,driver,정수지,정수지,DRV_023,,,333,,198,990,995,16:30,16:35,F,False
driver_availability,driver,정수지,정수지,DRV_023,,,333,,199,995,1000,16:35,16:40,F,False
driver_availability,driver,정수지,정수지,DRV_023,,,333,,200,1000,1005,16:40,16:45,F,False
driver_availability,driver,정수지,정수지,DRV_023,,,333,,201,1005,1010,16:45,16:50,F,False
driver_availability,driver,정수지,정수지,DRV_023,,,333,,202,1010,1015,16:50,16:55,F,False
driver_availability,driver,정수지,정수지,DRV_023,,,333,,203,1015,1020,16:55,17:00,F,False
driver_availability,driver,정수지,정수지,DRV_023,,,333,,204,1020,1025,17:00,17:05,T,True
driver_availability,driver,정수지,정수지,DRV_023,,,333,,205,1025,1030,17:05,17:10,T,True
driver_availability,driver,정수지,정수지,DRV_023,,,333,,206,1030,1035,17:10,17:15,T,True
driver_availability,driver,정수지,정수지,DRV_023,,,333,,207,1035,1040,17:15,17:20,T,True
driver_availability,driver,정수지,정수지,DRV_023,,,333,,208,1040,1045,17:20,17:25,T,True
driver_availability,driver,정수지,정수지,DRV_023,,,333,,209,1045,1050,17:25,17:30,T,True
driver_availability,driver,정수지,정수지,DRV_023,,,333,,210,1050,1055,17:30,17:35,T,True
driver_availability,driver,정수지,정수지,DRV_023,,,333,,211,1055,1060,17:35,17:40,T,True
driver_availability,driver,정수지,정수지,DRV_023,,,333,,212,1060,1065,17:40,17:45,T,True
driver_availability,driver,정수지,정수지,DRV_023,,,333,,213,1065,1070,17:45,17:50,T,True
driver_availability,driver,정수지,정수지,DRV_023,,,333,,214,1070,1075,17:50,17:55,T,True
driver_availability,driver,정수지,정수지,DRV_023,,,333,,215,1075,1080,17:55,18:00,T,True
driver_availability,driver,정수지,정수지,DRV_023,,,333,,216,1080,1085,18:00,18:05,T,True
driver_availability,driver,정수지,정수지,DRV_023,,,333,,217,1085,1090,18:05,18:10,T,True
driver_availability,driver,정수지,정수지,DRV_023,,,333,,218,1090,1095,18:10,18:15,T,True
driver_availability,driver,정수지,정수지,DRV_023,,,333,,219,1095,1100,18:15,18:20,T,True
driver_availability,driver,정수지,정수지,DRV_023,,,333,,220,1100,1105,18:20,18:25,T,True
driver_availability,driver,정수지,정수지,DRV_023,,,333,,221,1105,1110,18:25,18:30,T,True
driver_availability,driver,정수지,정수지,DRV_023,,,333,,222,1110,1115,18:30,18:35,T,True
driver_availability,driver,정수지,정수지,DRV_023,,,333,,223,1115,1120,18:35,18:40,T,True
driver_availability,driver,정수지,정수지,DRV_023,,,333,,224,1120,1125,18:40,18:45,T,True
driver_availability,driver,정수지,정수지,DRV_023,,,333,,225,1125,1130,18:45,18:50,T,True
driver_availability,driver,정수지,정수지,DRV_023,,,333,,226,1130,1135,18:50,18:55,T,True
driver_availability,driver,정수지,정수지,DRV_023,,,333,,227,1135,1140,18:55,19:00,T,True
driver_availability,driver,정수지,정수지,DRV_023,,,333,,228,1140,1145,19:00,19:05,T,True
driver_availability,driver,정수지,정수지,DRV_023,,,333,,229,1145,1150,19:05,19:10,T,True
driver_availability,driver,정수지,정수지,DRV_023,,,333,,230,1150,1155,19:10,19:15,T,True
driver_availability,driver,정수지,정수지,DRV_023,,,333,,231,1155,1160,19:15,19:20,T,True
driver_availability,driver,정수지,정수지,DRV_023,,,333,,232,1160,1165,19:20,19:25,T,True
driver_availability,driver,정수지,정수지,DRV_023,,,333,,233,1165,1170,19:25,19:30,T,True
driver_availability,driver,정수지,정수지,DRV_023,,,333,,234,1170,1175,19:30,19:35,T,True
driver_availability,driver,정수지,정수지,DRV_023,,,333,,235,1175,1180,19:35,19:40,T,True
driver_availability,driver,정수지,정수지,DRV_023,,,333,,236,1180,1185,19:40,19:45,T,True
driver_availability,driver,정수지,정수지,DRV_023,,,333,,237,1185,1190,19:45,19:50,T,True
driver_availability,driver,정수지,정수지,DRV_023,,,333,,238,1190,1195,19:50,19:55,T,True
driver_availability,driver,정수지,정수지,DRV_023,,,333,,239,1195,1200,19:55,20:00,T,True
driver_availability,driver,정수지,정수지,DRV_023,,,333,,240,1200,1205,20:00,20:05,T,True
driver_availability,driver,정수지,정수지,DRV_023,,,333,,241,1205,1210,20:05,20:10,T,True
driver_availability,driver,정수지,정수지,DRV_023,,,333,,242,1210,1215,20:10,20:15,T,True
driver_availability,driver,정수지,정수지,DRV_023,,,333,,243,1215,1220,20:15,20:20,T,True
driver_availability,driver,정수지,정수지,DRV_023,,,333,,244,1220,1225,20:20,20:25,T,True
driver_availability,driver,정수지,정수지,DRV_023,,,333,,245,1225,1230,20:25,20:30,T,True
driver_availability,driver,정수지,정수지,DRV_023,,,333,,246,1230,1235,20:30,20:35,T,True
driver_availability,driver,정수지,정수지,DRV_023,,,333,,247,1235,1240,20:35,20:40,T,True
driver_availability,driver,정수지,정수지,DRV_023,,,333,,248,1240,1245,20:40,20:45,T,True
driver_availability,driver,정수지,정수지,DRV_023,,,333,,249,1245,1250,20:45,20:50,T,True
driver_availability,driver,정수지,정수지,DRV_023,,,333,,250,1250,1255,20:50,20:55,T,True
driver_availability,driver,정수지,정수지,DRV_023,,,333,,251,1255,1260,20:55,21:00,T,True
driver_availability,driver,정수지,정수지,DRV_023,,,333,,252,1260,1265,21:00,21:05,T,True
driver_availability,driver,정수지,정수지,DRV_023,,,333,,253,1265,1270,21:05,21:10,T,True
driver_availability,driver,정수지,정수지,DRV_023,,,333,,254,1270,1275,21:10,21:15,T,True
driver_availability,driver,정수지,정수지,DRV_023,,,333,,255,1275,1280,21:15,21:20,T,True
driver_availability,driver,정수지,정수지,DRV_023,,,333,,256,1280,1285,21:20,21:25,T,True
driver_availability,driver,정수지,정수지,DRV_023,,,333,,257,1285,1290,21:25,21:30,T,True
driver_availability,driver,정수지,정수지,DRV_023,,,333,,258,1290,1295,21:30,21:35,T,True
driver_availability,driver,정수지,정수지,DRV_023,,,333,,259,1295,1300,21:35,21:40,T,True
driver_availability,driver,정수지,정수지,DRV_023,,,333,,260,1300,1305,21:40,21:45,T,True
driver_availability,driver,정수지,정수지,DRV_023,,,333,,261,1305,1310,21:45,21:50,T,True
driver_availability,driver,정수지,정수지,DRV_023,,,333,,262,1310,1315,21:50,21:55,T,True
driver_availability,driver,정수지,정수지,DRV_023,,,333,,263,1315,1320,21:55,22:00,T,True
driver_availability,driver,정수지,정수지,DRV_023,,,333,,264,1320,1325,22:00,22:05,T,True
driver_availability,driver,정수지,정수지,DRV_023,,,333,,265,1325,1330,22:05,22:10,T,True
driver_availability,driver,정수지,정수지,DRV_023,,,333,,266,1330,1335,22:10,22:15,T,True
driver_availability,driver,정수지,정수지,DRV_023,,,333,,267,1335,1340,22:15,22:20,T,True
driver_availability,driver,정수지,정수지,DRV_023,,,333,,268,1340,1345,22:20,22:25,T,True
driver_availability,driver,정수지,정수지,DRV_023,,,333,,269,1345,1350,22:25,22:30,T,True
driver_availability,driver,정수지,정수지,DRV_023,,,333,,270,1350,1355,22:30,22:35,T,True
driver_availability,driver,정수지,정수지,DRV_023,,,333,,271,1355,1360,22:35,22:40,T,True
driver_availability,driver,정수지,정수지,DRV_023,,,333,,272,1360,1365,22:40,22:45,T,True
driver_availability,driver,정수지,정수지,DRV_023,,,333,,273,1365,1370,22:45,22:50,T,True
driver_availability,driver,정수지,정수지,DRV_023,,,333,,274,1370,1375,22:50,22:55,T,True
driver_availability,driver,정수지,정수지,DRV_023,,,333,,275,1375,1380,22:55,23:00,T,True
driver_availability,driver,정수지,정수지,DRV_023,,,333,,276,1380,1385,23:00,23:05,T,True
driver_availability,driver,정수지,정수지,DRV_023,,,333,,277,1385,1390,23:05,23:10,T,True
driver_availability,driver,정수지,정수지,DRV_023,,,333,,278,1390,1395,23:10,23:15,T,True
driver_availability,driver,정수지,정수지,DRV_023,,,333,,279,1395,1400,23:15,23:20,T,True
driver_availability,driver,정수지,정수지,DRV_023,,,333,,280,1400,1405,23:20,23:25,T,True
driver_availability,driver,정수지,정수지,DRV_023,,,333,,281,1405,1410,23:25,23:30,T,True
driver_availability,driver,정수지,정수지,DRV_023,,,333,,282,1410,1415,23:30,23:35,T,True
driver_availability,driver,정수지,정수지,DRV_023,,,333,,283,1415,1420,23:35,23:40,T,True
driver_availability,driver,정수지,정수지,DRV_023,,,333,,284,1420,1425,23:40,23:45,T,True
driver_availability,driver,정수지,정수지,DRV_023,,,333,,285,1425,1430,23:45,23:50,T,True
driver_availability,driver,정수지,정수지,DRV_023,,,333,,286,1430,1435,23:50,23:55,T,True
driver_availability,driver,정수지,정수지,DRV_023,,,333,,287,1435,1440,23:55,24:00,T,True
driver_availability,driver,이우원,이우원,DRV_024,,,333,야간조,0,0,5,00:00,00:05,F,False
driver_availability,driver,이우원,이우원,DRV_024,,,333,야간조,1,5,10,00:05,00:10,F,False
driver_availability,driver,이우원,이우원,DRV_024,,,333,야간조,2,10,15,00:10,00:15,F,False
driver_availability,driver,이우원,이우원,DRV_024,,,333,야간조,3,15,20,00:15,00:20,F,False
driver_availability,driver,이우원,이우원,DRV_024,,,333,야간조,4,20,25,00:20,00:25,F,False
driver_availability,driver,이우원,이우원,DRV_024,,,333,야간조,5,25,30,00:25,00:30,F,False
driver_availability,driver,이우원,이우원,DRV_024,,,333,야간조,6,30,35,00:30,00:35,F,False
driver_availability,driver,이우원,이우원,DRV_024,,,333,야간조,7,35,40,00:35,00:40,F,False
driver_availability,driver,이우원,이우원,DRV_024,,,333,야간조,8,40,45,00:40,00:45,F,False
driver_availability,driver,이우원,이우원,DRV_024,,,333,야간조,9,45,50,00:45,00:50,F,False
driver_availability,driver,이우원,이우원,DRV_024,,,333,야간조,10,50,55,00:50,00:55,F,False
driver_availability,driver,이우원,이우원,DRV_024,,,333,야간조,11,55,60,00:55,01:00,F,False
driver_availability,driver,이우원,이우원,DRV_024,,,333,야간조,12,60,65,01:00,01:05,F,False
driver_availability,driver,이우원,이우원,DRV_024,,,333,야간조,13,65,70,01:05,01:10,F,False
driver_availability,driver,이우원,이우원,DRV_024,,,333,야간조,14,70,75,01:10,01:15,F,False
driver_availability,driver,이우원,이우원,DRV_024,,,333,야간조,15,75,80,01:15,01:20,F,False
driver_availability,driver,이우원,이우원,DRV_024,,,333,야간조,16,80,85,01:20,01:25,F,False
driver_availability,driver,이우원,이우원,DRV_024,,,333,야간조,17,85,90,01:25,01:30,F,False
driver_availability,driver,이우원,이우원,DRV_024,,,333,야간조,18,90,95,01:30,01:35,F,False
driver_availability,driver,이우원,이우원,DRV_024,,,333,야간조,19,95,100,01:35,01:40,F,False
driver_availability,driver,이우원,이우원,DRV_024,,,333,야간조,20,100,105,01:40,01:45,F,False
driver_availability,driver,이우원,이우원,DRV_024,,,333,야간조,21,105,110,01:45,01:50,F,False
driver_availability,driver,이우원,이우원,DRV_024,,,333,야간조,22,110,115,01:50,01:55,F,False
driver_availability,driver,이우원,이우원,DRV_024,,,333,야간조,23,115,120,01:55,02:00,F,False
driver_availability,driver,이우원,이우원,DRV_024,,,333,야간조,24,120,125,02:00,02:05,F,False
driver_availability,driver,이우원,이우원,DRV_024,,,333,야간조,25,125,130,02:05,02:10,F,False
driver_availability,driver,이우원,이우원,DRV_024,,,333,야간조,26,130,135,02:10,02:15,F,False
driver_availability,driver,이우원,이우원,DRV_024,,,333,야간조,27,135,140,02:15,02:20,F,False
driver_availability,driver,이우원,이우원,DRV_024,,,333,야간조,28,140,145,02:20,02:25,F,False
driver_availability,driver,이우원,이우원,DRV_024,,,333,야간조,29,145,150,02:25,02:30,F,False
driver_availability,driver,이우원,이우원,DRV_024,,,333,야간조,30,150,155,02:30,02:35,F,False
driver_availability,driver,이우원,이우원,DRV_024,,,333,야간조,31,155,160,02:35,02:40,F,False
driver_availability,driver,이우원,이우원,DRV_024,,,333,야간조,32,160,165,02:40,02:45,F,False
driver_availability,driver,이우원,이우원,DRV_024,,,333,야간조,33,165,170,02:45,02:50,F,False
driver_availability,driver,이우원,이우원,DRV_024,,,333,야간조,34,170,175,02:50,02:55,F,False
driver_availability,driver,이우원,이우원,DRV_024,,,333,야간조,35,175,180,02:55,03:00,F,False
driver_availability,driver,이우원,이우원,DRV_024,,,333,야간조,36,180,185,03:00,03:05,F,False
driver_availability,driver,이우원,이우원,DRV_024,,,333,야간조,37,185,190,03:05,03:10,F,False
driver_availability,driver,이우원,이우원,DRV_024,,,333,야간조,38,190,195,03:10,03:15,F,False
driver_availability,driver,이우원,이우원,DRV_024,,,333,야간조,39,195,200,03:15,03:20,F,False
driver_availability,driver,이우원,이우원,DRV_024,,,333,야간조,40,200,205,03:20,03:25,F,False
driver_availability,driver,이우원,이우원,DRV_024,,,333,야간조,41,205,210,03:25,03:30,F,False
driver_availability,driver,이우원,이우원,DRV_024,,,333,야간조,42,210,215,03:30,03:35,F,False
driver_availability,driver,이우원,이우원,DRV_024,,,333,야간조,43,215,220,03:35,03:40,F,False
driver_availability,driver,이우원,이우원,DRV_024,,,333,야간조,44,220,225,03:40,03:45,F,False
driver_availability,driver,이우원,이우원,DRV_024,,,333,야간조,45,225,230,03:45,03:50,F,False
driver_availability,driver,이우원,이우원,DRV_024,,,333,야간조,46,230,235,03:50,03:55,F,False
driver_availability,driver,이우원,이우원,DRV_024,,,333,야간조,47,235,240,03:55,04:00,F,False
driver_availability,driver,이우원,이우원,DRV_024,,,333,야간조,48,240,245,04:00,04:05,F,False
driver_availability,driver,이우원,이우원,DRV_024,,,333,야간조,49,245,250,04:05,04:10,F,False
driver_availability,driver,이우원,이우원,DRV_024,,,333,야간조,50,250,255,04:10,04:15,F,False
driver_availability,driver,이우원,이우원,DRV_024,,,333,야간조,51,255,260,04:15,04:20,F,False
driver_availability,driver,이우원,이우원,DRV_024,,,333,야간조,52,260,265,04:20,04:25,F,False
driver_availability,driver,이우원,이우원,DRV_024,,,333,야간조,53,265,270,04:25,04:30,F,False
driver_availability,driver,이우원,이우원,DRV_024,,,333,야간조,54,270,275,04:30,04:35,F,False
driver_availability,driver,이우원,이우원,DRV_024,,,333,야간조,55,275,280,04:35,04:40,F,False
driver_availability,driver,이우원,이우원,DRV_024,,,333,야간조,56,280,285,04:40,04:45,F,False
driver_availability,driver,이우원,이우원,DRV_024,,,333,야간조,57,285,290,04:45,04:50,F,False
driver_availability,driver,이우원,이우원,DRV_024,,,333,야간조,58,290,295,04:50,04:55,F,False
driver_availability,driver,이우원,이우원,DRV_024,,,333,야간조,59,295,300,04:55,05:00,F,False
driver_availability,driver,이우원,이우원,DRV_024,,,333,야간조,60,300,305,05:00,05:05,F,False
driver_availability,driver,이우원,이우원,DRV_024,,,333,야간조,61,305,310,05:05,05:10,F,False
driver_availability,driver,이우원,이우원,DRV_024,,,333,야간조,62,310,315,05:10,05:15,F,False
driver_availability,driver,이우원,이우원,DRV_024,,,333,야간조,63,315,320,05:15,05:20,F,False
driver_availability,driver,이우원,이우원,DRV_024,,,333,야간조,64,320,325,05:20,05:25,F,False
driver_availability,driver,이우원,이우원,DRV_024,,,333,야간조,65,325,330,05:25,05:30,F,False
driver_availability,driver,이우원,이우원,DRV_024,,,333,야간조,66,330,335,05:30,05:35,F,False
driver_availability,driver,이우원,이우원,DRV_024,,,333,야간조,67,335,340,05:35,05:40,F,False
driver_availability,driver,이우원,이우원,DRV_024,,,333,야간조,68,340,345,05:40,05:45,F,False
driver_availability,driver,이우원,이우원,DRV_024,,,333,야간조,69,345,350,05:45,05:50,F,False
driver_availability,driver,이우원,이우원,DRV_024,,,333,야간조,70,350,355,05:50,05:55,F,False
driver_availability,driver,이우원,이우원,DRV_024,,,333,야간조,71,355,360,05:55,06:00,F,False
driver_availability,driver,이우원,이우원,DRV_024,,,333,야간조,72,360,365,06:00,06:05,F,False
driver_availability,driver,이우원,이우원,DRV_024,,,333,야간조,73,365,370,06:05,06:10,F,False
driver_availability,driver,이우원,이우원,DRV_024,,,333,야간조,74,370,375,06:10,06:15,F,False
driver_availability,driver,이우원,이우원,DRV_024,,,333,야간조,75,375,380,06:15,06:20,F,False
driver_availability,driver,이우원,이우원,DRV_024,,,333,야간조,76,380,385,06:20,06:25,F,False
driver_availability,driver,이우원,이우원,DRV_024,,,333,야간조,77,385,390,06:25,06:30,F,False
driver_availability,driver,이우원,이우원,DRV_024,,,333,야간조,78,390,395,06:30,06:35,F,False
driver_availability,driver,이우원,이우원,DRV_024,,,333,야간조,79,395,400,06:35,06:40,F,False
driver_availability,driver,이우원,이우원,DRV_024,,,333,야간조,80,400,405,06:40,06:45,F,False
driver_availability,driver,이우원,이우원,DRV_024,,,333,야간조,81,405,410,06:45,06:50,F,False
driver_availability,driver,이우원,이우원,DRV_024,,,333,야간조,82,410,415,06:50,06:55,F,False
driver_availability,driver,이우원,이우원,DRV_024,,,333,야간조,83,415,420,06:55,07:00,F,False
driver_availability,driver,이우원,이우원,DRV_024,,,333,야간조,84,420,425,07:00,07:05,F,False
driver_availability,driver,이우원,이우원,DRV_024,,,333,야간조,85,425,430,07:05,07:10,F,False
driver_availability,driver,이우원,이우원,DRV_024,,,333,야간조,86,430,435,07:10,07:15,F,False
driver_availability,driver,이우원,이우원,DRV_024,,,333,야간조,87,435,440,07:15,07:20,F,False
driver_availability,driver,이우원,이우원,DRV_024,,,333,야간조,88,440,445,07:20,07:25,F,False
driver_availability,driver,이우원,이우원,DRV_024,,,333,야간조,89,445,450,07:25,07:30,F,False
driver_availability,driver,이우원,이우원,DRV_024,,,333,야간조,90,450,455,07:30,07:35,F,False
driver_availability,driver,이우원,이우원,DRV_024,,,333,야간조,91,455,460,07:35,07:40,F,False
driver_availability,driver,이우원,이우원,DRV_024,,,333,야간조,92,460,465,07:40,07:45,F,False
driver_availability,driver,이우원,이우원,DRV_024,,,333,야간조,93,465,470,07:45,07:50,F,False
driver_availability,driver,이우원,이우원,DRV_024,,,333,야간조,94,470,475,07:50,07:55,F,False
driver_availability,driver,이우원,이우원,DRV_024,,,333,야간조,95,475,480,07:55,08:00,F,False
driver_availability,driver,이우원,이우원,DRV_024,,,333,야간조,96,480,485,08:00,08:05,F,False
driver_availability,driver,이우원,이우원,DRV_024,,,333,야간조,97,485,490,08:05,08:10,F,False
driver_availability,driver,이우원,이우원,DRV_024,,,333,야간조,98,490,495,08:10,08:15,F,False
driver_availability,driver,이우원,이우원,DRV_024,,,333,야간조,99,495,500,08:15,08:20,F,False
driver_availability,driver,이우원,이우원,DRV_024,,,333,야간조,100,500,505,08:20,08:25,F,False
driver_availability,driver,이우원,이우원,DRV_024,,,333,야간조,101,505,510,08:25,08:30,F,False
driver_availability,driver,이우원,이우원,DRV_024,,,333,야간조,102,510,515,08:30,08:35,F,False
driver_availability,driver,이우원,이우원,DRV_024,,,333,야간조,103,515,520,08:35,08:40,F,False
driver_availability,driver,이우원,이우원,DRV_024,,,333,야간조,104,520,525,08:40,08:45,F,False
driver_availability,driver,이우원,이우원,DRV_024,,,333,야간조,105,525,530,08:45,08:50,F,False
driver_availability,driver,이우원,이우원,DRV_024,,,333,야간조,106,530,535,08:50,08:55,F,False
driver_availability,driver,이우원,이우원,DRV_024,,,333,야간조,107,535,540,08:55,09:00,F,False
driver_availability,driver,이우원,이우원,DRV_024,,,333,야간조,108,540,545,09:00,09:05,F,False
driver_availability,driver,이우원,이우원,DRV_024,,,333,야간조,109,545,550,09:05,09:10,F,False
driver_availability,driver,이우원,이우원,DRV_024,,,333,야간조,110,550,555,09:10,09:15,F,False
driver_availability,driver,이우원,이우원,DRV_024,,,333,야간조,111,555,560,09:15,09:20,F,False
driver_availability,driver,이우원,이우원,DRV_024,,,333,야간조,112,560,565,09:20,09:25,F,False
driver_availability,driver,이우원,이우원,DRV_024,,,333,야간조,113,565,570,09:25,09:30,F,False
driver_availability,driver,이우원,이우원,DRV_024,,,333,야간조,114,570,575,09:30,09:35,F,False
driver_availability,driver,이우원,이우원,DRV_024,,,333,야간조,115,575,580,09:35,09:40,F,False
driver_availability,driver,이우원,이우원,DRV_024,,,333,야간조,116,580,585,09:40,09:45,F,False
driver_availability,driver,이우원,이우원,DRV_024,,,333,야간조,117,585,590,09:45,09:50,F,False
driver_availability,driver,이우원,이우원,DRV_024,,,333,야간조,118,590,595,09:50,09:55,F,False
driver_availability,driver,이우원,이우원,DRV_024,,,333,야간조,119,595,600,09:55,10:00,F,False
driver_availability,driver,이우원,이우원,DRV_024,,,333,야간조,120,600,605,10:00,10:05,F,False
driver_availability,driver,이우원,이우원,DRV_024,,,333,야간조,121,605,610,10:05,10:10,F,False
driver_availability,driver,이우원,이우원,DRV_024,,,333,야간조,122,610,615,10:10,10:15,F,False
driver_availability,driver,이우원,이우원,DRV_024,,,333,야간조,123,615,620,10:15,10:20,F,False
driver_availability,driver,이우원,이우원,DRV_024,,,333,야간조,124,620,625,10:20,10:25,F,False
driver_availability,driver,이우원,이우원,DRV_024,,,333,야간조,125,625,630,10:25,10:30,F,False
driver_availability,driver,이우원,이우원,DRV_024,,,333,야간조,126,630,635,10:30,10:35,F,False
driver_availability,driver,이우원,이우원,DRV_024,,,333,야간조,127,635,640,10:35,10:40,F,False
driver_availability,driver,이우원,이우원,DRV_024,,,333,야간조,128,640,645,10:40,10:45,F,False
driver_availability,driver,이우원,이우원,DRV_024,,,333,야간조,129,645,650,10:45,10:50,F,False
driver_availability,driver,이우원,이우원,DRV_024,,,333,야간조,130,650,655,10:50,10:55,F,False
driver_availability,driver,이우원,이우원,DRV_024,,,333,야간조,131,655,660,10:55,11:00,F,False
driver_availability,driver,이우원,이우원,DRV_024,,,333,야간조,132,660,665,11:00,11:05,F,False
driver_availability,driver,이우원,이우원,DRV_024,,,333,야간조,133,665,670,11:05,11:10,F,False
driver_availability,driver,이우원,이우원,DRV_024,,,333,야간조,134,670,675,11:10,11:15,F,False
driver_availability,driver,이우원,이우원,DRV_024,,,333,야간조,135,675,680,11:15,11:20,F,False
driver_availability,driver,이우원,이우원,DRV_024,,,333,야간조,136,680,685,11:20,11:25,F,False
driver_availability,driver,이우원,이우원,DRV_024,,,333,야간조,137,685,690,11:25,11:30,F,False
driver_availability,driver,이우원,이우원,DRV_024,,,333,야간조,138,690,695,11:30,11:35,F,False
driver_availability,driver,이우원,이우원,DRV_024,,,333,야간조,139,695,700,11:35,11:40,F,False
driver_availability,driver,이우원,이우원,DRV_024,,,333,야간조,140,700,705,11:40,11:45,F,False
driver_availability,driver,이우원,이우원,DRV_024,,,333,야간조,141,705,710,11:45,11:50,F,False
driver_availability,driver,이우원,이우원,DRV_024,,,333,야간조,142,710,715,11:50,11:55,F,False
driver_availability,driver,이우원,이우원,DRV_024,,,333,야간조,143,715,720,11:55,12:00,F,False
driver_availability,driver,이우원,이우원,DRV_024,,,333,야간조,144,720,725,12:00,12:05,F,False
driver_availability,driver,이우원,이우원,DRV_024,,,333,야간조,145,725,730,12:05,12:10,F,False
driver_availability,driver,이우원,이우원,DRV_024,,,333,야간조,146,730,735,12:10,12:15,F,False
driver_availability,driver,이우원,이우원,DRV_024,,,333,야간조,147,735,740,12:15,12:20,F,False
driver_availability,driver,이우원,이우원,DRV_024,,,333,야간조,148,740,745,12:20,12:25,F,False
driver_availability,driver,이우원,이우원,DRV_024,,,333,야간조,149,745,750,12:25,12:30,F,False
driver_availability,driver,이우원,이우원,DRV_024,,,333,야간조,150,750,755,12:30,12:35,F,False
driver_availability,driver,이우원,이우원,DRV_024,,,333,야간조,151,755,760,12:35,12:40,F,False
driver_availability,driver,이우원,이우원,DRV_024,,,333,야간조,152,760,765,12:40,12:45,F,False
driver_availability,driver,이우원,이우원,DRV_024,,,333,야간조,153,765,770,12:45,12:50,F,False
driver_availability,driver,이우원,이우원,DRV_024,,,333,야간조,154,770,775,12:50,12:55,F,False
driver_availability,driver,이우원,이우원,DRV_024,,,333,야간조,155,775,780,12:55,13:00,F,False
driver_availability,driver,이우원,이우원,DRV_024,,,333,야간조,156,780,785,13:00,13:05,F,False
driver_availability,driver,이우원,이우원,DRV_024,,,333,야간조,157,785,790,13:05,13:10,F,False
driver_availability,driver,이우원,이우원,DRV_024,,,333,야간조,158,790,795,13:10,13:15,F,False
driver_availability,driver,이우원,이우원,DRV_024,,,333,야간조,159,795,800,13:15,13:20,F,False
driver_availability,driver,이우원,이우원,DRV_024,,,333,야간조,160,800,805,13:20,13:25,F,False
driver_availability,driver,이우원,이우원,DRV_024,,,333,야간조,161,805,810,13:25,13:30,F,False
driver_availability,driver,이우원,이우원,DRV_024,,,333,야간조,162,810,815,13:30,13:35,F,False
driver_availability,driver,이우원,이우원,DRV_024,,,333,야간조,163,815,820,13:35,13:40,F,False
driver_availability,driver,이우원,이우원,DRV_024,,,333,야간조,164,820,825,13:40,13:45,F,False
driver_availability,driver,이우원,이우원,DRV_024,,,333,야간조,165,825,830,13:45,13:50,F,False
driver_availability,driver,이우원,이우원,DRV_024,,,333,야간조,166,830,835,13:50,13:55,F,False
driver_availability,driver,이우원,이우원,DRV_024,,,333,야간조,167,835,840,13:55,14:00,F,False
driver_availability,driver,이우원,이우원,DRV_024,,,333,야간조,168,840,845,14:00,14:05,F,False
driver_availability,driver,이우원,이우원,DRV_024,,,333,야간조,169,845,850,14:05,14:10,F,False
driver_availability,driver,이우원,이우원,DRV_024,,,333,야간조,170,850,855,14:10,14:15,F,False
driver_availability,driver,이우원,이우원,DRV_024,,,333,야간조,171,855,860,14:15,14:20,F,False
driver_availability,driver,이우원,이우원,DRV_024,,,333,야간조,172,860,865,14:20,14:25,F,False
driver_availability,driver,이우원,이우원,DRV_024,,,333,야간조,173,865,870,14:25,14:30,F,False
driver_availability,driver,이우원,이우원,DRV_024,,,333,야간조,174,870,875,14:30,14:35,F,False
driver_availability,driver,이우원,이우원,DRV_024,,,333,야간조,175,875,880,14:35,14:40,F,False
driver_availability,driver,이우원,이우원,DRV_024,,,333,야간조,176,880,885,14:40,14:45,F,False
driver_availability,driver,이우원,이우원,DRV_024,,,333,야간조,177,885,890,14:45,14:50,F,False
driver_availability,driver,이우원,이우원,DRV_024,,,333,야간조,178,890,895,14:50,14:55,F,False
driver_availability,driver,이우원,이우원,DRV_024,,,333,야간조,179,895,900,14:55,15:00,F,False
driver_availability,driver,이우원,이우원,DRV_024,,,333,야간조,180,900,905,15:00,15:05,F,False
driver_availability,driver,이우원,이우원,DRV_024,,,333,야간조,181,905,910,15:05,15:10,F,False
driver_availability,driver,이우원,이우원,DRV_024,,,333,야간조,182,910,915,15:10,15:15,F,False
driver_availability,driver,이우원,이우원,DRV_024,,,333,야간조,183,915,920,15:15,15:20,F,False
driver_availability,driver,이우원,이우원,DRV_024,,,333,야간조,184,920,925,15:20,15:25,F,False
driver_availability,driver,이우원,이우원,DRV_024,,,333,야간조,185,925,930,15:25,15:30,F,False
driver_availability,driver,이우원,이우원,DRV_024,,,333,야간조,186,930,935,15:30,15:35,F,False
driver_availability,driver,이우원,이우원,DRV_024,,,333,야간조,187,935,940,15:35,15:40,F,False
driver_availability,driver,이우원,이우원,DRV_024,,,333,야간조,188,940,945,15:40,15:45,F,False
driver_availability,driver,이우원,이우원,DRV_024,,,333,야간조,189,945,950,15:45,15:50,F,False
driver_availability,driver,이우원,이우원,DRV_024,,,333,야간조,190,950,955,15:50,15:55,F,False
driver_availability,driver,이우원,이우원,DRV_024,,,333,야간조,191,955,960,15:55,16:00,F,False
driver_availability,driver,이우원,이우원,DRV_024,,,333,야간조,192,960,965,16:00,16:05,F,False
driver_availability,driver,이우원,이우원,DRV_024,,,333,야간조,193,965,970,16:05,16:10,F,False
driver_availability,driver,이우원,이우원,DRV_024,,,333,야간조,194,970,975,16:10,16:15,F,False
driver_availability,driver,이우원,이우원,DRV_024,,,333,야간조,195,975,980,16:15,16:20,F,False
driver_availability,driver,이우원,이우원,DRV_024,,,333,야간조,196,980,985,16:20,16:25,F,False
driver_availability,driver,이우원,이우원,DRV_024,,,333,야간조,197,985,990,16:25,16:30,F,False
driver_availability,driver,이우원,이우원,DRV_024,,,333,야간조,198,990,995,16:30,16:35,F,False
driver_availability,driver,이우원,이우원,DRV_024,,,333,야간조,199,995,1000,16:35,16:40,F,False
driver_availability,driver,이우원,이우원,DRV_024,,,333,야간조,200,1000,1005,16:40,16:45,F,False
driver_availability,driver,이우원,이우원,DRV_024,,,333,야간조,201,1005,1010,16:45,16:50,F,False
driver_availability,driver,이우원,이우원,DRV_024,,,333,야간조,202,1010,1015,16:50,16:55,F,False
driver_availability,driver,이우원,이우원,DRV_024,,,333,야간조,203,1015,1020,16:55,17:00,F,False
driver_availability,driver,이우원,이우원,DRV_024,,,333,야간조,204,1020,1025,17:00,17:05,F,False
driver_availability,driver,이우원,이우원,DRV_024,,,333,야간조,205,1025,1030,17:05,17:10,F,False
driver_availability,driver,이우원,이우원,DRV_024,,,333,야간조,206,1030,1035,17:10,17:15,F,False
driver_availability,driver,이우원,이우원,DRV_024,,,333,야간조,207,1035,1040,17:15,17:20,F,False
driver_availability,driver,이우원,이우원,DRV_024,,,333,야간조,208,1040,1045,17:20,17:25,F,False
driver_availability,driver,이우원,이우원,DRV_024,,,333,야간조,209,1045,1050,17:25,17:30,F,False
driver_availability,driver,이우원,이우원,DRV_024,,,333,야간조,210,1050,1055,17:30,17:35,F,False
driver_availability,driver,이우원,이우원,DRV_024,,,333,야간조,211,1055,1060,17:35,17:40,F,False
driver_availability,driver,이우원,이우원,DRV_024,,,333,야간조,212,1060,1065,17:40,17:45,F,False
driver_availability,driver,이우원,이우원,DRV_024,,,333,야간조,213,1065,1070,17:45,17:50,F,False
driver_availability,driver,이우원,이우원,DRV_024,,,333,야간조,214,1070,1075,17:50,17:55,F,False
driver_availability,driver,이우원,이우원,DRV_024,,,333,야간조,215,1075,1080,17:55,18:00,F,False
driver_availability,driver,이우원,이우원,DRV_024,,,333,야간조,216,1080,1085,18:00,18:05,F,False
driver_availability,driver,이우원,이우원,DRV_024,,,333,야간조,217,1085,1090,18:05,18:10,F,False
driver_availability,driver,이우원,이우원,DRV_024,,,333,야간조,218,1090,1095,18:10,18:15,F,False
driver_availability,driver,이우원,이우원,DRV_024,,,333,야간조,219,1095,1100,18:15,18:20,F,False
driver_availability,driver,이우원,이우원,DRV_024,,,333,야간조,220,1100,1105,18:20,18:25,F,False
driver_availability,driver,이우원,이우원,DRV_024,,,333,야간조,221,1105,1110,18:25,18:30,F,False
driver_availability,driver,이우원,이우원,DRV_024,,,333,야간조,222,1110,1115,18:30,18:35,F,False
driver_availability,driver,이우원,이우원,DRV_024,,,333,야간조,223,1115,1120,18:35,18:40,F,False
driver_availability,driver,이우원,이우원,DRV_024,,,333,야간조,224,1120,1125,18:40,18:45,F,False
driver_availability,driver,이우원,이우원,DRV_024,,,333,야간조,225,1125,1130,18:45,18:50,F,False
driver_availability,driver,이우원,이우원,DRV_024,,,333,야간조,226,1130,1135,18:50,18:55,F,False
driver_availability,driver,이우원,이우원,DRV_024,,,333,야간조,227,1135,1140,18:55,19:00,F,False
driver_availability,driver,이우원,이우원,DRV_024,,,333,야간조,228,1140,1145,19:00,19:05,F,False
driver_availability,driver,이우원,이우원,DRV_024,,,333,야간조,229,1145,1150,19:05,19:10,F,False
driver_availability,driver,이우원,이우원,DRV_024,,,333,야간조,230,1150,1155,19:10,19:15,F,False
driver_availability,driver,이우원,이우원,DRV_024,,,333,야간조,231,1155,1160,19:15,19:20,F,False
driver_availability,driver,이우원,이우원,DRV_024,,,333,야간조,232,1160,1165,19:20,19:25,F,False
driver_availability,driver,이우원,이우원,DRV_024,,,333,야간조,233,1165,1170,19:25,19:30,F,False
driver_availability,driver,이우원,이우원,DRV_024,,,333,야간조,234,1170,1175,19:30,19:35,F,False
driver_availability,driver,이우원,이우원,DRV_024,,,333,야간조,235,1175,1180,19:35,19:40,F,False
driver_availability,driver,이우원,이우원,DRV_024,,,333,야간조,236,1180,1185,19:40,19:45,F,False
driver_availability,driver,이우원,이우원,DRV_024,,,333,야간조,237,1185,1190,19:45,19:50,F,False
driver_availability,driver,이우원,이우원,DRV_024,,,333,야간조,238,1190,1195,19:50,19:55,F,False
driver_availability,driver,이우원,이우원,DRV_024,,,333,야간조,239,1195,1200,19:55,20:00,F,False
driver_availability,driver,이우원,이우원,DRV_024,,,333,야간조,240,1200,1205,20:00,20:05,F,False
driver_availability,driver,이우원,이우원,DRV_024,,,333,야간조,241,1205,1210,20:05,20:10,F,False
driver_availability,driver,이우원,이우원,DRV_024,,,333,야간조,242,1210,1215,20:10,20:15,F,False
driver_availability,driver,이우원,이우원,DRV_024,,,333,야간조,243,1215,1220,20:15,20:20,F,False
driver_availability,driver,이우원,이우원,DRV_024,,,333,야간조,244,1220,1225,20:20,20:25,F,False
driver_availability,driver,이우원,이우원,DRV_024,,,333,야간조,245,1225,1230,20:25,20:30,F,False
driver_availability,driver,이우원,이우원,DRV_024,,,333,야간조,246,1230,1235,20:30,20:35,F,False
driver_availability,driver,이우원,이우원,DRV_024,,,333,야간조,247,1235,1240,20:35,20:40,F,False
driver_availability,driver,이우원,이우원,DRV_024,,,333,야간조,248,1240,1245,20:40,20:45,F,False
driver_availability,driver,이우원,이우원,DRV_024,,,333,야간조,249,1245,1250,20:45,20:50,F,False
driver_availability,driver,이우원,이우원,DRV_024,,,333,야간조,250,1250,1255,20:50,20:55,F,False
driver_availability,driver,이우원,이우원,DRV_024,,,333,야간조,251,1255,1260,20:55,21:00,F,False
driver_availability,driver,이우원,이우원,DRV_024,,,333,야간조,252,1260,1265,21:00,21:05,F,False
driver_availability,driver,이우원,이우원,DRV_024,,,333,야간조,253,1265,1270,21:05,21:10,F,False
driver_availability,driver,이우원,이우원,DRV_024,,,333,야간조,254,1270,1275,21:10,21:15,F,False
driver_availability,driver,이우원,이우원,DRV_024,,,333,야간조,255,1275,1280,21:15,21:20,F,False
driver_availability,driver,이우원,이우원,DRV_024,,,333,야간조,256,1280,1285,21:20,21:25,F,False
driver_availability,driver,이우원,이우원,DRV_024,,,333,야간조,257,1285,1290,21:25,21:30,F,False
driver_availability,driver,이우원,이우원,DRV_024,,,333,야간조,258,1290,1295,21:30,21:35,F,False
driver_availability,driver,이우원,이우원,DRV_024,,,333,야간조,259,1295,1300,21:35,21:40,F,False
driver_availability,driver,이우원,이우원,DRV_024,,,333,야간조,260,1300,1305,21:40,21:45,F,False
driver_availability,driver,이우원,이우원,DRV_024,,,333,야간조,261,1305,1310,21:45,21:50,F,False
driver_availability,driver,이우원,이우원,DRV_024,,,333,야간조,262,1310,1315,21:50,21:55,F,False
driver_availability,driver,이우원,이우원,DRV_024,,,333,야간조,263,1315,1320,21:55,22:00,F,False
driver_availability,driver,이우원,이우원,DRV_024,,,333,야간조,264,1320,1325,22:00,22:05,F,False
driver_availability,driver,이우원,이우원,DRV_024,,,333,야간조,265,1325,1330,22:05,22:10,F,False
driver_availability,driver,이우원,이우원,DRV_024,,,333,야간조,266,1330,1335,22:10,22:15,F,False
driver_availability,driver,이우원,이우원,DRV_024,,,333,야간조,267,1335,1340,22:15,22:20,F,False
driver_availability,driver,이우원,이우원,DRV_024,,,333,야간조,268,1340,1345,22:20,22:25,F,False
driver_availability,driver,이우원,이우원,DRV_024,,,333,야간조,269,1345,1350,22:25,22:30,F,False
driver_availability,driver,이우원,이우원,DRV_024,,,333,야간조,270,1350,1355,22:30,22:35,F,False
driver_availability,driver,이우원,이우원,DRV_024,,,333,야간조,271,1355,1360,22:35,22:40,F,False
driver_availability,driver,이우원,이우원,DRV_024,,,333,야간조,272,1360,1365,22:40,22:45,F,False
driver_availability,driver,이우원,이우원,DRV_024,,,333,야간조,273,1365,1370,22:45,22:50,F,False
driver_availability,driver,이우원,이우원,DRV_024,,,333,야간조,274,1370,1375,22:50,22:55,F,False
driver_availability,driver,이우원,이우원,DRV_024,,,333,야간조,275,1375,1380,22:55,23:00,F,False
driver_availability,driver,이우원,이우원,DRV_024,,,333,야간조,276,1380,1385,23:00,23:05,F,False
driver_availability,driver,이우원,이우원,DRV_024,,,333,야간조,277,1385,1390,23:05,23:10,F,False
driver_availability,driver,이우원,이우원,DRV_024,,,333,야간조,278,1390,1395,23:10,23:15,F,False
driver_availability,driver,이우원,이우원,DRV_024,,,333,야간조,279,1395,1400,23:15,23:20,F,False
driver_availability,driver,이우원,이우원,DRV_024,,,333,야간조,280,1400,1405,23:20,23:25,F,False
driver_availability,driver,이우원,이우원,DRV_024,,,333,야간조,281,1405,1410,23:25,23:30,F,False
driver_availability,driver,이우원,이우원,DRV_024,,,333,야간조,282,1410,1415,23:30,23:35,F,False
driver_availability,driver,이우원,이우원,DRV_024,,,333,야간조,283,1415,1420,23:35,23:40,F,False
driver_availability,driver,이우원,이우원,DRV_024,,,333,야간조,284,1420,1425,23:40,23:45,F,False
driver_availability,driver,이우원,이우원,DRV_024,,,333,야간조,285,1425,1430,23:45,23:50,F,False
driver_availability,driver,이우원,이우원,DRV_024,,,333,야간조,286,1430,1435,23:50,23:55,F,False
driver_availability,driver,이우원,이우원,DRV_024,,,333,야간조,287,1435,1440,23:55,24:00,F,False
driver_availability,driver,이호민,이호민,DRV_025,,,334,야간조,0,0,5,00:00,00:05,F,False
driver_availability,driver,이호민,이호민,DRV_025,,,334,야간조,1,5,10,00:05,00:10,F,False
driver_availability,driver,이호민,이호민,DRV_025,,,334,야간조,2,10,15,00:10,00:15,F,False
driver_availability,driver,이호민,이호민,DRV_025,,,334,야간조,3,15,20,00:15,00:20,F,False
driver_availability,driver,이호민,이호민,DRV_025,,,334,야간조,4,20,25,00:20,00:25,F,False
driver_availability,driver,이호민,이호민,DRV_025,,,334,야간조,5,25,30,00:25,00:30,F,False
driver_availability,driver,이호민,이호민,DRV_025,,,334,야간조,6,30,35,00:30,00:35,F,False
driver_availability,driver,이호민,이호민,DRV_025,,,334,야간조,7,35,40,00:35,00:40,F,False
driver_availability,driver,이호민,이호민,DRV_025,,,334,야간조,8,40,45,00:40,00:45,F,False
driver_availability,driver,이호민,이호민,DRV_025,,,334,야간조,9,45,50,00:45,00:50,F,False
driver_availability,driver,이호민,이호민,DRV_025,,,334,야간조,10,50,55,00:50,00:55,F,False
driver_availability,driver,이호민,이호민,DRV_025,,,334,야간조,11,55,60,00:55,01:00,F,False
driver_availability,driver,이호민,이호민,DRV_025,,,334,야간조,12,60,65,01:00,01:05,F,False
driver_availability,driver,이호민,이호민,DRV_025,,,334,야간조,13,65,70,01:05,01:10,F,False
driver_availability,driver,이호민,이호민,DRV_025,,,334,야간조,14,70,75,01:10,01:15,F,False
driver_availability,driver,이호민,이호민,DRV_025,,,334,야간조,15,75,80,01:15,01:20,F,False
driver_availability,driver,이호민,이호민,DRV_025,,,334,야간조,16,80,85,01:20,01:25,F,False
driver_availability,driver,이호민,이호민,DRV_025,,,334,야간조,17,85,90,01:25,01:30,F,False
driver_availability,driver,이호민,이호민,DRV_025,,,334,야간조,18,90,95,01:30,01:35,F,False
driver_availability,driver,이호민,이호민,DRV_025,,,334,야간조,19,95,100,01:35,01:40,F,False
driver_availability,driver,이호민,이호민,DRV_025,,,334,야간조,20,100,105,01:40,01:45,F,False
driver_availability,driver,이호민,이호민,DRV_025,,,334,야간조,21,105,110,01:45,01:50,F,False
driver_availability,driver,이호민,이호민,DRV_025,,,334,야간조,22,110,115,01:50,01:55,F,False
driver_availability,driver,이호민,이호민,DRV_025,,,334,야간조,23,115,120,01:55,02:00,F,False
driver_availability,driver,이호민,이호민,DRV_025,,,334,야간조,24,120,125,02:00,02:05,F,False
driver_availability,driver,이호민,이호민,DRV_025,,,334,야간조,25,125,130,02:05,02:10,F,False
driver_availability,driver,이호민,이호민,DRV_025,,,334,야간조,26,130,135,02:10,02:15,F,False
driver_availability,driver,이호민,이호민,DRV_025,,,334,야간조,27,135,140,02:15,02:20,F,False
driver_availability,driver,이호민,이호민,DRV_025,,,334,야간조,28,140,145,02:20,02:25,F,False
driver_availability,driver,이호민,이호민,DRV_025,,,334,야간조,29,145,150,02:25,02:30,F,False
driver_availability,driver,이호민,이호민,DRV_025,,,334,야간조,30,150,155,02:30,02:35,F,False
driver_availability,driver,이호민,이호민,DRV_025,,,334,야간조,31,155,160,02:35,02:40,F,False
driver_availability,driver,이호민,이호민,DRV_025,,,334,야간조,32,160,165,02:40,02:45,F,False
driver_availability,driver,이호민,이호민,DRV_025,,,334,야간조,33,165,170,02:45,02:50,F,False
driver_availability,driver,이호민,이호민,DRV_025,,,334,야간조,34,170,175,02:50,02:55,F,False
driver_availability,driver,이호민,이호민,DRV_025,,,334,야간조,35,175,180,02:55,03:00,F,False
driver_availability,driver,이호민,이호민,DRV_025,,,334,야간조,36,180,185,03:00,03:05,F,False
driver_availability,driver,이호민,이호민,DRV_025,,,334,야간조,37,185,190,03:05,03:10,F,False
driver_availability,driver,이호민,이호민,DRV_025,,,334,야간조,38,190,195,03:10,03:15,F,False
driver_availability,driver,이호민,이호민,DRV_025,,,334,야간조,39,195,200,03:15,03:20,F,False
driver_availability,driver,이호민,이호민,DRV_025,,,334,야간조,40,200,205,03:20,03:25,F,False
driver_availability,driver,이호민,이호민,DRV_025,,,334,야간조,41,205,210,03:25,03:30,F,False
driver_availability,driver,이호민,이호민,DRV_025,,,334,야간조,42,210,215,03:30,03:35,F,False
driver_availability,driver,이호민,이호민,DRV_025,,,334,야간조,43,215,220,03:35,03:40,F,False
driver_availability,driver,이호민,이호민,DRV_025,,,334,야간조,44,220,225,03:40,03:45,F,False
driver_availability,driver,이호민,이호민,DRV_025,,,334,야간조,45,225,230,03:45,03:50,F,False
driver_availability,driver,이호민,이호민,DRV_025,,,334,야간조,46,230,235,03:50,03:55,F,False
driver_availability,driver,이호민,이호민,DRV_025,,,334,야간조,47,235,240,03:55,04:00,F,False
driver_availability,driver,이호민,이호민,DRV_025,,,334,야간조,48,240,245,04:00,04:05,F,False
driver_availability,driver,이호민,이호민,DRV_025,,,334,야간조,49,245,250,04:05,04:10,F,False
driver_availability,driver,이호민,이호민,DRV_025,,,334,야간조,50,250,255,04:10,04:15,F,False
driver_availability,driver,이호민,이호민,DRV_025,,,334,야간조,51,255,260,04:15,04:20,F,False
driver_availability,driver,이호민,이호민,DRV_025,,,334,야간조,52,260,265,04:20,04:25,F,False
driver_availability,driver,이호민,이호민,DRV_025,,,334,야간조,53,265,270,04:25,04:30,F,False
driver_availability,driver,이호민,이호민,DRV_025,,,334,야간조,54,270,275,04:30,04:35,F,False
driver_availability,driver,이호민,이호민,DRV_025,,,334,야간조,55,275,280,04:35,04:40,F,False
driver_availability,driver,이호민,이호민,DRV_025,,,334,야간조,56,280,285,04:40,04:45,F,False
driver_availability,driver,이호민,이호민,DRV_025,,,334,야간조,57,285,290,04:45,04:50,F,False
driver_availability,driver,이호민,이호민,DRV_025,,,334,야간조,58,290,295,04:50,04:55,F,False
driver_availability,driver,이호민,이호민,DRV_025,,,334,야간조,59,295,300,04:55,05:00,F,False
driver_availability,driver,이호민,이호민,DRV_025,,,334,야간조,60,300,305,05:00,05:05,F,False
driver_availability,driver,이호민,이호민,DRV_025,,,334,야간조,61,305,310,05:05,05:10,F,False
driver_availability,driver,이호민,이호민,DRV_025,,,334,야간조,62,310,315,05:10,05:15,F,False
driver_availability,driver,이호민,이호민,DRV_025,,,334,야간조,63,315,320,05:15,05:20,F,False
driver_availability,driver,이호민,이호민,DRV_025,,,334,야간조,64,320,325,05:20,05:25,F,False
driver_availability,driver,이호민,이호민,DRV_025,,,334,야간조,65,325,330,05:25,05:30,F,False
driver_availability,driver,이호민,이호민,DRV_025,,,334,야간조,66,330,335,05:30,05:35,F,False
driver_availability,driver,이호민,이호민,DRV_025,,,334,야간조,67,335,340,05:35,05:40,F,False
driver_availability,driver,이호민,이호민,DRV_025,,,334,야간조,68,340,345,05:40,05:45,F,False
driver_availability,driver,이호민,이호민,DRV_025,,,334,야간조,69,345,350,05:45,05:50,F,False
driver_availability,driver,이호민,이호민,DRV_025,,,334,야간조,70,350,355,05:50,05:55,F,False
driver_availability,driver,이호민,이호민,DRV_025,,,334,야간조,71,355,360,05:55,06:00,F,False
driver_availability,driver,이호민,이호민,DRV_025,,,334,야간조,72,360,365,06:00,06:05,F,False
driver_availability,driver,이호민,이호민,DRV_025,,,334,야간조,73,365,370,06:05,06:10,F,False
driver_availability,driver,이호민,이호민,DRV_025,,,334,야간조,74,370,375,06:10,06:15,F,False
driver_availability,driver,이호민,이호민,DRV_025,,,334,야간조,75,375,380,06:15,06:20,F,False
driver_availability,driver,이호민,이호민,DRV_025,,,334,야간조,76,380,385,06:20,06:25,F,False
driver_availability,driver,이호민,이호민,DRV_025,,,334,야간조,77,385,390,06:25,06:30,F,False
driver_availability,driver,이호민,이호민,DRV_025,,,334,야간조,78,390,395,06:30,06:35,F,False
driver_availability,driver,이호민,이호민,DRV_025,,,334,야간조,79,395,400,06:35,06:40,F,False
driver_availability,driver,이호민,이호민,DRV_025,,,334,야간조,80,400,405,06:40,06:45,F,False
driver_availability,driver,이호민,이호민,DRV_025,,,334,야간조,81,405,410,06:45,06:50,F,False
driver_availability,driver,이호민,이호민,DRV_025,,,334,야간조,82,410,415,06:50,06:55,F,False
driver_availability,driver,이호민,이호민,DRV_025,,,334,야간조,83,415,420,06:55,07:00,F,False
driver_availability,driver,이호민,이호민,DRV_025,,,334,야간조,84,420,425,07:00,07:05,F,False
driver_availability,driver,이호민,이호민,DRV_025,,,334,야간조,85,425,430,07:05,07:10,F,False
driver_availability,driver,이호민,이호민,DRV_025,,,334,야간조,86,430,435,07:10,07:15,F,False
driver_availability,driver,이호민,이호민,DRV_025,,,334,야간조,87,435,440,07:15,07:20,F,False
driver_availability,driver,이호민,이호민,DRV_025,,,334,야간조,88,440,445,07:20,07:25,F,False
driver_availability,driver,이호민,이호민,DRV_025,,,334,야간조,89,445,450,07:25,07:30,F,False
driver_availability,driver,이호민,이호민,DRV_025,,,334,야간조,90,450,455,07:30,07:35,F,False
driver_availability,driver,이호민,이호민,DRV_025,,,334,야간조,91,455,460,07:35,07:40,F,False
driver_availability,driver,이호민,이호민,DRV_025,,,334,야간조,92,460,465,07:40,07:45,F,False
driver_availability,driver,이호민,이호민,DRV_025,,,334,야간조,93,465,470,07:45,07:50,F,False
driver_availability,driver,이호민,이호민,DRV_025,,,334,야간조,94,470,475,07:50,07:55,F,False
driver_availability,driver,이호민,이호민,DRV_025,,,334,야간조,95,475,480,07:55,08:00,F,False
driver_availability,driver,이호민,이호민,DRV_025,,,334,야간조,96,480,485,08:00,08:05,F,False
driver_availability,driver,이호민,이호민,DRV_025,,,334,야간조,97,485,490,08:05,08:10,F,False
driver_availability,driver,이호민,이호민,DRV_025,,,334,야간조,98,490,495,08:10,08:15,F,False
driver_availability,driver,이호민,이호민,DRV_025,,,334,야간조,99,495,500,08:15,08:20,F,False
driver_availability,driver,이호민,이호민,DRV_025,,,334,야간조,100,500,505,08:20,08:25,F,False
driver_availability,driver,이호민,이호민,DRV_025,,,334,야간조,101,505,510,08:25,08:30,F,False
driver_availability,driver,이호민,이호민,DRV_025,,,334,야간조,102,510,515,08:30,08:35,F,False
driver_availability,driver,이호민,이호민,DRV_025,,,334,야간조,103,515,520,08:35,08:40,F,False
driver_availability,driver,이호민,이호민,DRV_025,,,334,야간조,104,520,525,08:40,08:45,F,False
driver_availability,driver,이호민,이호민,DRV_025,,,334,야간조,105,525,530,08:45,08:50,F,False
driver_availability,driver,이호민,이호민,DRV_025,,,334,야간조,106,530,535,08:50,08:55,F,False
driver_availability,driver,이호민,이호민,DRV_025,,,334,야간조,107,535,540,08:55,09:00,F,False
driver_availability,driver,이호민,이호민,DRV_025,,,334,야간조,108,540,545,09:00,09:05,F,False
driver_availability,driver,이호민,이호민,DRV_025,,,334,야간조,109,545,550,09:05,09:10,F,False
driver_availability,driver,이호민,이호민,DRV_025,,,334,야간조,110,550,555,09:10,09:15,F,False
driver_availability,driver,이호민,이호민,DRV_025,,,334,야간조,111,555,560,09:15,09:20,F,False
driver_availability,driver,이호민,이호민,DRV_025,,,334,야간조,112,560,565,09:20,09:25,F,False
driver_availability,driver,이호민,이호민,DRV_025,,,334,야간조,113,565,570,09:25,09:30,F,False
driver_availability,driver,이호민,이호민,DRV_025,,,334,야간조,114,570,575,09:30,09:35,F,False
driver_availability,driver,이호민,이호민,DRV_025,,,334,야간조,115,575,580,09:35,09:40,F,False
driver_availability,driver,이호민,이호민,DRV_025,,,334,야간조,116,580,585,09:40,09:45,F,False
driver_availability,driver,이호민,이호민,DRV_025,,,334,야간조,117,585,590,09:45,09:50,F,False
driver_availability,driver,이호민,이호민,DRV_025,,,334,야간조,118,590,595,09:50,09:55,F,False
driver_availability,driver,이호민,이호민,DRV_025,,,334,야간조,119,595,600,09:55,10:00,F,False
driver_availability,driver,이호민,이호민,DRV_025,,,334,야간조,120,600,605,10:00,10:05,F,False
driver_availability,driver,이호민,이호민,DRV_025,,,334,야간조,121,605,610,10:05,10:10,F,False
driver_availability,driver,이호민,이호민,DRV_025,,,334,야간조,122,610,615,10:10,10:15,F,False
driver_availability,driver,이호민,이호민,DRV_025,,,334,야간조,123,615,620,10:15,10:20,F,False
driver_availability,driver,이호민,이호민,DRV_025,,,334,야간조,124,620,625,10:20,10:25,F,False
driver_availability,driver,이호민,이호민,DRV_025,,,334,야간조,125,625,630,10:25,10:30,F,False
driver_availability,driver,이호민,이호민,DRV_025,,,334,야간조,126,630,635,10:30,10:35,F,False
driver_availability,driver,이호민,이호민,DRV_025,,,334,야간조,127,635,640,10:35,10:40,F,False
driver_availability,driver,이호민,이호민,DRV_025,,,334,야간조,128,640,645,10:40,10:45,F,False
driver_availability,driver,이호민,이호민,DRV_025,,,334,야간조,129,645,650,10:45,10:50,F,False
driver_availability,driver,이호민,이호민,DRV_025,,,334,야간조,130,650,655,10:50,10:55,F,False
driver_availability,driver,이호민,이호민,DRV_025,,,334,야간조,131,655,660,10:55,11:00,F,False
driver_availability,driver,이호민,이호민,DRV_025,,,334,야간조,132,660,665,11:00,11:05,F,False
driver_availability,driver,이호민,이호민,DRV_025,,,334,야간조,133,665,670,11:05,11:10,F,False
driver_availability,driver,이호민,이호민,DRV_025,,,334,야간조,134,670,675,11:10,11:15,F,False
driver_availability,driver,이호민,이호민,DRV_025,,,334,야간조,135,675,680,11:15,11:20,F,False
driver_availability,driver,이호민,이호민,DRV_025,,,334,야간조,136,680,685,11:20,11:25,F,False
driver_availability,driver,이호민,이호민,DRV_025,,,334,야간조,137,685,690,11:25,11:30,F,False
driver_availability,driver,이호민,이호민,DRV_025,,,334,야간조,138,690,695,11:30,11:35,F,False
driver_availability,driver,이호민,이호민,DRV_025,,,334,야간조,139,695,700,11:35,11:40,F,False
driver_availability,driver,이호민,이호민,DRV_025,,,334,야간조,140,700,705,11:40,11:45,F,False
driver_availability,driver,이호민,이호민,DRV_025,,,334,야간조,141,705,710,11:45,11:50,F,False
driver_availability,driver,이호민,이호민,DRV_025,,,334,야간조,142,710,715,11:50,11:55,F,False
driver_availability,driver,이호민,이호민,DRV_025,,,334,야간조,143,715,720,11:55,12:00,F,False
driver_availability,driver,이호민,이호민,DRV_025,,,334,야간조,144,720,725,12:00,12:05,F,False
driver_availability,driver,이호민,이호민,DRV_025,,,334,야간조,145,725,730,12:05,12:10,F,False
driver_availability,driver,이호민,이호민,DRV_025,,,334,야간조,146,730,735,12:10,12:15,F,False
driver_availability,driver,이호민,이호민,DRV_025,,,334,야간조,147,735,740,12:15,12:20,F,False
driver_availability,driver,이호민,이호민,DRV_025,,,334,야간조,148,740,745,12:20,12:25,F,False
driver_availability,driver,이호민,이호민,DRV_025,,,334,야간조,149,745,750,12:25,12:30,F,False
driver_availability,driver,이호민,이호민,DRV_025,,,334,야간조,150,750,755,12:30,12:35,F,False
driver_availability,driver,이호민,이호민,DRV_025,,,334,야간조,151,755,760,12:35,12:40,F,False
driver_availability,driver,이호민,이호민,DRV_025,,,334,야간조,152,760,765,12:40,12:45,F,False
driver_availability,driver,이호민,이호민,DRV_025,,,334,야간조,153,765,770,12:45,12:50,F,False
driver_availability,driver,이호민,이호민,DRV_025,,,334,야간조,154,770,775,12:50,12:55,F,False
driver_availability,driver,이호민,이호민,DRV_025,,,334,야간조,155,775,780,12:55,13:00,F,False
driver_availability,driver,이호민,이호민,DRV_025,,,334,야간조,156,780,785,13:00,13:05,F,False
driver_availability,driver,이호민,이호민,DRV_025,,,334,야간조,157,785,790,13:05,13:10,F,False
driver_availability,driver,이호민,이호민,DRV_025,,,334,야간조,158,790,795,13:10,13:15,F,False
driver_availability,driver,이호민,이호민,DRV_025,,,334,야간조,159,795,800,13:15,13:20,F,False
driver_availability,driver,이호민,이호민,DRV_025,,,334,야간조,160,800,805,13:20,13:25,F,False
driver_availability,driver,이호민,이호민,DRV_025,,,334,야간조,161,805,810,13:25,13:30,F,False
driver_availability,driver,이호민,이호민,DRV_025,,,334,야간조,162,810,815,13:30,13:35,F,False
driver_availability,driver,이호민,이호민,DRV_025,,,334,야간조,163,815,820,13:35,13:40,F,False
driver_availability,driver,이호민,이호민,DRV_025,,,334,야간조,164,820,825,13:40,13:45,F,False
driver_availability,driver,이호민,이호민,DRV_025,,,334,야간조,165,825,830,13:45,13:50,F,False
driver_availability,driver,이호민,이호민,DRV_025,,,334,야간조,166,830,835,13:50,13:55,F,False
driver_availability,driver,이호민,이호민,DRV_025,,,334,야간조,167,835,840,13:55,14:00,F,False
driver_availability,driver,이호민,이호민,DRV_025,,,334,야간조,168,840,845,14:00,14:05,F,False
driver_availability,driver,이호민,이호민,DRV_025,,,334,야간조,169,845,850,14:05,14:10,F,False
driver_availability,driver,이호민,이호민,DRV_025,,,334,야간조,170,850,855,14:10,14:15,F,False
driver_availability,driver,이호민,이호민,DRV_025,,,334,야간조,171,855,860,14:15,14:20,F,False
driver_availability,driver,이호민,이호민,DRV_025,,,334,야간조,172,860,865,14:20,14:25,F,False
driver_availability,driver,이호민,이호민,DRV_025,,,334,야간조,173,865,870,14:25,14:30,F,False
driver_availability,driver,이호민,이호민,DRV_025,,,334,야간조,174,870,875,14:30,14:35,F,False
driver_availability,driver,이호민,이호민,DRV_025,,,334,야간조,175,875,880,14:35,14:40,F,False
driver_availability,driver,이호민,이호민,DRV_025,,,334,야간조,176,880,885,14:40,14:45,F,False
driver_availability,driver,이호민,이호민,DRV_025,,,334,야간조,177,885,890,14:45,14:50,F,False
driver_availability,driver,이호민,이호민,DRV_025,,,334,야간조,178,890,895,14:50,14:55,F,False
driver_availability,driver,이호민,이호민,DRV_025,,,334,야간조,179,895,900,14:55,15:00,F,False
driver_availability,driver,이호민,이호민,DRV_025,,,334,야간조,180,900,905,15:00,15:05,F,False
driver_availability,driver,이호민,이호민,DRV_025,,,334,야간조,181,905,910,15:05,15:10,F,False
driver_availability,driver,이호민,이호민,DRV_025,,,334,야간조,182,910,915,15:10,15:15,F,False
driver_availability,driver,이호민,이호민,DRV_025,,,334,야간조,183,915,920,15:15,15:20,F,False
driver_availability,driver,이호민,이호민,DRV_025,,,334,야간조,184,920,925,15:20,15:25,F,False
driver_availability,driver,이호민,이호민,DRV_025,,,334,야간조,185,925,930,15:25,15:30,F,False
driver_availability,driver,이호민,이호민,DRV_025,,,334,야간조,186,930,935,15:30,15:35,F,False
driver_availability,driver,이호민,이호민,DRV_025,,,334,야간조,187,935,940,15:35,15:40,F,False
driver_availability,driver,이호민,이호민,DRV_025,,,334,야간조,188,940,945,15:40,15:45,F,False
driver_availability,driver,이호민,이호민,DRV_025,,,334,야간조,189,945,950,15:45,15:50,F,False
driver_availability,driver,이호민,이호민,DRV_025,,,334,야간조,190,950,955,15:50,15:55,F,False
driver_availability,driver,이호민,이호민,DRV_025,,,334,야간조,191,955,960,15:55,16:00,F,False
driver_availability,driver,이호민,이호민,DRV_025,,,334,야간조,192,960,965,16:00,16:05,F,False
driver_availability,driver,이호민,이호민,DRV_025,,,334,야간조,193,965,970,16:05,16:10,F,False
driver_availability,driver,이호민,이호민,DRV_025,,,334,야간조,194,970,975,16:10,16:15,F,False
driver_availability,driver,이호민,이호민,DRV_025,,,334,야간조,195,975,980,16:15,16:20,F,False
driver_availability,driver,이호민,이호민,DRV_025,,,334,야간조,196,980,985,16:20,16:25,F,False
driver_availability,driver,이호민,이호민,DRV_025,,,334,야간조,197,985,990,16:25,16:30,F,False
driver_availability,driver,이호민,이호민,DRV_025,,,334,야간조,198,990,995,16:30,16:35,F,False
driver_availability,driver,이호민,이호민,DRV_025,,,334,야간조,199,995,1000,16:35,16:40,F,False
driver_availability,driver,이호민,이호민,DRV_025,,,334,야간조,200,1000,1005,16:40,16:45,F,False
driver_availability,driver,이호민,이호민,DRV_025,,,334,야간조,201,1005,1010,16:45,16:50,F,False
driver_availability,driver,이호민,이호민,DRV_025,,,334,야간조,202,1010,1015,16:50,16:55,F,False
driver_availability,driver,이호민,이호민,DRV_025,,,334,야간조,203,1015,1020,16:55,17:00,F,False
driver_availability,driver,이호민,이호민,DRV_025,,,334,야간조,204,1020,1025,17:00,17:05,F,False
driver_availability,driver,이호민,이호민,DRV_025,,,334,야간조,205,1025,1030,17:05,17:10,F,False
driver_availability,driver,이호민,이호민,DRV_025,,,334,야간조,206,1030,1035,17:10,17:15,F,False
driver_availability,driver,이호민,이호민,DRV_025,,,334,야간조,207,1035,1040,17:15,17:20,F,False
driver_availability,driver,이호민,이호민,DRV_025,,,334,야간조,208,1040,1045,17:20,17:25,F,False
driver_availability,driver,이호민,이호민,DRV_025,,,334,야간조,209,1045,1050,17:25,17:30,F,False
driver_availability,driver,이호민,이호민,DRV_025,,,334,야간조,210,1050,1055,17:30,17:35,F,False
driver_availability,driver,이호민,이호민,DRV_025,,,334,야간조,211,1055,1060,17:35,17:40,F,False
driver_availability,driver,이호민,이호민,DRV_025,,,334,야간조,212,1060,1065,17:40,17:45,F,False
driver_availability,driver,이호민,이호민,DRV_025,,,334,야간조,213,1065,1070,17:45,17:50,F,False
driver_availability,driver,이호민,이호민,DRV_025,,,334,야간조,214,1070,1075,17:50,17:55,F,False
driver_availability,driver,이호민,이호민,DRV_025,,,334,야간조,215,1075,1080,17:55,18:00,F,False
driver_availability,driver,이호민,이호민,DRV_025,,,334,야간조,216,1080,1085,18:00,18:05,F,False
driver_availability,driver,이호민,이호민,DRV_025,,,334,야간조,217,1085,1090,18:05,18:10,F,False
driver_availability,driver,이호민,이호민,DRV_025,,,334,야간조,218,1090,1095,18:10,18:15,F,False
driver_availability,driver,이호민,이호민,DRV_025,,,334,야간조,219,1095,1100,18:15,18:20,F,False
driver_availability,driver,이호민,이호민,DRV_025,,,334,야간조,220,1100,1105,18:20,18:25,F,False
driver_availability,driver,이호민,이호민,DRV_025,,,334,야간조,221,1105,1110,18:25,18:30,F,False
driver_availability,driver,이호민,이호민,DRV_025,,,334,야간조,222,1110,1115,18:30,18:35,F,False
driver_availability,driver,이호민,이호민,DRV_025,,,334,야간조,223,1115,1120,18:35,18:40,F,False
driver_availability,driver,이호민,이호민,DRV_025,,,334,야간조,224,1120,1125,18:40,18:45,F,False
driver_availability,driver,이호민,이호민,DRV_025,,,334,야간조,225,1125,1130,18:45,18:50,F,False
driver_availability,driver,이호민,이호민,DRV_025,,,334,야간조,226,1130,1135,18:50,18:55,F,False
driver_availability,driver,이호민,이호민,DRV_025,,,334,야간조,227,1135,1140,18:55,19:00,F,False
driver_availability,driver,이호민,이호민,DRV_025,,,334,야간조,228,1140,1145,19:00,19:05,F,False
driver_availability,driver,이호민,이호민,DRV_025,,,334,야간조,229,1145,1150,19:05,19:10,F,False
driver_availability,driver,이호민,이호민,DRV_025,,,334,야간조,230,1150,1155,19:10,19:15,F,False
driver_availability,driver,이호민,이호민,DRV_025,,,334,야간조,231,1155,1160,19:15,19:20,F,False
driver_availability,driver,이호민,이호민,DRV_025,,,334,야간조,232,1160,1165,19:20,19:25,F,False
driver_availability,driver,이호민,이호민,DRV_025,,,334,야간조,233,1165,1170,19:25,19:30,F,False
driver_availability,driver,이호민,이호민,DRV_025,,,334,야간조,234,1170,1175,19:30,19:35,F,False
driver_availability,driver,이호민,이호민,DRV_025,,,334,야간조,235,1175,1180,19:35,19:40,F,False
driver_availability,driver,이호민,이호민,DRV_025,,,334,야간조,236,1180,1185,19:40,19:45,F,False
driver_availability,driver,이호민,이호민,DRV_025,,,334,야간조,237,1185,1190,19:45,19:50,F,False
driver_availability,driver,이호민,이호민,DRV_025,,,334,야간조,238,1190,1195,19:50,19:55,F,False
driver_availability,driver,이호민,이호민,DRV_025,,,334,야간조,239,1195,1200,19:55,20:00,F,False
driver_availability,driver,이호민,이호민,DRV_025,,,334,야간조,240,1200,1205,20:00,20:05,F,False
driver_availability,driver,이호민,이호민,DRV_025,,,334,야간조,241,1205,1210,20:05,20:10,F,False
driver_availability,driver,이호민,이호민,DRV_025,,,334,야간조,242,1210,1215,20:10,20:15,F,False
driver_availability,driver,이호민,이호민,DRV_025,,,334,야간조,243,1215,1220,20:15,20:20,F,False
driver_availability,driver,이호민,이호민,DRV_025,,,334,야간조,244,1220,1225,20:20,20:25,F,False
driver_availability,driver,이호민,이호민,DRV_025,,,334,야간조,245,1225,1230,20:25,20:30,F,False
driver_availability,driver,이호민,이호민,DRV_025,,,334,야간조,246,1230,1235,20:30,20:35,F,False
driver_availability,driver,이호민,이호민,DRV_025,,,334,야간조,247,1235,1240,20:35,20:40,F,False
driver_availability,driver,이호민,이호민,DRV_025,,,334,야간조,248,1240,1245,20:40,20:45,F,False
driver_availability,driver,이호민,이호민,DRV_025,,,334,야간조,249,1245,1250,20:45,20:50,F,False
driver_availability,driver,이호민,이호민,DRV_025,,,334,야간조,250,1250,1255,20:50,20:55,F,False
driver_availability,driver,이호민,이호민,DRV_025,,,334,야간조,251,1255,1260,20:55,21:00,F,False
driver_availability,driver,이호민,이호민,DRV_025,,,334,야간조,252,1260,1265,21:00,21:05,F,False
driver_availability,driver,이호민,이호민,DRV_025,,,334,야간조,253,1265,1270,21:05,21:10,F,False
driver_availability,driver,이호민,이호민,DRV_025,,,334,야간조,254,1270,1275,21:10,21:15,F,False
driver_availability,driver,이호민,이호민,DRV_025,,,334,야간조,255,1275,1280,21:15,21:20,F,False
driver_availability,driver,이호민,이호민,DRV_025,,,334,야간조,256,1280,1285,21:20,21:25,F,False
driver_availability,driver,이호민,이호민,DRV_025,,,334,야간조,257,1285,1290,21:25,21:30,F,False
driver_availability,driver,이호민,이호민,DRV_025,,,334,야간조,258,1290,1295,21:30,21:35,F,False
driver_availability,driver,이호민,이호민,DRV_025,,,334,야간조,259,1295,1300,21:35,21:40,F,False
driver_availability,driver,이호민,이호민,DRV_025,,,334,야간조,260,1300,1305,21:40,21:45,F,False
driver_availability,driver,이호민,이호민,DRV_025,,,334,야간조,261,1305,1310,21:45,21:50,F,False
driver_availability,driver,이호민,이호민,DRV_025,,,334,야간조,262,1310,1315,21:50,21:55,F,False
driver_availability,driver,이호민,이호민,DRV_025,,,334,야간조,263,1315,1320,21:55,22:00,F,False
driver_availability,driver,이호민,이호민,DRV_025,,,334,야간조,264,1320,1325,22:00,22:05,F,False
driver_availability,driver,이호민,이호민,DRV_025,,,334,야간조,265,1325,1330,22:05,22:10,F,False
driver_availability,driver,이호민,이호민,DRV_025,,,334,야간조,266,1330,1335,22:10,22:15,F,False
driver_availability,driver,이호민,이호민,DRV_025,,,334,야간조,267,1335,1340,22:15,22:20,F,False
driver_availability,driver,이호민,이호민,DRV_025,,,334,야간조,268,1340,1345,22:20,22:25,F,False
driver_availability,driver,이호민,이호민,DRV_025,,,334,야간조,269,1345,1350,22:25,22:30,F,False
driver_availability,driver,이호민,이호민,DRV_025,,,334,야간조,270,1350,1355,22:30,22:35,F,False
driver_availability,driver,이호민,이호민,DRV_025,,,334,야간조,271,1355,1360,22:35,22:40,F,False
driver_availability,driver,이호민,이호민,DRV_025,,,334,야간조,272,1360,1365,22:40,22:45,F,False
driver_availability,driver,이호민,이호민,DRV_025,,,334,야간조,273,1365,1370,22:45,22:50,F,False
driver_availability,driver,이호민,이호민,DRV_025,,,334,야간조,274,1370,1375,22:50,22:55,F,False
driver_availability,driver,이호민,이호민,DRV_025,,,334,야간조,275,1375,1380,22:55,23:00,F,False
driver_availability,driver,이호민,이호민,DRV_025,,,334,야간조,276,1380,1385,23:00,23:05,F,False
driver_availability,driver,이호민,이호민,DRV_025,,,334,야간조,277,1385,1390,23:05,23:10,F,False
driver_availability,driver,이호민,이호민,DRV_025,,,334,야간조,278,1390,1395,23:10,23:15,F,False
driver_availability,driver,이호민,이호민,DRV_025,,,334,야간조,279,1395,1400,23:15,23:20,F,False
driver_availability,driver,이호민,이호민,DRV_025,,,334,야간조,280,1400,1405,23:20,23:25,F,False
driver_availability,driver,이호민,이호민,DRV_025,,,334,야간조,281,1405,1410,23:25,23:30,F,False
driver_availability,driver,이호민,이호민,DRV_025,,,334,야간조,282,1410,1415,23:30,23:35,F,False
driver_availability,driver,이호민,이호민,DRV_025,,,334,야간조,283,1415,1420,23:35,23:40,F,False
driver_availability,driver,이호민,이호민,DRV_025,,,334,야간조,284,1420,1425,23:40,23:45,F,False
driver_availability,driver,이호민,이호민,DRV_025,,,334,야간조,285,1425,1430,23:45,23:50,F,False
driver_availability,driver,이호민,이호민,DRV_025,,,334,야간조,286,1430,1435,23:50,23:55,F,False
driver_availability,driver,이호민,이호민,DRV_025,,,334,야간조,287,1435,1440,23:55,24:00,F,False
driver_availability,driver,제윤정,제윤정,DRV_026,,,333,,0,0,5,00:00,00:05,T,True
driver_availability,driver,제윤정,제윤정,DRV_026,,,333,,1,5,10,00:05,00:10,T,True
driver_availability,driver,제윤정,제윤정,DRV_026,,,333,,2,10,15,00:10,00:15,T,True
driver_availability,driver,제윤정,제윤정,DRV_026,,,333,,3,15,20,00:15,00:20,T,True
driver_availability,driver,제윤정,제윤정,DRV_026,,,333,,4,20,25,00:20,00:25,T,True
driver_availability,driver,제윤정,제윤정,DRV_026,,,333,,5,25,30,00:25,00:30,T,True
driver_availability,driver,제윤정,제윤정,DRV_026,,,333,,6,30,35,00:30,00:35,T,True
driver_availability,driver,제윤정,제윤정,DRV_026,,,333,,7,35,40,00:35,00:40,T,True
driver_availability,driver,제윤정,제윤정,DRV_026,,,333,,8,40,45,00:40,00:45,T,True
driver_availability,driver,제윤정,제윤정,DRV_026,,,333,,9,45,50,00:45,00:50,T,True
driver_availability,driver,제윤정,제윤정,DRV_026,,,333,,10,50,55,00:50,00:55,T,True
driver_availability,driver,제윤정,제윤정,DRV_026,,,333,,11,55,60,00:55,01:00,T,True
driver_availability,driver,제윤정,제윤정,DRV_026,,,333,,12,60,65,01:00,01:05,T,True
driver_availability,driver,제윤정,제윤정,DRV_026,,,333,,13,65,70,01:05,01:10,T,True
driver_availability,driver,제윤정,제윤정,DRV_026,,,333,,14,70,75,01:10,01:15,T,True
driver_availability,driver,제윤정,제윤정,DRV_026,,,333,,15,75,80,01:15,01:20,T,True
driver_availability,driver,제윤정,제윤정,DRV_026,,,333,,16,80,85,01:20,01:25,T,True
driver_availability,driver,제윤정,제윤정,DRV_026,,,333,,17,85,90,01:25,01:30,T,True
driver_availability,driver,제윤정,제윤정,DRV_026,,,333,,18,90,95,01:30,01:35,T,True
driver_availability,driver,제윤정,제윤정,DRV_026,,,333,,19,95,100,01:35,01:40,T,True
driver_availability,driver,제윤정,제윤정,DRV_026,,,333,,20,100,105,01:40,01:45,T,True
driver_availability,driver,제윤정,제윤정,DRV_026,,,333,,21,105,110,01:45,01:50,T,True
driver_availability,driver,제윤정,제윤정,DRV_026,,,333,,22,110,115,01:50,01:55,T,True
driver_availability,driver,제윤정,제윤정,DRV_026,,,333,,23,115,120,01:55,02:00,T,True
driver_availability,driver,제윤정,제윤정,DRV_026,,,333,,24,120,125,02:00,02:05,T,True
driver_availability,driver,제윤정,제윤정,DRV_026,,,333,,25,125,130,02:05,02:10,T,True
driver_availability,driver,제윤정,제윤정,DRV_026,,,333,,26,130,135,02:10,02:15,T,True
driver_availability,driver,제윤정,제윤정,DRV_026,,,333,,27,135,140,02:15,02:20,T,True
driver_availability,driver,제윤정,제윤정,DRV_026,,,333,,28,140,145,02:20,02:25,T,True
driver_availability,driver,제윤정,제윤정,DRV_026,,,333,,29,145,150,02:25,02:30,T,True
driver_availability,driver,제윤정,제윤정,DRV_026,,,333,,30,150,155,02:30,02:35,T,True
driver_availability,driver,제윤정,제윤정,DRV_026,,,333,,31,155,160,02:35,02:40,T,True
driver_availability,driver,제윤정,제윤정,DRV_026,,,333,,32,160,165,02:40,02:45,T,True
driver_availability,driver,제윤정,제윤정,DRV_026,,,333,,33,165,170,02:45,02:50,T,True
driver_availability,driver,제윤정,제윤정,DRV_026,,,333,,34,170,175,02:50,02:55,T,True
driver_availability,driver,제윤정,제윤정,DRV_026,,,333,,35,175,180,02:55,03:00,T,True
driver_availability,driver,제윤정,제윤정,DRV_026,,,333,,36,180,185,03:00,03:05,T,True
driver_availability,driver,제윤정,제윤정,DRV_026,,,333,,37,185,190,03:05,03:10,T,True
driver_availability,driver,제윤정,제윤정,DRV_026,,,333,,38,190,195,03:10,03:15,T,True
driver_availability,driver,제윤정,제윤정,DRV_026,,,333,,39,195,200,03:15,03:20,T,True
driver_availability,driver,제윤정,제윤정,DRV_026,,,333,,40,200,205,03:20,03:25,T,True
driver_availability,driver,제윤정,제윤정,DRV_026,,,333,,41,205,210,03:25,03:30,T,True
driver_availability,driver,제윤정,제윤정,DRV_026,,,333,,42,210,215,03:30,03:35,T,True
driver_availability,driver,제윤정,제윤정,DRV_026,,,333,,43,215,220,03:35,03:40,T,True
driver_availability,driver,제윤정,제윤정,DRV_026,,,333,,44,220,225,03:40,03:45,T,True
driver_availability,driver,제윤정,제윤정,DRV_026,,,333,,45,225,230,03:45,03:50,T,True
driver_availability,driver,제윤정,제윤정,DRV_026,,,333,,46,230,235,03:50,03:55,T,True
driver_availability,driver,제윤정,제윤정,DRV_026,,,333,,47,235,240,03:55,04:00,T,True
driver_availability,driver,제윤정,제윤정,DRV_026,,,333,,48,240,245,04:00,04:05,T,True
driver_availability,driver,제윤정,제윤정,DRV_026,,,333,,49,245,250,04:05,04:10,T,True
driver_availability,driver,제윤정,제윤정,DRV_026,,,333,,50,250,255,04:10,04:15,T,True
driver_availability,driver,제윤정,제윤정,DRV_026,,,333,,51,255,260,04:15,04:20,T,True
driver_availability,driver,제윤정,제윤정,DRV_026,,,333,,52,260,265,04:20,04:25,T,True
driver_availability,driver,제윤정,제윤정,DRV_026,,,333,,53,265,270,04:25,04:30,T,True
driver_availability,driver,제윤정,제윤정,DRV_026,,,333,,54,270,275,04:30,04:35,T,True
driver_availability,driver,제윤정,제윤정,DRV_026,,,333,,55,275,280,04:35,04:40,T,True
driver_availability,driver,제윤정,제윤정,DRV_026,,,333,,56,280,285,04:40,04:45,T,True
driver_availability,driver,제윤정,제윤정,DRV_026,,,333,,57,285,290,04:45,04:50,T,True
driver_availability,driver,제윤정,제윤정,DRV_026,,,333,,58,290,295,04:50,04:55,T,True
driver_availability,driver,제윤정,제윤정,DRV_026,,,333,,59,295,300,04:55,05:00,T,True
driver_availability,driver,제윤정,제윤정,DRV_026,,,333,,60,300,305,05:00,05:05,T,True
driver_availability,driver,제윤정,제윤정,DRV_026,,,333,,61,305,310,05:05,05:10,T,True
driver_availability,driver,제윤정,제윤정,DRV_026,,,333,,62,310,315,05:10,05:15,T,True
driver_availability,driver,제윤정,제윤정,DRV_026,,,333,,63,315,320,05:15,05:20,T,True
driver_availability,driver,제윤정,제윤정,DRV_026,,,333,,64,320,325,05:20,05:25,T,True
driver_availability,driver,제윤정,제윤정,DRV_026,,,333,,65,325,330,05:25,05:30,T,True
driver_availability,driver,제윤정,제윤정,DRV_026,,,333,,66,330,335,05:30,05:35,T,True
driver_availability,driver,제윤정,제윤정,DRV_026,,,333,,67,335,340,05:35,05:40,T,True
driver_availability,driver,제윤정,제윤정,DRV_026,,,333,,68,340,345,05:40,05:45,T,True
driver_availability,driver,제윤정,제윤정,DRV_026,,,333,,69,345,350,05:45,05:50,T,True
driver_availability,driver,제윤정,제윤정,DRV_026,,,333,,70,350,355,05:50,05:55,T,True
driver_availability,driver,제윤정,제윤정,DRV_026,,,333,,71,355,360,05:55,06:00,T,True
driver_availability,driver,제윤정,제윤정,DRV_026,,,333,,72,360,365,06:00,06:05,T,True
driver_availability,driver,제윤정,제윤정,DRV_026,,,333,,73,365,370,06:05,06:10,T,True
driver_availability,driver,제윤정,제윤정,DRV_026,,,333,,74,370,375,06:10,06:15,T,True
driver_availability,driver,제윤정,제윤정,DRV_026,,,333,,75,375,380,06:15,06:20,T,True
driver_availability,driver,제윤정,제윤정,DRV_026,,,333,,76,380,385,06:20,06:25,T,True
driver_availability,driver,제윤정,제윤정,DRV_026,,,333,,77,385,390,06:25,06:30,T,True
driver_availability,driver,제윤정,제윤정,DRV_026,,,333,,78,390,395,06:30,06:35,T,True
driver_availability,driver,제윤정,제윤정,DRV_026,,,333,,79,395,400,06:35,06:40,T,True
driver_availability,driver,제윤정,제윤정,DRV_026,,,333,,80,400,405,06:40,06:45,T,True
driver_availability,driver,제윤정,제윤정,DRV_026,,,333,,81,405,410,06:45,06:50,T,True
driver_availability,driver,제윤정,제윤정,DRV_026,,,333,,82,410,415,06:50,06:55,T,True
driver_availability,driver,제윤정,제윤정,DRV_026,,,333,,83,415,420,06:55,07:00,T,True
driver_availability,driver,제윤정,제윤정,DRV_026,,,333,,84,420,425,07:00,07:05,T,True
driver_availability,driver,제윤정,제윤정,DRV_026,,,333,,85,425,430,07:05,07:10,T,True
driver_availability,driver,제윤정,제윤정,DRV_026,,,333,,86,430,435,07:10,07:15,T,True
driver_availability,driver,제윤정,제윤정,DRV_026,,,333,,87,435,440,07:15,07:20,T,True
driver_availability,driver,제윤정,제윤정,DRV_026,,,333,,88,440,445,07:20,07:25,T,True
driver_availability,driver,제윤정,제윤정,DRV_026,,,333,,89,445,450,07:25,07:30,T,True
driver_availability,driver,제윤정,제윤정,DRV_026,,,333,,90,450,455,07:30,07:35,T,True
driver_availability,driver,제윤정,제윤정,DRV_026,,,333,,91,455,460,07:35,07:40,T,True
driver_availability,driver,제윤정,제윤정,DRV_026,,,333,,92,460,465,07:40,07:45,T,True
driver_availability,driver,제윤정,제윤정,DRV_026,,,333,,93,465,470,07:45,07:50,T,True
driver_availability,driver,제윤정,제윤정,DRV_026,,,333,,94,470,475,07:50,07:55,T,True
driver_availability,driver,제윤정,제윤정,DRV_026,,,333,,95,475,480,07:55,08:00,T,True
driver_availability,driver,제윤정,제윤정,DRV_026,,,333,,96,480,485,08:00,08:05,F,False
driver_availability,driver,제윤정,제윤정,DRV_026,,,333,,97,485,490,08:05,08:10,F,False
driver_availability,driver,제윤정,제윤정,DRV_026,,,333,,98,490,495,08:10,08:15,F,False
driver_availability,driver,제윤정,제윤정,DRV_026,,,333,,99,495,500,08:15,08:20,F,False
driver_availability,driver,제윤정,제윤정,DRV_026,,,333,,100,500,505,08:20,08:25,F,False
driver_availability,driver,제윤정,제윤정,DRV_026,,,333,,101,505,510,08:25,08:30,F,False
driver_availability,driver,제윤정,제윤정,DRV_026,,,333,,102,510,515,08:30,08:35,F,False
driver_availability,driver,제윤정,제윤정,DRV_026,,,333,,103,515,520,08:35,08:40,F,False
driver_availability,driver,제윤정,제윤정,DRV_026,,,333,,104,520,525,08:40,08:45,F,False
driver_availability,driver,제윤정,제윤정,DRV_026,,,333,,105,525,530,08:45,08:50,F,False
driver_availability,driver,제윤정,제윤정,DRV_026,,,333,,106,530,535,08:50,08:55,F,False
driver_availability,driver,제윤정,제윤정,DRV_026,,,333,,107,535,540,08:55,09:00,F,False
driver_availability,driver,제윤정,제윤정,DRV_026,,,333,,108,540,545,09:00,09:05,F,False
driver_availability,driver,제윤정,제윤정,DRV_026,,,333,,109,545,550,09:05,09:10,F,False
driver_availability,driver,제윤정,제윤정,DRV_026,,,333,,110,550,555,09:10,09:15,F,False
driver_availability,driver,제윤정,제윤정,DRV_026,,,333,,111,555,560,09:15,09:20,F,False
driver_availability,driver,제윤정,제윤정,DRV_026,,,333,,112,560,565,09:20,09:25,F,False
driver_availability,driver,제윤정,제윤정,DRV_026,,,333,,113,565,570,09:25,09:30,F,False
driver_availability,driver,제윤정,제윤정,DRV_026,,,333,,114,570,575,09:30,09:35,F,False
driver_availability,driver,제윤정,제윤정,DRV_026,,,333,,115,575,580,09:35,09:40,F,False
driver_availability,driver,제윤정,제윤정,DRV_026,,,333,,116,580,585,09:40,09:45,F,False
driver_availability,driver,제윤정,제윤정,DRV_026,,,333,,117,585,590,09:45,09:50,F,False
driver_availability,driver,제윤정,제윤정,DRV_026,,,333,,118,590,595,09:50,09:55,F,False
driver_availability,driver,제윤정,제윤정,DRV_026,,,333,,119,595,600,09:55,10:00,F,False
driver_availability,driver,제윤정,제윤정,DRV_026,,,333,,120,600,605,10:00,10:05,F,False
driver_availability,driver,제윤정,제윤정,DRV_026,,,333,,121,605,610,10:05,10:10,F,False
driver_availability,driver,제윤정,제윤정,DRV_026,,,333,,122,610,615,10:10,10:15,F,False
driver_availability,driver,제윤정,제윤정,DRV_026,,,333,,123,615,620,10:15,10:20,F,False
driver_availability,driver,제윤정,제윤정,DRV_026,,,333,,124,620,625,10:20,10:25,F,False
driver_availability,driver,제윤정,제윤정,DRV_026,,,333,,125,625,630,10:25,10:30,F,False
driver_availability,driver,제윤정,제윤정,DRV_026,,,333,,126,630,635,10:30,10:35,F,False
driver_availability,driver,제윤정,제윤정,DRV_026,,,333,,127,635,640,10:35,10:40,F,False
driver_availability,driver,제윤정,제윤정,DRV_026,,,333,,128,640,645,10:40,10:45,F,False
driver_availability,driver,제윤정,제윤정,DRV_026,,,333,,129,645,650,10:45,10:50,F,False
driver_availability,driver,제윤정,제윤정,DRV_026,,,333,,130,650,655,10:50,10:55,F,False
driver_availability,driver,제윤정,제윤정,DRV_026,,,333,,131,655,660,10:55,11:00,F,False
driver_availability,driver,제윤정,제윤정,DRV_026,,,333,,132,660,665,11:00,11:05,F,False
driver_availability,driver,제윤정,제윤정,DRV_026,,,333,,133,665,670,11:05,11:10,F,False
driver_availability,driver,제윤정,제윤정,DRV_026,,,333,,134,670,675,11:10,11:15,F,False
driver_availability,driver,제윤정,제윤정,DRV_026,,,333,,135,675,680,11:15,11:20,F,False
driver_availability,driver,제윤정,제윤정,DRV_026,,,333,,136,680,685,11:20,11:25,F,False
driver_availability,driver,제윤정,제윤정,DRV_026,,,333,,137,685,690,11:25,11:30,F,False
driver_availability,driver,제윤정,제윤정,DRV_026,,,333,,138,690,695,11:30,11:35,F,False
driver_availability,driver,제윤정,제윤정,DRV_026,,,333,,139,695,700,11:35,11:40,F,False
driver_availability,driver,제윤정,제윤정,DRV_026,,,333,,140,700,705,11:40,11:45,F,False
driver_availability,driver,제윤정,제윤정,DRV_026,,,333,,141,705,710,11:45,11:50,F,False
driver_availability,driver,제윤정,제윤정,DRV_026,,,333,,142,710,715,11:50,11:55,F,False
driver_availability,driver,제윤정,제윤정,DRV_026,,,333,,143,715,720,11:55,12:00,F,False
driver_availability,driver,제윤정,제윤정,DRV_026,,,333,,144,720,725,12:00,12:05,F,False
driver_availability,driver,제윤정,제윤정,DRV_026,,,333,,145,725,730,12:05,12:10,F,False
driver_availability,driver,제윤정,제윤정,DRV_026,,,333,,146,730,735,12:10,12:15,F,False
driver_availability,driver,제윤정,제윤정,DRV_026,,,333,,147,735,740,12:15,12:20,F,False
driver_availability,driver,제윤정,제윤정,DRV_026,,,333,,148,740,745,12:20,12:25,F,False
driver_availability,driver,제윤정,제윤정,DRV_026,,,333,,149,745,750,12:25,12:30,F,False
driver_availability,driver,제윤정,제윤정,DRV_026,,,333,,150,750,755,12:30,12:35,F,False
driver_availability,driver,제윤정,제윤정,DRV_026,,,333,,151,755,760,12:35,12:40,F,False
driver_availability,driver,제윤정,제윤정,DRV_026,,,333,,152,760,765,12:40,12:45,F,False
driver_availability,driver,제윤정,제윤정,DRV_026,,,333,,153,765,770,12:45,12:50,F,False
driver_availability,driver,제윤정,제윤정,DRV_026,,,333,,154,770,775,12:50,12:55,F,False
driver_availability,driver,제윤정,제윤정,DRV_026,,,333,,155,775,780,12:55,13:00,F,False
driver_availability,driver,제윤정,제윤정,DRV_026,,,333,,156,780,785,13:00,13:05,F,False
driver_availability,driver,제윤정,제윤정,DRV_026,,,333,,157,785,790,13:05,13:10,F,False
driver_availability,driver,제윤정,제윤정,DRV_026,,,333,,158,790,795,13:10,13:15,F,False
driver_availability,driver,제윤정,제윤정,DRV_026,,,333,,159,795,800,13:15,13:20,F,False
driver_availability,driver,제윤정,제윤정,DRV_026,,,333,,160,800,805,13:20,13:25,F,False
driver_availability,driver,제윤정,제윤정,DRV_026,,,333,,161,805,810,13:25,13:30,F,False
driver_availability,driver,제윤정,제윤정,DRV_026,,,333,,162,810,815,13:30,13:35,F,False
driver_availability,driver,제윤정,제윤정,DRV_026,,,333,,163,815,820,13:35,13:40,F,False
driver_availability,driver,제윤정,제윤정,DRV_026,,,333,,164,820,825,13:40,13:45,F,False
driver_availability,driver,제윤정,제윤정,DRV_026,,,333,,165,825,830,13:45,13:50,F,False
driver_availability,driver,제윤정,제윤정,DRV_026,,,333,,166,830,835,13:50,13:55,F,False
driver_availability,driver,제윤정,제윤정,DRV_026,,,333,,167,835,840,13:55,14:00,F,False
driver_availability,driver,제윤정,제윤정,DRV_026,,,333,,168,840,845,14:00,14:05,F,False
driver_availability,driver,제윤정,제윤정,DRV_026,,,333,,169,845,850,14:05,14:10,F,False
driver_availability,driver,제윤정,제윤정,DRV_026,,,333,,170,850,855,14:10,14:15,F,False
driver_availability,driver,제윤정,제윤정,DRV_026,,,333,,171,855,860,14:15,14:20,F,False
driver_availability,driver,제윤정,제윤정,DRV_026,,,333,,172,860,865,14:20,14:25,F,False
driver_availability,driver,제윤정,제윤정,DRV_026,,,333,,173,865,870,14:25,14:30,F,False
driver_availability,driver,제윤정,제윤정,DRV_026,,,333,,174,870,875,14:30,14:35,F,False
driver_availability,driver,제윤정,제윤정,DRV_026,,,333,,175,875,880,14:35,14:40,F,False
driver_availability,driver,제윤정,제윤정,DRV_026,,,333,,176,880,885,14:40,14:45,F,False
driver_availability,driver,제윤정,제윤정,DRV_026,,,333,,177,885,890,14:45,14:50,F,False
driver_availability,driver,제윤정,제윤정,DRV_026,,,333,,178,890,895,14:50,14:55,F,False
driver_availability,driver,제윤정,제윤정,DRV_026,,,333,,179,895,900,14:55,15:00,F,False
driver_availability,driver,제윤정,제윤정,DRV_026,,,333,,180,900,905,15:00,15:05,F,False
driver_availability,driver,제윤정,제윤정,DRV_026,,,333,,181,905,910,15:05,15:10,F,False
driver_availability,driver,제윤정,제윤정,DRV_026,,,333,,182,910,915,15:10,15:15,F,False
driver_availability,driver,제윤정,제윤정,DRV_026,,,333,,183,915,920,15:15,15:20,F,False
driver_availability,driver,제윤정,제윤정,DRV_026,,,333,,184,920,925,15:20,15:25,F,False
driver_availability,driver,제윤정,제윤정,DRV_026,,,333,,185,925,930,15:25,15:30,F,False
driver_availability,driver,제윤정,제윤정,DRV_026,,,333,,186,930,935,15:30,15:35,F,False
driver_availability,driver,제윤정,제윤정,DRV_026,,,333,,187,935,940,15:35,15:40,F,False
driver_availability,driver,제윤정,제윤정,DRV_026,,,333,,188,940,945,15:40,15:45,F,False
driver_availability,driver,제윤정,제윤정,DRV_026,,,333,,189,945,950,15:45,15:50,F,False
driver_availability,driver,제윤정,제윤정,DRV_026,,,333,,190,950,955,15:50,15:55,F,False
driver_availability,driver,제윤정,제윤정,DRV_026,,,333,,191,955,960,15:55,16:00,F,False
driver_availability,driver,제윤정,제윤정,DRV_026,,,333,,192,960,965,16:00,16:05,F,False
driver_availability,driver,제윤정,제윤정,DRV_026,,,333,,193,965,970,16:05,16:10,F,False
driver_availability,driver,제윤정,제윤정,DRV_026,,,333,,194,970,975,16:10,16:15,F,False
driver_availability,driver,제윤정,제윤정,DRV_026,,,333,,195,975,980,16:15,16:20,F,False
driver_availability,driver,제윤정,제윤정,DRV_026,,,333,,196,980,985,16:20,16:25,F,False
driver_availability,driver,제윤정,제윤정,DRV_026,,,333,,197,985,990,16:25,16:30,F,False
driver_availability,driver,제윤정,제윤정,DRV_026,,,333,,198,990,995,16:30,16:35,F,False
driver_availability,driver,제윤정,제윤정,DRV_026,,,333,,199,995,1000,16:35,16:40,F,False
driver_availability,driver,제윤정,제윤정,DRV_026,,,333,,200,1000,1005,16:40,16:45,F,False
driver_availability,driver,제윤정,제윤정,DRV_026,,,333,,201,1005,1010,16:45,16:50,F,False
driver_availability,driver,제윤정,제윤정,DRV_026,,,333,,202,1010,1015,16:50,16:55,F,False
driver_availability,driver,제윤정,제윤정,DRV_026,,,333,,203,1015,1020,16:55,17:00,F,False
driver_availability,driver,제윤정,제윤정,DRV_026,,,333,,204,1020,1025,17:00,17:05,T,True
driver_availability,driver,제윤정,제윤정,DRV_026,,,333,,205,1025,1030,17:05,17:10,T,True
driver_availability,driver,제윤정,제윤정,DRV_026,,,333,,206,1030,1035,17:10,17:15,T,True
driver_availability,driver,제윤정,제윤정,DRV_026,,,333,,207,1035,1040,17:15,17:20,T,True
driver_availability,driver,제윤정,제윤정,DRV_026,,,333,,208,1040,1045,17:20,17:25,T,True
driver_availability,driver,제윤정,제윤정,DRV_026,,,333,,209,1045,1050,17:25,17:30,T,True
driver_availability,driver,제윤정,제윤정,DRV_026,,,333,,210,1050,1055,17:30,17:35,T,True
driver_availability,driver,제윤정,제윤정,DRV_026,,,333,,211,1055,1060,17:35,17:40,T,True
driver_availability,driver,제윤정,제윤정,DRV_026,,,333,,212,1060,1065,17:40,17:45,T,True
driver_availability,driver,제윤정,제윤정,DRV_026,,,333,,213,1065,1070,17:45,17:50,T,True
driver_availability,driver,제윤정,제윤정,DRV_026,,,333,,214,1070,1075,17:50,17:55,T,True
driver_availability,driver,제윤정,제윤정,DRV_026,,,333,,215,1075,1080,17:55,18:00,T,True
driver_availability,driver,제윤정,제윤정,DRV_026,,,333,,216,1080,1085,18:00,18:05,T,True
driver_availability,driver,제윤정,제윤정,DRV_026,,,333,,217,1085,1090,18:05,18:10,T,True
driver_availability,driver,제윤정,제윤정,DRV_026,,,333,,218,1090,1095,18:10,18:15,T,True
driver_availability,driver,제윤정,제윤정,DRV_026,,,333,,219,1095,1100,18:15,18:20,T,True
driver_availability,driver,제윤정,제윤정,DRV_026,,,333,,220,1100,1105,18:20,18:25,T,True
driver_availability,driver,제윤정,제윤정,DRV_026,,,333,,221,1105,1110,18:25,18:30,T,True
driver_availability,driver,제윤정,제윤정,DRV_026,,,333,,222,1110,1115,18:30,18:35,T,True
driver_availability,driver,제윤정,제윤정,DRV_026,,,333,,223,1115,1120,18:35,18:40,T,True
driver_availability,driver,제윤정,제윤정,DRV_026,,,333,,224,1120,1125,18:40,18:45,T,True
driver_availability,driver,제윤정,제윤정,DRV_026,,,333,,225,1125,1130,18:45,18:50,T,True
driver_availability,driver,제윤정,제윤정,DRV_026,,,333,,226,1130,1135,18:50,18:55,T,True
driver_availability,driver,제윤정,제윤정,DRV_026,,,333,,227,1135,1140,18:55,19:00,T,True
driver_availability,driver,제윤정,제윤정,DRV_026,,,333,,228,1140,1145,19:00,19:05,T,True
driver_availability,driver,제윤정,제윤정,DRV_026,,,333,,229,1145,1150,19:05,19:10,T,True
driver_availability,driver,제윤정,제윤정,DRV_026,,,333,,230,1150,1155,19:10,19:15,T,True
driver_availability,driver,제윤정,제윤정,DRV_026,,,333,,231,1155,1160,19:15,19:20,T,True
driver_availability,driver,제윤정,제윤정,DRV_026,,,333,,232,1160,1165,19:20,19:25,T,True
driver_availability,driver,제윤정,제윤정,DRV_026,,,333,,233,1165,1170,19:25,19:30,T,True
driver_availability,driver,제윤정,제윤정,DRV_026,,,333,,234,1170,1175,19:30,19:35,T,True
driver_availability,driver,제윤정,제윤정,DRV_026,,,333,,235,1175,1180,19:35,19:40,T,True
driver_availability,driver,제윤정,제윤정,DRV_026,,,333,,236,1180,1185,19:40,19:45,T,True
driver_availability,driver,제윤정,제윤정,DRV_026,,,333,,237,1185,1190,19:45,19:50,T,True
driver_availability,driver,제윤정,제윤정,DRV_026,,,333,,238,1190,1195,19:50,19:55,T,True
driver_availability,driver,제윤정,제윤정,DRV_026,,,333,,239,1195,1200,19:55,20:00,T,True
driver_availability,driver,제윤정,제윤정,DRV_026,,,333,,240,1200,1205,20:00,20:05,T,True
driver_availability,driver,제윤정,제윤정,DRV_026,,,333,,241,1205,1210,20:05,20:10,T,True
driver_availability,driver,제윤정,제윤정,DRV_026,,,333,,242,1210,1215,20:10,20:15,T,True
driver_availability,driver,제윤정,제윤정,DRV_026,,,333,,243,1215,1220,20:15,20:20,T,True
driver_availability,driver,제윤정,제윤정,DRV_026,,,333,,244,1220,1225,20:20,20:25,T,True
driver_availability,driver,제윤정,제윤정,DRV_026,,,333,,245,1225,1230,20:25,20:30,T,True
driver_availability,driver,제윤정,제윤정,DRV_026,,,333,,246,1230,1235,20:30,20:35,T,True
driver_availability,driver,제윤정,제윤정,DRV_026,,,333,,247,1235,1240,20:35,20:40,T,True
driver_availability,driver,제윤정,제윤정,DRV_026,,,333,,248,1240,1245,20:40,20:45,T,True
driver_availability,driver,제윤정,제윤정,DRV_026,,,333,,249,1245,1250,20:45,20:50,T,True
driver_availability,driver,제윤정,제윤정,DRV_026,,,333,,250,1250,1255,20:50,20:55,T,True
driver_availability,driver,제윤정,제윤정,DRV_026,,,333,,251,1255,1260,20:55,21:00,T,True
driver_availability,driver,제윤정,제윤정,DRV_026,,,333,,252,1260,1265,21:00,21:05,T,True
driver_availability,driver,제윤정,제윤정,DRV_026,,,333,,253,1265,1270,21:05,21:10,T,True
driver_availability,driver,제윤정,제윤정,DRV_026,,,333,,254,1270,1275,21:10,21:15,T,True
driver_availability,driver,제윤정,제윤정,DRV_026,,,333,,255,1275,1280,21:15,21:20,T,True
driver_availability,driver,제윤정,제윤정,DRV_026,,,333,,256,1280,1285,21:20,21:25,T,True
driver_availability,driver,제윤정,제윤정,DRV_026,,,333,,257,1285,1290,21:25,21:30,T,True
driver_availability,driver,제윤정,제윤정,DRV_026,,,333,,258,1290,1295,21:30,21:35,T,True
driver_availability,driver,제윤정,제윤정,DRV_026,,,333,,259,1295,1300,21:35,21:40,T,True
driver_availability,driver,제윤정,제윤정,DRV_026,,,333,,260,1300,1305,21:40,21:45,T,True
driver_availability,driver,제윤정,제윤정,DRV_026,,,333,,261,1305,1310,21:45,21:50,T,True
driver_availability,driver,제윤정,제윤정,DRV_026,,,333,,262,1310,1315,21:50,21:55,T,True
driver_availability,driver,제윤정,제윤정,DRV_026,,,333,,263,1315,1320,21:55,22:00,T,True
driver_availability,driver,제윤정,제윤정,DRV_026,,,333,,264,1320,1325,22:00,22:05,T,True
driver_availability,driver,제윤정,제윤정,DRV_026,,,333,,265,1325,1330,22:05,22:10,T,True
driver_availability,driver,제윤정,제윤정,DRV_026,,,333,,266,1330,1335,22:10,22:15,T,True
driver_availability,driver,제윤정,제윤정,DRV_026,,,333,,267,1335,1340,22:15,22:20,T,True
driver_availability,driver,제윤정,제윤정,DRV_026,,,333,,268,1340,1345,22:20,22:25,T,True
driver_availability,driver,제윤정,제윤정,DRV_026,,,333,,269,1345,1350,22:25,22:30,T,True
driver_availability,driver,제윤정,제윤정,DRV_026,,,333,,270,1350,1355,22:30,22:35,T,True
driver_availability,driver,제윤정,제윤정,DRV_026,,,333,,271,1355,1360,22:35,22:40,T,True
driver_availability,driver,제윤정,제윤정,DRV_026,,,333,,272,1360,1365,22:40,22:45,T,True
driver_availability,driver,제윤정,제윤정,DRV_026,,,333,,273,1365,1370,22:45,22:50,T,True
driver_availability,driver,제윤정,제윤정,DRV_026,,,333,,274,1370,1375,22:50,22:55,T,True
driver_availability,driver,제윤정,제윤정,DRV_026,,,333,,275,1375,1380,22:55,23:00,T,True
driver_availability,driver,제윤정,제윤정,DRV_026,,,333,,276,1380,1385,23:00,23:05,T,True
driver_availability,driver,제윤정,제윤정,DRV_026,,,333,,277,1385,1390,23:05,23:10,T,True
driver_availability,driver,제윤정,제윤정,DRV_026,,,333,,278,1390,1395,23:10,23:15,T,True
driver_availability,driver,제윤정,제윤정,DRV_026,,,333,,279,1395,1400,23:15,23:20,T,True
driver_availability,driver,제윤정,제윤정,DRV_026,,,333,,280,1400,1405,23:20,23:25,T,True
driver_availability,driver,제윤정,제윤정,DRV_026,,,333,,281,1405,1410,23:25,23:30,T,True
driver_availability,driver,제윤정,제윤정,DRV_026,,,333,,282,1410,1415,23:30,23:35,T,True
driver_availability,driver,제윤정,제윤정,DRV_026,,,333,,283,1415,1420,23:35,23:40,T,True
driver_availability,driver,제윤정,제윤정,DRV_026,,,333,,284,1420,1425,23:40,23:45,T,True
driver_availability,driver,제윤정,제윤정,DRV_026,,,333,,285,1425,1430,23:45,23:50,T,True
driver_availability,driver,제윤정,제윤정,DRV_026,,,333,,286,1430,1435,23:50,23:55,T,True
driver_availability,driver,제윤정,제윤정,DRV_026,,,333,,287,1435,1440,23:55,24:00,T,True
driver_availability,driver,이섭민,이섭민,DRV_027,,,334,대형 영내 운전교육(08:00-11:30),0,0,5,00:00,00:05,T,True
driver_availability,driver,이섭민,이섭민,DRV_027,,,334,대형 영내 운전교육(08:00-11:30),1,5,10,00:05,00:10,T,True
driver_availability,driver,이섭민,이섭민,DRV_027,,,334,대형 영내 운전교육(08:00-11:30),2,10,15,00:10,00:15,T,True
driver_availability,driver,이섭민,이섭민,DRV_027,,,334,대형 영내 운전교육(08:00-11:30),3,15,20,00:15,00:20,T,True
driver_availability,driver,이섭민,이섭민,DRV_027,,,334,대형 영내 운전교육(08:00-11:30),4,20,25,00:20,00:25,T,True
driver_availability,driver,이섭민,이섭민,DRV_027,,,334,대형 영내 운전교육(08:00-11:30),5,25,30,00:25,00:30,T,True
driver_availability,driver,이섭민,이섭민,DRV_027,,,334,대형 영내 운전교육(08:00-11:30),6,30,35,00:30,00:35,T,True
driver_availability,driver,이섭민,이섭민,DRV_027,,,334,대형 영내 운전교육(08:00-11:30),7,35,40,00:35,00:40,T,True
driver_availability,driver,이섭민,이섭민,DRV_027,,,334,대형 영내 운전교육(08:00-11:30),8,40,45,00:40,00:45,T,True
driver_availability,driver,이섭민,이섭민,DRV_027,,,334,대형 영내 운전교육(08:00-11:30),9,45,50,00:45,00:50,T,True
driver_availability,driver,이섭민,이섭민,DRV_027,,,334,대형 영내 운전교육(08:00-11:30),10,50,55,00:50,00:55,T,True
driver_availability,driver,이섭민,이섭민,DRV_027,,,334,대형 영내 운전교육(08:00-11:30),11,55,60,00:55,01:00,T,True
driver_availability,driver,이섭민,이섭민,DRV_027,,,334,대형 영내 운전교육(08:00-11:30),12,60,65,01:00,01:05,T,True
driver_availability,driver,이섭민,이섭민,DRV_027,,,334,대형 영내 운전교육(08:00-11:30),13,65,70,01:05,01:10,T,True
driver_availability,driver,이섭민,이섭민,DRV_027,,,334,대형 영내 운전교육(08:00-11:30),14,70,75,01:10,01:15,T,True
driver_availability,driver,이섭민,이섭민,DRV_027,,,334,대형 영내 운전교육(08:00-11:30),15,75,80,01:15,01:20,T,True
driver_availability,driver,이섭민,이섭민,DRV_027,,,334,대형 영내 운전교육(08:00-11:30),16,80,85,01:20,01:25,T,True
driver_availability,driver,이섭민,이섭민,DRV_027,,,334,대형 영내 운전교육(08:00-11:30),17,85,90,01:25,01:30,T,True
driver_availability,driver,이섭민,이섭민,DRV_027,,,334,대형 영내 운전교육(08:00-11:30),18,90,95,01:30,01:35,T,True
driver_availability,driver,이섭민,이섭민,DRV_027,,,334,대형 영내 운전교육(08:00-11:30),19,95,100,01:35,01:40,T,True
driver_availability,driver,이섭민,이섭민,DRV_027,,,334,대형 영내 운전교육(08:00-11:30),20,100,105,01:40,01:45,T,True
driver_availability,driver,이섭민,이섭민,DRV_027,,,334,대형 영내 운전교육(08:00-11:30),21,105,110,01:45,01:50,T,True
driver_availability,driver,이섭민,이섭민,DRV_027,,,334,대형 영내 운전교육(08:00-11:30),22,110,115,01:50,01:55,T,True
driver_availability,driver,이섭민,이섭민,DRV_027,,,334,대형 영내 운전교육(08:00-11:30),23,115,120,01:55,02:00,T,True
driver_availability,driver,이섭민,이섭민,DRV_027,,,334,대형 영내 운전교육(08:00-11:30),24,120,125,02:00,02:05,T,True
driver_availability,driver,이섭민,이섭민,DRV_027,,,334,대형 영내 운전교육(08:00-11:30),25,125,130,02:05,02:10,T,True
driver_availability,driver,이섭민,이섭민,DRV_027,,,334,대형 영내 운전교육(08:00-11:30),26,130,135,02:10,02:15,T,True
driver_availability,driver,이섭민,이섭민,DRV_027,,,334,대형 영내 운전교육(08:00-11:30),27,135,140,02:15,02:20,T,True
driver_availability,driver,이섭민,이섭민,DRV_027,,,334,대형 영내 운전교육(08:00-11:30),28,140,145,02:20,02:25,T,True
driver_availability,driver,이섭민,이섭민,DRV_027,,,334,대형 영내 운전교육(08:00-11:30),29,145,150,02:25,02:30,T,True
driver_availability,driver,이섭민,이섭민,DRV_027,,,334,대형 영내 운전교육(08:00-11:30),30,150,155,02:30,02:35,T,True
driver_availability,driver,이섭민,이섭민,DRV_027,,,334,대형 영내 운전교육(08:00-11:30),31,155,160,02:35,02:40,T,True
driver_availability,driver,이섭민,이섭민,DRV_027,,,334,대형 영내 운전교육(08:00-11:30),32,160,165,02:40,02:45,T,True
driver_availability,driver,이섭민,이섭민,DRV_027,,,334,대형 영내 운전교육(08:00-11:30),33,165,170,02:45,02:50,T,True
driver_availability,driver,이섭민,이섭민,DRV_027,,,334,대형 영내 운전교육(08:00-11:30),34,170,175,02:50,02:55,T,True
driver_availability,driver,이섭민,이섭민,DRV_027,,,334,대형 영내 운전교육(08:00-11:30),35,175,180,02:55,03:00,T,True
driver_availability,driver,이섭민,이섭민,DRV_027,,,334,대형 영내 운전교육(08:00-11:30),36,180,185,03:00,03:05,T,True
driver_availability,driver,이섭민,이섭민,DRV_027,,,334,대형 영내 운전교육(08:00-11:30),37,185,190,03:05,03:10,T,True
driver_availability,driver,이섭민,이섭민,DRV_027,,,334,대형 영내 운전교육(08:00-11:30),38,190,195,03:10,03:15,T,True
driver_availability,driver,이섭민,이섭민,DRV_027,,,334,대형 영내 운전교육(08:00-11:30),39,195,200,03:15,03:20,T,True
driver_availability,driver,이섭민,이섭민,DRV_027,,,334,대형 영내 운전교육(08:00-11:30),40,200,205,03:20,03:25,T,True
driver_availability,driver,이섭민,이섭민,DRV_027,,,334,대형 영내 운전교육(08:00-11:30),41,205,210,03:25,03:30,T,True
driver_availability,driver,이섭민,이섭민,DRV_027,,,334,대형 영내 운전교육(08:00-11:30),42,210,215,03:30,03:35,T,True
driver_availability,driver,이섭민,이섭민,DRV_027,,,334,대형 영내 운전교육(08:00-11:30),43,215,220,03:35,03:40,T,True
driver_availability,driver,이섭민,이섭민,DRV_027,,,334,대형 영내 운전교육(08:00-11:30),44,220,225,03:40,03:45,T,True
driver_availability,driver,이섭민,이섭민,DRV_027,,,334,대형 영내 운전교육(08:00-11:30),45,225,230,03:45,03:50,T,True
driver_availability,driver,이섭민,이섭민,DRV_027,,,334,대형 영내 운전교육(08:00-11:30),46,230,235,03:50,03:55,T,True
driver_availability,driver,이섭민,이섭민,DRV_027,,,334,대형 영내 운전교육(08:00-11:30),47,235,240,03:55,04:00,T,True
driver_availability,driver,이섭민,이섭민,DRV_027,,,334,대형 영내 운전교육(08:00-11:30),48,240,245,04:00,04:05,T,True
driver_availability,driver,이섭민,이섭민,DRV_027,,,334,대형 영내 운전교육(08:00-11:30),49,245,250,04:05,04:10,T,True
driver_availability,driver,이섭민,이섭민,DRV_027,,,334,대형 영내 운전교육(08:00-11:30),50,250,255,04:10,04:15,T,True
driver_availability,driver,이섭민,이섭민,DRV_027,,,334,대형 영내 운전교육(08:00-11:30),51,255,260,04:15,04:20,T,True
driver_availability,driver,이섭민,이섭민,DRV_027,,,334,대형 영내 운전교육(08:00-11:30),52,260,265,04:20,04:25,T,True
driver_availability,driver,이섭민,이섭민,DRV_027,,,334,대형 영내 운전교육(08:00-11:30),53,265,270,04:25,04:30,T,True
driver_availability,driver,이섭민,이섭민,DRV_027,,,334,대형 영내 운전교육(08:00-11:30),54,270,275,04:30,04:35,T,True
driver_availability,driver,이섭민,이섭민,DRV_027,,,334,대형 영내 운전교육(08:00-11:30),55,275,280,04:35,04:40,T,True
driver_availability,driver,이섭민,이섭민,DRV_027,,,334,대형 영내 운전교육(08:00-11:30),56,280,285,04:40,04:45,T,True
driver_availability,driver,이섭민,이섭민,DRV_027,,,334,대형 영내 운전교육(08:00-11:30),57,285,290,04:45,04:50,T,True
driver_availability,driver,이섭민,이섭민,DRV_027,,,334,대형 영내 운전교육(08:00-11:30),58,290,295,04:50,04:55,T,True
driver_availability,driver,이섭민,이섭민,DRV_027,,,334,대형 영내 운전교육(08:00-11:30),59,295,300,04:55,05:00,T,True
driver_availability,driver,이섭민,이섭민,DRV_027,,,334,대형 영내 운전교육(08:00-11:30),60,300,305,05:00,05:05,T,True
driver_availability,driver,이섭민,이섭민,DRV_027,,,334,대형 영내 운전교육(08:00-11:30),61,305,310,05:05,05:10,T,True
driver_availability,driver,이섭민,이섭민,DRV_027,,,334,대형 영내 운전교육(08:00-11:30),62,310,315,05:10,05:15,T,True
driver_availability,driver,이섭민,이섭민,DRV_027,,,334,대형 영내 운전교육(08:00-11:30),63,315,320,05:15,05:20,T,True
driver_availability,driver,이섭민,이섭민,DRV_027,,,334,대형 영내 운전교육(08:00-11:30),64,320,325,05:20,05:25,T,True
driver_availability,driver,이섭민,이섭민,DRV_027,,,334,대형 영내 운전교육(08:00-11:30),65,325,330,05:25,05:30,T,True
driver_availability,driver,이섭민,이섭민,DRV_027,,,334,대형 영내 운전교육(08:00-11:30),66,330,335,05:30,05:35,T,True
driver_availability,driver,이섭민,이섭민,DRV_027,,,334,대형 영내 운전교육(08:00-11:30),67,335,340,05:35,05:40,T,True
driver_availability,driver,이섭민,이섭민,DRV_027,,,334,대형 영내 운전교육(08:00-11:30),68,340,345,05:40,05:45,T,True
driver_availability,driver,이섭민,이섭민,DRV_027,,,334,대형 영내 운전교육(08:00-11:30),69,345,350,05:45,05:50,T,True
driver_availability,driver,이섭민,이섭민,DRV_027,,,334,대형 영내 운전교육(08:00-11:30),70,350,355,05:50,05:55,T,True
driver_availability,driver,이섭민,이섭민,DRV_027,,,334,대형 영내 운전교육(08:00-11:30),71,355,360,05:55,06:00,T,True
driver_availability,driver,이섭민,이섭민,DRV_027,,,334,대형 영내 운전교육(08:00-11:30),72,360,365,06:00,06:05,T,True
driver_availability,driver,이섭민,이섭민,DRV_027,,,334,대형 영내 운전교육(08:00-11:30),73,365,370,06:05,06:10,T,True
driver_availability,driver,이섭민,이섭민,DRV_027,,,334,대형 영내 운전교육(08:00-11:30),74,370,375,06:10,06:15,T,True
driver_availability,driver,이섭민,이섭민,DRV_027,,,334,대형 영내 운전교육(08:00-11:30),75,375,380,06:15,06:20,T,True
driver_availability,driver,이섭민,이섭민,DRV_027,,,334,대형 영내 운전교육(08:00-11:30),76,380,385,06:20,06:25,T,True
driver_availability,driver,이섭민,이섭민,DRV_027,,,334,대형 영내 운전교육(08:00-11:30),77,385,390,06:25,06:30,T,True
driver_availability,driver,이섭민,이섭민,DRV_027,,,334,대형 영내 운전교육(08:00-11:30),78,390,395,06:30,06:35,T,True
driver_availability,driver,이섭민,이섭민,DRV_027,,,334,대형 영내 운전교육(08:00-11:30),79,395,400,06:35,06:40,T,True
driver_availability,driver,이섭민,이섭민,DRV_027,,,334,대형 영내 운전교육(08:00-11:30),80,400,405,06:40,06:45,T,True
driver_availability,driver,이섭민,이섭민,DRV_027,,,334,대형 영내 운전교육(08:00-11:30),81,405,410,06:45,06:50,T,True
driver_availability,driver,이섭민,이섭민,DRV_027,,,334,대형 영내 운전교육(08:00-11:30),82,410,415,06:50,06:55,T,True
driver_availability,driver,이섭민,이섭민,DRV_027,,,334,대형 영내 운전교육(08:00-11:30),83,415,420,06:55,07:00,T,True
driver_availability,driver,이섭민,이섭민,DRV_027,,,334,대형 영내 운전교육(08:00-11:30),84,420,425,07:00,07:05,T,True
driver_availability,driver,이섭민,이섭민,DRV_027,,,334,대형 영내 운전교육(08:00-11:30),85,425,430,07:05,07:10,T,True
driver_availability,driver,이섭민,이섭민,DRV_027,,,334,대형 영내 운전교육(08:00-11:30),86,430,435,07:10,07:15,T,True
driver_availability,driver,이섭민,이섭민,DRV_027,,,334,대형 영내 운전교육(08:00-11:30),87,435,440,07:15,07:20,T,True
driver_availability,driver,이섭민,이섭민,DRV_027,,,334,대형 영내 운전교육(08:00-11:30),88,440,445,07:20,07:25,T,True
driver_availability,driver,이섭민,이섭민,DRV_027,,,334,대형 영내 운전교육(08:00-11:30),89,445,450,07:25,07:30,T,True
driver_availability,driver,이섭민,이섭민,DRV_027,,,334,대형 영내 운전교육(08:00-11:30),90,450,455,07:30,07:35,T,True
driver_availability,driver,이섭민,이섭민,DRV_027,,,334,대형 영내 운전교육(08:00-11:30),91,455,460,07:35,07:40,T,True
driver_availability,driver,이섭민,이섭민,DRV_027,,,334,대형 영내 운전교육(08:00-11:30),92,460,465,07:40,07:45,T,True
driver_availability,driver,이섭민,이섭민,DRV_027,,,334,대형 영내 운전교육(08:00-11:30),93,465,470,07:45,07:50,T,True
driver_availability,driver,이섭민,이섭민,DRV_027,,,334,대형 영내 운전교육(08:00-11:30),94,470,475,07:50,07:55,T,True
driver_availability,driver,이섭민,이섭민,DRV_027,,,334,대형 영내 운전교육(08:00-11:30),95,475,480,07:55,08:00,T,True
driver_availability,driver,이섭민,이섭민,DRV_027,,,334,대형 영내 운전교육(08:00-11:30),96,480,485,08:00,08:05,F,False
driver_availability,driver,이섭민,이섭민,DRV_027,,,334,대형 영내 운전교육(08:00-11:30),97,485,490,08:05,08:10,F,False
driver_availability,driver,이섭민,이섭민,DRV_027,,,334,대형 영내 운전교육(08:00-11:30),98,490,495,08:10,08:15,F,False
driver_availability,driver,이섭민,이섭민,DRV_027,,,334,대형 영내 운전교육(08:00-11:30),99,495,500,08:15,08:20,F,False
driver_availability,driver,이섭민,이섭민,DRV_027,,,334,대형 영내 운전교육(08:00-11:30),100,500,505,08:20,08:25,F,False
driver_availability,driver,이섭민,이섭민,DRV_027,,,334,대형 영내 운전교육(08:00-11:30),101,505,510,08:25,08:30,F,False
driver_availability,driver,이섭민,이섭민,DRV_027,,,334,대형 영내 운전교육(08:00-11:30),102,510,515,08:30,08:35,F,False
driver_availability,driver,이섭민,이섭민,DRV_027,,,334,대형 영내 운전교육(08:00-11:30),103,515,520,08:35,08:40,F,False
driver_availability,driver,이섭민,이섭민,DRV_027,,,334,대형 영내 운전교육(08:00-11:30),104,520,525,08:40,08:45,F,False
driver_availability,driver,이섭민,이섭민,DRV_027,,,334,대형 영내 운전교육(08:00-11:30),105,525,530,08:45,08:50,F,False
driver_availability,driver,이섭민,이섭민,DRV_027,,,334,대형 영내 운전교육(08:00-11:30),106,530,535,08:50,08:55,F,False
driver_availability,driver,이섭민,이섭민,DRV_027,,,334,대형 영내 운전교육(08:00-11:30),107,535,540,08:55,09:00,F,False
driver_availability,driver,이섭민,이섭민,DRV_027,,,334,대형 영내 운전교육(08:00-11:30),108,540,545,09:00,09:05,F,False
driver_availability,driver,이섭민,이섭민,DRV_027,,,334,대형 영내 운전교육(08:00-11:30),109,545,550,09:05,09:10,F,False
driver_availability,driver,이섭민,이섭민,DRV_027,,,334,대형 영내 운전교육(08:00-11:30),110,550,555,09:10,09:15,F,False
driver_availability,driver,이섭민,이섭민,DRV_027,,,334,대형 영내 운전교육(08:00-11:30),111,555,560,09:15,09:20,F,False
driver_availability,driver,이섭민,이섭민,DRV_027,,,334,대형 영내 운전교육(08:00-11:30),112,560,565,09:20,09:25,F,False
driver_availability,driver,이섭민,이섭민,DRV_027,,,334,대형 영내 운전교육(08:00-11:30),113,565,570,09:25,09:30,F,False
driver_availability,driver,이섭민,이섭민,DRV_027,,,334,대형 영내 운전교육(08:00-11:30),114,570,575,09:30,09:35,F,False
driver_availability,driver,이섭민,이섭민,DRV_027,,,334,대형 영내 운전교육(08:00-11:30),115,575,580,09:35,09:40,F,False
driver_availability,driver,이섭민,이섭민,DRV_027,,,334,대형 영내 운전교육(08:00-11:30),116,580,585,09:40,09:45,F,False
driver_availability,driver,이섭민,이섭민,DRV_027,,,334,대형 영내 운전교육(08:00-11:30),117,585,590,09:45,09:50,F,False
driver_availability,driver,이섭민,이섭민,DRV_027,,,334,대형 영내 운전교육(08:00-11:30),118,590,595,09:50,09:55,F,False
driver_availability,driver,이섭민,이섭민,DRV_027,,,334,대형 영내 운전교육(08:00-11:30),119,595,600,09:55,10:00,F,False
driver_availability,driver,이섭민,이섭민,DRV_027,,,334,대형 영내 운전교육(08:00-11:30),120,600,605,10:00,10:05,F,False
driver_availability,driver,이섭민,이섭민,DRV_027,,,334,대형 영내 운전교육(08:00-11:30),121,605,610,10:05,10:10,F,False
driver_availability,driver,이섭민,이섭민,DRV_027,,,334,대형 영내 운전교육(08:00-11:30),122,610,615,10:10,10:15,F,False
driver_availability,driver,이섭민,이섭민,DRV_027,,,334,대형 영내 운전교육(08:00-11:30),123,615,620,10:15,10:20,F,False
driver_availability,driver,이섭민,이섭민,DRV_027,,,334,대형 영내 운전교육(08:00-11:30),124,620,625,10:20,10:25,F,False
driver_availability,driver,이섭민,이섭민,DRV_027,,,334,대형 영내 운전교육(08:00-11:30),125,625,630,10:25,10:30,F,False
driver_availability,driver,이섭민,이섭민,DRV_027,,,334,대형 영내 운전교육(08:00-11:30),126,630,635,10:30,10:35,F,False
driver_availability,driver,이섭민,이섭민,DRV_027,,,334,대형 영내 운전교육(08:00-11:30),127,635,640,10:35,10:40,F,False
driver_availability,driver,이섭민,이섭민,DRV_027,,,334,대형 영내 운전교육(08:00-11:30),128,640,645,10:40,10:45,F,False
driver_availability,driver,이섭민,이섭민,DRV_027,,,334,대형 영내 운전교육(08:00-11:30),129,645,650,10:45,10:50,F,False
driver_availability,driver,이섭민,이섭민,DRV_027,,,334,대형 영내 운전교육(08:00-11:30),130,650,655,10:50,10:55,F,False
driver_availability,driver,이섭민,이섭민,DRV_027,,,334,대형 영내 운전교육(08:00-11:30),131,655,660,10:55,11:00,F,False
driver_availability,driver,이섭민,이섭민,DRV_027,,,334,대형 영내 운전교육(08:00-11:30),132,660,665,11:00,11:05,F,False
driver_availability,driver,이섭민,이섭민,DRV_027,,,334,대형 영내 운전교육(08:00-11:30),133,665,670,11:05,11:10,F,False
driver_availability,driver,이섭민,이섭민,DRV_027,,,334,대형 영내 운전교육(08:00-11:30),134,670,675,11:10,11:15,F,False
driver_availability,driver,이섭민,이섭민,DRV_027,,,334,대형 영내 운전교육(08:00-11:30),135,675,680,11:15,11:20,F,False
driver_availability,driver,이섭민,이섭민,DRV_027,,,334,대형 영내 운전교육(08:00-11:30),136,680,685,11:20,11:25,F,False
driver_availability,driver,이섭민,이섭민,DRV_027,,,334,대형 영내 운전교육(08:00-11:30),137,685,690,11:25,11:30,F,False
driver_availability,driver,이섭민,이섭민,DRV_027,,,334,대형 영내 운전교육(08:00-11:30),138,690,695,11:30,11:35,F,False
driver_availability,driver,이섭민,이섭민,DRV_027,,,334,대형 영내 운전교육(08:00-11:30),139,695,700,11:35,11:40,F,False
driver_availability,driver,이섭민,이섭민,DRV_027,,,334,대형 영내 운전교육(08:00-11:30),140,700,705,11:40,11:45,F,False
driver_availability,driver,이섭민,이섭민,DRV_027,,,334,대형 영내 운전교육(08:00-11:30),141,705,710,11:45,11:50,F,False
driver_availability,driver,이섭민,이섭민,DRV_027,,,334,대형 영내 운전교육(08:00-11:30),142,710,715,11:50,11:55,F,False
driver_availability,driver,이섭민,이섭민,DRV_027,,,334,대형 영내 운전교육(08:00-11:30),143,715,720,11:55,12:00,F,False
driver_availability,driver,이섭민,이섭민,DRV_027,,,334,대형 영내 운전교육(08:00-11:30),144,720,725,12:00,12:05,F,False
driver_availability,driver,이섭민,이섭민,DRV_027,,,334,대형 영내 운전교육(08:00-11:30),145,725,730,12:05,12:10,F,False
driver_availability,driver,이섭민,이섭민,DRV_027,,,334,대형 영내 운전교육(08:00-11:30),146,730,735,12:10,12:15,F,False
driver_availability,driver,이섭민,이섭민,DRV_027,,,334,대형 영내 운전교육(08:00-11:30),147,735,740,12:15,12:20,F,False
driver_availability,driver,이섭민,이섭민,DRV_027,,,334,대형 영내 운전교육(08:00-11:30),148,740,745,12:20,12:25,F,False
driver_availability,driver,이섭민,이섭민,DRV_027,,,334,대형 영내 운전교육(08:00-11:30),149,745,750,12:25,12:30,F,False
driver_availability,driver,이섭민,이섭민,DRV_027,,,334,대형 영내 운전교육(08:00-11:30),150,750,755,12:30,12:35,F,False
driver_availability,driver,이섭민,이섭민,DRV_027,,,334,대형 영내 운전교육(08:00-11:30),151,755,760,12:35,12:40,F,False
driver_availability,driver,이섭민,이섭민,DRV_027,,,334,대형 영내 운전교육(08:00-11:30),152,760,765,12:40,12:45,F,False
driver_availability,driver,이섭민,이섭민,DRV_027,,,334,대형 영내 운전교육(08:00-11:30),153,765,770,12:45,12:50,F,False
driver_availability,driver,이섭민,이섭민,DRV_027,,,334,대형 영내 운전교육(08:00-11:30),154,770,775,12:50,12:55,F,False
driver_availability,driver,이섭민,이섭민,DRV_027,,,334,대형 영내 운전교육(08:00-11:30),155,775,780,12:55,13:00,F,False
driver_availability,driver,이섭민,이섭민,DRV_027,,,334,대형 영내 운전교육(08:00-11:30),156,780,785,13:00,13:05,F,False
driver_availability,driver,이섭민,이섭민,DRV_027,,,334,대형 영내 운전교육(08:00-11:30),157,785,790,13:05,13:10,F,False
driver_availability,driver,이섭민,이섭민,DRV_027,,,334,대형 영내 운전교육(08:00-11:30),158,790,795,13:10,13:15,F,False
driver_availability,driver,이섭민,이섭민,DRV_027,,,334,대형 영내 운전교육(08:00-11:30),159,795,800,13:15,13:20,F,False
driver_availability,driver,이섭민,이섭민,DRV_027,,,334,대형 영내 운전교육(08:00-11:30),160,800,805,13:20,13:25,F,False
driver_availability,driver,이섭민,이섭민,DRV_027,,,334,대형 영내 운전교육(08:00-11:30),161,805,810,13:25,13:30,F,False
driver_availability,driver,이섭민,이섭민,DRV_027,,,334,대형 영내 운전교육(08:00-11:30),162,810,815,13:30,13:35,F,False
driver_availability,driver,이섭민,이섭민,DRV_027,,,334,대형 영내 운전교육(08:00-11:30),163,815,820,13:35,13:40,F,False
driver_availability,driver,이섭민,이섭민,DRV_027,,,334,대형 영내 운전교육(08:00-11:30),164,820,825,13:40,13:45,F,False
driver_availability,driver,이섭민,이섭민,DRV_027,,,334,대형 영내 운전교육(08:00-11:30),165,825,830,13:45,13:50,F,False
driver_availability,driver,이섭민,이섭민,DRV_027,,,334,대형 영내 운전교육(08:00-11:30),166,830,835,13:50,13:55,F,False
driver_availability,driver,이섭민,이섭민,DRV_027,,,334,대형 영내 운전교육(08:00-11:30),167,835,840,13:55,14:00,F,False
driver_availability,driver,이섭민,이섭민,DRV_027,,,334,대형 영내 운전교육(08:00-11:30),168,840,845,14:00,14:05,F,False
driver_availability,driver,이섭민,이섭민,DRV_027,,,334,대형 영내 운전교육(08:00-11:30),169,845,850,14:05,14:10,F,False
driver_availability,driver,이섭민,이섭민,DRV_027,,,334,대형 영내 운전교육(08:00-11:30),170,850,855,14:10,14:15,F,False
driver_availability,driver,이섭민,이섭민,DRV_027,,,334,대형 영내 운전교육(08:00-11:30),171,855,860,14:15,14:20,F,False
driver_availability,driver,이섭민,이섭민,DRV_027,,,334,대형 영내 운전교육(08:00-11:30),172,860,865,14:20,14:25,F,False
driver_availability,driver,이섭민,이섭민,DRV_027,,,334,대형 영내 운전교육(08:00-11:30),173,865,870,14:25,14:30,F,False
driver_availability,driver,이섭민,이섭민,DRV_027,,,334,대형 영내 운전교육(08:00-11:30),174,870,875,14:30,14:35,F,False
driver_availability,driver,이섭민,이섭민,DRV_027,,,334,대형 영내 운전교육(08:00-11:30),175,875,880,14:35,14:40,F,False
driver_availability,driver,이섭민,이섭민,DRV_027,,,334,대형 영내 운전교육(08:00-11:30),176,880,885,14:40,14:45,F,False
driver_availability,driver,이섭민,이섭민,DRV_027,,,334,대형 영내 운전교육(08:00-11:30),177,885,890,14:45,14:50,F,False
driver_availability,driver,이섭민,이섭민,DRV_027,,,334,대형 영내 운전교육(08:00-11:30),178,890,895,14:50,14:55,F,False
driver_availability,driver,이섭민,이섭민,DRV_027,,,334,대형 영내 운전교육(08:00-11:30),179,895,900,14:55,15:00,F,False
driver_availability,driver,이섭민,이섭민,DRV_027,,,334,대형 영내 운전교육(08:00-11:30),180,900,905,15:00,15:05,F,False
driver_availability,driver,이섭민,이섭민,DRV_027,,,334,대형 영내 운전교육(08:00-11:30),181,905,910,15:05,15:10,F,False
driver_availability,driver,이섭민,이섭민,DRV_027,,,334,대형 영내 운전교육(08:00-11:30),182,910,915,15:10,15:15,F,False
driver_availability,driver,이섭민,이섭민,DRV_027,,,334,대형 영내 운전교육(08:00-11:30),183,915,920,15:15,15:20,F,False
driver_availability,driver,이섭민,이섭민,DRV_027,,,334,대형 영내 운전교육(08:00-11:30),184,920,925,15:20,15:25,F,False
driver_availability,driver,이섭민,이섭민,DRV_027,,,334,대형 영내 운전교육(08:00-11:30),185,925,930,15:25,15:30,F,False
driver_availability,driver,이섭민,이섭민,DRV_027,,,334,대형 영내 운전교육(08:00-11:30),186,930,935,15:30,15:35,F,False
driver_availability,driver,이섭민,이섭민,DRV_027,,,334,대형 영내 운전교육(08:00-11:30),187,935,940,15:35,15:40,F,False
driver_availability,driver,이섭민,이섭민,DRV_027,,,334,대형 영내 운전교육(08:00-11:30),188,940,945,15:40,15:45,F,False
driver_availability,driver,이섭민,이섭민,DRV_027,,,334,대형 영내 운전교육(08:00-11:30),189,945,950,15:45,15:50,F,False
driver_availability,driver,이섭민,이섭민,DRV_027,,,334,대형 영내 운전교육(08:00-11:30),190,950,955,15:50,15:55,F,False
driver_availability,driver,이섭민,이섭민,DRV_027,,,334,대형 영내 운전교육(08:00-11:30),191,955,960,15:55,16:00,F,False
driver_availability,driver,이섭민,이섭민,DRV_027,,,334,대형 영내 운전교육(08:00-11:30),192,960,965,16:00,16:05,F,False
driver_availability,driver,이섭민,이섭민,DRV_027,,,334,대형 영내 운전교육(08:00-11:30),193,965,970,16:05,16:10,F,False
driver_availability,driver,이섭민,이섭민,DRV_027,,,334,대형 영내 운전교육(08:00-11:30),194,970,975,16:10,16:15,F,False
driver_availability,driver,이섭민,이섭민,DRV_027,,,334,대형 영내 운전교육(08:00-11:30),195,975,980,16:15,16:20,F,False
driver_availability,driver,이섭민,이섭민,DRV_027,,,334,대형 영내 운전교육(08:00-11:30),196,980,985,16:20,16:25,F,False
driver_availability,driver,이섭민,이섭민,DRV_027,,,334,대형 영내 운전교육(08:00-11:30),197,985,990,16:25,16:30,F,False
driver_availability,driver,이섭민,이섭민,DRV_027,,,334,대형 영내 운전교육(08:00-11:30),198,990,995,16:30,16:35,F,False
driver_availability,driver,이섭민,이섭민,DRV_027,,,334,대형 영내 운전교육(08:00-11:30),199,995,1000,16:35,16:40,F,False
driver_availability,driver,이섭민,이섭민,DRV_027,,,334,대형 영내 운전교육(08:00-11:30),200,1000,1005,16:40,16:45,F,False
driver_availability,driver,이섭민,이섭민,DRV_027,,,334,대형 영내 운전교육(08:00-11:30),201,1005,1010,16:45,16:50,F,False
driver_availability,driver,이섭민,이섭민,DRV_027,,,334,대형 영내 운전교육(08:00-11:30),202,1010,1015,16:50,16:55,F,False
driver_availability,driver,이섭민,이섭민,DRV_027,,,334,대형 영내 운전교육(08:00-11:30),203,1015,1020,16:55,17:00,F,False
driver_availability,driver,이섭민,이섭민,DRV_027,,,334,대형 영내 운전교육(08:00-11:30),204,1020,1025,17:00,17:05,T,True
driver_availability,driver,이섭민,이섭민,DRV_027,,,334,대형 영내 운전교육(08:00-11:30),205,1025,1030,17:05,17:10,T,True
driver_availability,driver,이섭민,이섭민,DRV_027,,,334,대형 영내 운전교육(08:00-11:30),206,1030,1035,17:10,17:15,T,True
driver_availability,driver,이섭민,이섭민,DRV_027,,,334,대형 영내 운전교육(08:00-11:30),207,1035,1040,17:15,17:20,T,True
driver_availability,driver,이섭민,이섭민,DRV_027,,,334,대형 영내 운전교육(08:00-11:30),208,1040,1045,17:20,17:25,T,True
driver_availability,driver,이섭민,이섭민,DRV_027,,,334,대형 영내 운전교육(08:00-11:30),209,1045,1050,17:25,17:30,T,True
driver_availability,driver,이섭민,이섭민,DRV_027,,,334,대형 영내 운전교육(08:00-11:30),210,1050,1055,17:30,17:35,T,True
driver_availability,driver,이섭민,이섭민,DRV_027,,,334,대형 영내 운전교육(08:00-11:30),211,1055,1060,17:35,17:40,T,True
driver_availability,driver,이섭민,이섭민,DRV_027,,,334,대형 영내 운전교육(08:00-11:30),212,1060,1065,17:40,17:45,T,True
driver_availability,driver,이섭민,이섭민,DRV_027,,,334,대형 영내 운전교육(08:00-11:30),213,1065,1070,17:45,17:50,T,True
driver_availability,driver,이섭민,이섭민,DRV_027,,,334,대형 영내 운전교육(08:00-11:30),214,1070,1075,17:50,17:55,T,True
driver_availability,driver,이섭민,이섭민,DRV_027,,,334,대형 영내 운전교육(08:00-11:30),215,1075,1080,17:55,18:00,T,True
driver_availability,driver,이섭민,이섭민,DRV_027,,,334,대형 영내 운전교육(08:00-11:30),216,1080,1085,18:00,18:05,T,True
driver_availability,driver,이섭민,이섭민,DRV_027,,,334,대형 영내 운전교육(08:00-11:30),217,1085,1090,18:05,18:10,T,True
driver_availability,driver,이섭민,이섭민,DRV_027,,,334,대형 영내 운전교육(08:00-11:30),218,1090,1095,18:10,18:15,T,True
driver_availability,driver,이섭민,이섭민,DRV_027,,,334,대형 영내 운전교육(08:00-11:30),219,1095,1100,18:15,18:20,T,True
driver_availability,driver,이섭민,이섭민,DRV_027,,,334,대형 영내 운전교육(08:00-11:30),220,1100,1105,18:20,18:25,T,True
driver_availability,driver,이섭민,이섭민,DRV_027,,,334,대형 영내 운전교육(08:00-11:30),221,1105,1110,18:25,18:30,T,True
driver_availability,driver,이섭민,이섭민,DRV_027,,,334,대형 영내 운전교육(08:00-11:30),222,1110,1115,18:30,18:35,T,True
driver_availability,driver,이섭민,이섭민,DRV_027,,,334,대형 영내 운전교육(08:00-11:30),223,1115,1120,18:35,18:40,T,True
driver_availability,driver,이섭민,이섭민,DRV_027,,,334,대형 영내 운전교육(08:00-11:30),224,1120,1125,18:40,18:45,T,True
driver_availability,driver,이섭민,이섭민,DRV_027,,,334,대형 영내 운전교육(08:00-11:30),225,1125,1130,18:45,18:50,T,True
driver_availability,driver,이섭민,이섭민,DRV_027,,,334,대형 영내 운전교육(08:00-11:30),226,1130,1135,18:50,18:55,T,True
driver_availability,driver,이섭민,이섭민,DRV_027,,,334,대형 영내 운전교육(08:00-11:30),227,1135,1140,18:55,19:00,T,True
driver_availability,driver,이섭민,이섭민,DRV_027,,,334,대형 영내 운전교육(08:00-11:30),228,1140,1145,19:00,19:05,T,True
driver_availability,driver,이섭민,이섭민,DRV_027,,,334,대형 영내 운전교육(08:00-11:30),229,1145,1150,19:05,19:10,T,True
driver_availability,driver,이섭민,이섭민,DRV_027,,,334,대형 영내 운전교육(08:00-11:30),230,1150,1155,19:10,19:15,T,True
driver_availability,driver,이섭민,이섭민,DRV_027,,,334,대형 영내 운전교육(08:00-11:30),231,1155,1160,19:15,19:20,T,True
driver_availability,driver,이섭민,이섭민,DRV_027,,,334,대형 영내 운전교육(08:00-11:30),232,1160,1165,19:20,19:25,T,True
driver_availability,driver,이섭민,이섭민,DRV_027,,,334,대형 영내 운전교육(08:00-11:30),233,1165,1170,19:25,19:30,T,True
driver_availability,driver,이섭민,이섭민,DRV_027,,,334,대형 영내 운전교육(08:00-11:30),234,1170,1175,19:30,19:35,T,True
driver_availability,driver,이섭민,이섭민,DRV_027,,,334,대형 영내 운전교육(08:00-11:30),235,1175,1180,19:35,19:40,T,True
driver_availability,driver,이섭민,이섭민,DRV_027,,,334,대형 영내 운전교육(08:00-11:30),236,1180,1185,19:40,19:45,T,True
driver_availability,driver,이섭민,이섭민,DRV_027,,,334,대형 영내 운전교육(08:00-11:30),237,1185,1190,19:45,19:50,T,True
driver_availability,driver,이섭민,이섭민,DRV_027,,,334,대형 영내 운전교육(08:00-11:30),238,1190,1195,19:50,19:55,T,True
driver_availability,driver,이섭민,이섭민,DRV_027,,,334,대형 영내 운전교육(08:00-11:30),239,1195,1200,19:55,20:00,T,True
driver_availability,driver,이섭민,이섭민,DRV_027,,,334,대형 영내 운전교육(08:00-11:30),240,1200,1205,20:00,20:05,T,True
driver_availability,driver,이섭민,이섭민,DRV_027,,,334,대형 영내 운전교육(08:00-11:30),241,1205,1210,20:05,20:10,T,True
driver_availability,driver,이섭민,이섭민,DRV_027,,,334,대형 영내 운전교육(08:00-11:30),242,1210,1215,20:10,20:15,T,True
driver_availability,driver,이섭민,이섭민,DRV_027,,,334,대형 영내 운전교육(08:00-11:30),243,1215,1220,20:15,20:20,T,True
driver_availability,driver,이섭민,이섭민,DRV_027,,,334,대형 영내 운전교육(08:00-11:30),244,1220,1225,20:20,20:25,T,True
driver_availability,driver,이섭민,이섭민,DRV_027,,,334,대형 영내 운전교육(08:00-11:30),245,1225,1230,20:25,20:30,T,True
driver_availability,driver,이섭민,이섭민,DRV_027,,,334,대형 영내 운전교육(08:00-11:30),246,1230,1235,20:30,20:35,T,True
driver_availability,driver,이섭민,이섭민,DRV_027,,,334,대형 영내 운전교육(08:00-11:30),247,1235,1240,20:35,20:40,T,True
driver_availability,driver,이섭민,이섭민,DRV_027,,,334,대형 영내 운전교육(08:00-11:30),248,1240,1245,20:40,20:45,T,True
driver_availability,driver,이섭민,이섭민,DRV_027,,,334,대형 영내 운전교육(08:00-11:30),249,1245,1250,20:45,20:50,T,True
driver_availability,driver,이섭민,이섭민,DRV_027,,,334,대형 영내 운전교육(08:00-11:30),250,1250,1255,20:50,20:55,T,True
driver_availability,driver,이섭민,이섭민,DRV_027,,,334,대형 영내 운전교육(08:00-11:30),251,1255,1260,20:55,21:00,T,True
driver_availability,driver,이섭민,이섭민,DRV_027,,,334,대형 영내 운전교육(08:00-11:30),252,1260,1265,21:00,21:05,T,True
driver_availability,driver,이섭민,이섭민,DRV_027,,,334,대형 영내 운전교육(08:00-11:30),253,1265,1270,21:05,21:10,T,True
driver_availability,driver,이섭민,이섭민,DRV_027,,,334,대형 영내 운전교육(08:00-11:30),254,1270,1275,21:10,21:15,T,True
driver_availability,driver,이섭민,이섭민,DRV_027,,,334,대형 영내 운전교육(08:00-11:30),255,1275,1280,21:15,21:20,T,True
driver_availability,driver,이섭민,이섭민,DRV_027,,,334,대형 영내 운전교육(08:00-11:30),256,1280,1285,21:20,21:25,T,True
driver_availability,driver,이섭민,이섭민,DRV_027,,,334,대형 영내 운전교육(08:00-11:30),257,1285,1290,21:25,21:30,T,True
driver_availability,driver,이섭민,이섭민,DRV_027,,,334,대형 영내 운전교육(08:00-11:30),258,1290,1295,21:30,21:35,T,True
driver_availability,driver,이섭민,이섭민,DRV_027,,,334,대형 영내 운전교육(08:00-11:30),259,1295,1300,21:35,21:40,T,True
driver_availability,driver,이섭민,이섭민,DRV_027,,,334,대형 영내 운전교육(08:00-11:30),260,1300,1305,21:40,21:45,T,True
driver_availability,driver,이섭민,이섭민,DRV_027,,,334,대형 영내 운전교육(08:00-11:30),261,1305,1310,21:45,21:50,T,True
driver_availability,driver,이섭민,이섭민,DRV_027,,,334,대형 영내 운전교육(08:00-11:30),262,1310,1315,21:50,21:55,T,True
driver_availability,driver,이섭민,이섭민,DRV_027,,,334,대형 영내 운전교육(08:00-11:30),263,1315,1320,21:55,22:00,T,True
driver_availability,driver,이섭민,이섭민,DRV_027,,,334,대형 영내 운전교육(08:00-11:30),264,1320,1325,22:00,22:05,T,True
driver_availability,driver,이섭민,이섭민,DRV_027,,,334,대형 영내 운전교육(08:00-11:30),265,1325,1330,22:05,22:10,T,True
driver_availability,driver,이섭민,이섭민,DRV_027,,,334,대형 영내 운전교육(08:00-11:30),266,1330,1335,22:10,22:15,T,True
driver_availability,driver,이섭민,이섭민,DRV_027,,,334,대형 영내 운전교육(08:00-11:30),267,1335,1340,22:15,22:20,T,True
driver_availability,driver,이섭민,이섭민,DRV_027,,,334,대형 영내 운전교육(08:00-11:30),268,1340,1345,22:20,22:25,T,True
driver_availability,driver,이섭민,이섭민,DRV_027,,,334,대형 영내 운전교육(08:00-11:30),269,1345,1350,22:25,22:30,T,True
driver_availability,driver,이섭민,이섭민,DRV_027,,,334,대형 영내 운전교육(08:00-11:30),270,1350,1355,22:30,22:35,T,True
driver_availability,driver,이섭민,이섭민,DRV_027,,,334,대형 영내 운전교육(08:00-11:30),271,1355,1360,22:35,22:40,T,True
driver_availability,driver,이섭민,이섭민,DRV_027,,,334,대형 영내 운전교육(08:00-11:30),272,1360,1365,22:40,22:45,T,True
driver_availability,driver,이섭민,이섭민,DRV_027,,,334,대형 영내 운전교육(08:00-11:30),273,1365,1370,22:45,22:50,T,True
driver_availability,driver,이섭민,이섭민,DRV_027,,,334,대형 영내 운전교육(08:00-11:30),274,1370,1375,22:50,22:55,T,True
driver_availability,driver,이섭민,이섭민,DRV_027,,,334,대형 영내 운전교육(08:00-11:30),275,1375,1380,22:55,23:00,T,True
driver_availability,driver,이섭민,이섭민,DRV_027,,,334,대형 영내 운전교육(08:00-11:30),276,1380,1385,23:00,23:05,T,True
driver_availability,driver,이섭민,이섭민,DRV_027,,,334,대형 영내 운전교육(08:00-11:30),277,1385,1390,23:05,23:10,T,True
driver_availability,driver,이섭민,이섭민,DRV_027,,,334,대형 영내 운전교육(08:00-11:30),278,1390,1395,23:10,23:15,T,True
driver_availability,driver,이섭민,이섭민,DRV_027,,,334,대형 영내 운전교육(08:00-11:30),279,1395,1400,23:15,23:20,T,True
driver_availability,driver,이섭민,이섭민,DRV_027,,,334,대형 영내 운전교육(08:00-11:30),280,1400,1405,23:20,23:25,T,True
driver_availability,driver,이섭민,이섭민,DRV_027,,,334,대형 영내 운전교육(08:00-11:30),281,1405,1410,23:25,23:30,T,True
driver_availability,driver,이섭민,이섭민,DRV_027,,,334,대형 영내 운전교육(08:00-11:30),282,1410,1415,23:30,23:35,T,True
driver_availability,driver,이섭민,이섭민,DRV_027,,,334,대형 영내 운전교육(08:00-11:30),283,1415,1420,23:35,23:40,T,True
driver_availability,driver,이섭민,이섭민,DRV_027,,,334,대형 영내 운전교육(08:00-11:30),284,1420,1425,23:40,23:45,T,True
driver_availability,driver,이섭민,이섭민,DRV_027,,,334,대형 영내 운전교육(08:00-11:30),285,1425,1430,23:45,23:50,T,True
driver_availability,driver,이섭민,이섭민,DRV_027,,,334,대형 영내 운전교육(08:00-11:30),286,1430,1435,23:50,23:55,T,True
driver_availability,driver,이섭민,이섭민,DRV_027,,,334,대형 영내 운전교육(08:00-11:30),287,1435,1440,23:55,24:00,T,True
driver_availability,driver,장서준,장서준,DRV_028,,,344,야간조,0,0,5,00:00,00:05,F,False
driver_availability,driver,장서준,장서준,DRV_028,,,344,야간조,1,5,10,00:05,00:10,F,False
driver_availability,driver,장서준,장서준,DRV_028,,,344,야간조,2,10,15,00:10,00:15,F,False
driver_availability,driver,장서준,장서준,DRV_028,,,344,야간조,3,15,20,00:15,00:20,F,False
driver_availability,driver,장서준,장서준,DRV_028,,,344,야간조,4,20,25,00:20,00:25,F,False
driver_availability,driver,장서준,장서준,DRV_028,,,344,야간조,5,25,30,00:25,00:30,F,False
driver_availability,driver,장서준,장서준,DRV_028,,,344,야간조,6,30,35,00:30,00:35,F,False
driver_availability,driver,장서준,장서준,DRV_028,,,344,야간조,7,35,40,00:35,00:40,F,False
driver_availability,driver,장서준,장서준,DRV_028,,,344,야간조,8,40,45,00:40,00:45,F,False
driver_availability,driver,장서준,장서준,DRV_028,,,344,야간조,9,45,50,00:45,00:50,F,False
driver_availability,driver,장서준,장서준,DRV_028,,,344,야간조,10,50,55,00:50,00:55,F,False
driver_availability,driver,장서준,장서준,DRV_028,,,344,야간조,11,55,60,00:55,01:00,F,False
driver_availability,driver,장서준,장서준,DRV_028,,,344,야간조,12,60,65,01:00,01:05,F,False
driver_availability,driver,장서준,장서준,DRV_028,,,344,야간조,13,65,70,01:05,01:10,F,False
driver_availability,driver,장서준,장서준,DRV_028,,,344,야간조,14,70,75,01:10,01:15,F,False
driver_availability,driver,장서준,장서준,DRV_028,,,344,야간조,15,75,80,01:15,01:20,F,False
driver_availability,driver,장서준,장서준,DRV_028,,,344,야간조,16,80,85,01:20,01:25,F,False
driver_availability,driver,장서준,장서준,DRV_028,,,344,야간조,17,85,90,01:25,01:30,F,False
driver_availability,driver,장서준,장서준,DRV_028,,,344,야간조,18,90,95,01:30,01:35,F,False
driver_availability,driver,장서준,장서준,DRV_028,,,344,야간조,19,95,100,01:35,01:40,F,False
driver_availability,driver,장서준,장서준,DRV_028,,,344,야간조,20,100,105,01:40,01:45,F,False
driver_availability,driver,장서준,장서준,DRV_028,,,344,야간조,21,105,110,01:45,01:50,F,False
driver_availability,driver,장서준,장서준,DRV_028,,,344,야간조,22,110,115,01:50,01:55,F,False
driver_availability,driver,장서준,장서준,DRV_028,,,344,야간조,23,115,120,01:55,02:00,F,False
driver_availability,driver,장서준,장서준,DRV_028,,,344,야간조,24,120,125,02:00,02:05,F,False
driver_availability,driver,장서준,장서준,DRV_028,,,344,야간조,25,125,130,02:05,02:10,F,False
driver_availability,driver,장서준,장서준,DRV_028,,,344,야간조,26,130,135,02:10,02:15,F,False
driver_availability,driver,장서준,장서준,DRV_028,,,344,야간조,27,135,140,02:15,02:20,F,False
driver_availability,driver,장서준,장서준,DRV_028,,,344,야간조,28,140,145,02:20,02:25,F,False
driver_availability,driver,장서준,장서준,DRV_028,,,344,야간조,29,145,150,02:25,02:30,F,False
driver_availability,driver,장서준,장서준,DRV_028,,,344,야간조,30,150,155,02:30,02:35,F,False
driver_availability,driver,장서준,장서준,DRV_028,,,344,야간조,31,155,160,02:35,02:40,F,False
driver_availability,driver,장서준,장서준,DRV_028,,,344,야간조,32,160,165,02:40,02:45,F,False
driver_availability,driver,장서준,장서준,DRV_028,,,344,야간조,33,165,170,02:45,02:50,F,False
driver_availability,driver,장서준,장서준,DRV_028,,,344,야간조,34,170,175,02:50,02:55,F,False
driver_availability,driver,장서준,장서준,DRV_028,,,344,야간조,35,175,180,02:55,03:00,F,False
driver_availability,driver,장서준,장서준,DRV_028,,,344,야간조,36,180,185,03:00,03:05,F,False
driver_availability,driver,장서준,장서준,DRV_028,,,344,야간조,37,185,190,03:05,03:10,F,False
driver_availability,driver,장서준,장서준,DRV_028,,,344,야간조,38,190,195,03:10,03:15,F,False
driver_availability,driver,장서준,장서준,DRV_028,,,344,야간조,39,195,200,03:15,03:20,F,False
driver_availability,driver,장서준,장서준,DRV_028,,,344,야간조,40,200,205,03:20,03:25,F,False
driver_availability,driver,장서준,장서준,DRV_028,,,344,야간조,41,205,210,03:25,03:30,F,False
driver_availability,driver,장서준,장서준,DRV_028,,,344,야간조,42,210,215,03:30,03:35,F,False
driver_availability,driver,장서준,장서준,DRV_028,,,344,야간조,43,215,220,03:35,03:40,F,False
driver_availability,driver,장서준,장서준,DRV_028,,,344,야간조,44,220,225,03:40,03:45,F,False
driver_availability,driver,장서준,장서준,DRV_028,,,344,야간조,45,225,230,03:45,03:50,F,False
driver_availability,driver,장서준,장서준,DRV_028,,,344,야간조,46,230,235,03:50,03:55,F,False
driver_availability,driver,장서준,장서준,DRV_028,,,344,야간조,47,235,240,03:55,04:00,F,False
driver_availability,driver,장서준,장서준,DRV_028,,,344,야간조,48,240,245,04:00,04:05,F,False
driver_availability,driver,장서준,장서준,DRV_028,,,344,야간조,49,245,250,04:05,04:10,F,False
driver_availability,driver,장서준,장서준,DRV_028,,,344,야간조,50,250,255,04:10,04:15,F,False
driver_availability,driver,장서준,장서준,DRV_028,,,344,야간조,51,255,260,04:15,04:20,F,False
driver_availability,driver,장서준,장서준,DRV_028,,,344,야간조,52,260,265,04:20,04:25,F,False
driver_availability,driver,장서준,장서준,DRV_028,,,344,야간조,53,265,270,04:25,04:30,F,False
driver_availability,driver,장서준,장서준,DRV_028,,,344,야간조,54,270,275,04:30,04:35,F,False
driver_availability,driver,장서준,장서준,DRV_028,,,344,야간조,55,275,280,04:35,04:40,F,False
driver_availability,driver,장서준,장서준,DRV_028,,,344,야간조,56,280,285,04:40,04:45,F,False
driver_availability,driver,장서준,장서준,DRV_028,,,344,야간조,57,285,290,04:45,04:50,F,False
driver_availability,driver,장서준,장서준,DRV_028,,,344,야간조,58,290,295,04:50,04:55,F,False
driver_availability,driver,장서준,장서준,DRV_028,,,344,야간조,59,295,300,04:55,05:00,F,False
driver_availability,driver,장서준,장서준,DRV_028,,,344,야간조,60,300,305,05:00,05:05,F,False
driver_availability,driver,장서준,장서준,DRV_028,,,344,야간조,61,305,310,05:05,05:10,F,False
driver_availability,driver,장서준,장서준,DRV_028,,,344,야간조,62,310,315,05:10,05:15,F,False
driver_availability,driver,장서준,장서준,DRV_028,,,344,야간조,63,315,320,05:15,05:20,F,False
driver_availability,driver,장서준,장서준,DRV_028,,,344,야간조,64,320,325,05:20,05:25,F,False
driver_availability,driver,장서준,장서준,DRV_028,,,344,야간조,65,325,330,05:25,05:30,F,False
driver_availability,driver,장서준,장서준,DRV_028,,,344,야간조,66,330,335,05:30,05:35,F,False
driver_availability,driver,장서준,장서준,DRV_028,,,344,야간조,67,335,340,05:35,05:40,F,False
driver_availability,driver,장서준,장서준,DRV_028,,,344,야간조,68,340,345,05:40,05:45,F,False
driver_availability,driver,장서준,장서준,DRV_028,,,344,야간조,69,345,350,05:45,05:50,F,False
driver_availability,driver,장서준,장서준,DRV_028,,,344,야간조,70,350,355,05:50,05:55,F,False
driver_availability,driver,장서준,장서준,DRV_028,,,344,야간조,71,355,360,05:55,06:00,F,False
driver_availability,driver,장서준,장서준,DRV_028,,,344,야간조,72,360,365,06:00,06:05,F,False
driver_availability,driver,장서준,장서준,DRV_028,,,344,야간조,73,365,370,06:05,06:10,F,False
driver_availability,driver,장서준,장서준,DRV_028,,,344,야간조,74,370,375,06:10,06:15,F,False
driver_availability,driver,장서준,장서준,DRV_028,,,344,야간조,75,375,380,06:15,06:20,F,False
driver_availability,driver,장서준,장서준,DRV_028,,,344,야간조,76,380,385,06:20,06:25,F,False
driver_availability,driver,장서준,장서준,DRV_028,,,344,야간조,77,385,390,06:25,06:30,F,False
driver_availability,driver,장서준,장서준,DRV_028,,,344,야간조,78,390,395,06:30,06:35,F,False
driver_availability,driver,장서준,장서준,DRV_028,,,344,야간조,79,395,400,06:35,06:40,F,False
driver_availability,driver,장서준,장서준,DRV_028,,,344,야간조,80,400,405,06:40,06:45,F,False
driver_availability,driver,장서준,장서준,DRV_028,,,344,야간조,81,405,410,06:45,06:50,F,False
driver_availability,driver,장서준,장서준,DRV_028,,,344,야간조,82,410,415,06:50,06:55,F,False
driver_availability,driver,장서준,장서준,DRV_028,,,344,야간조,83,415,420,06:55,07:00,F,False
driver_availability,driver,장서준,장서준,DRV_028,,,344,야간조,84,420,425,07:00,07:05,F,False
driver_availability,driver,장서준,장서준,DRV_028,,,344,야간조,85,425,430,07:05,07:10,F,False
driver_availability,driver,장서준,장서준,DRV_028,,,344,야간조,86,430,435,07:10,07:15,F,False
driver_availability,driver,장서준,장서준,DRV_028,,,344,야간조,87,435,440,07:15,07:20,F,False
driver_availability,driver,장서준,장서준,DRV_028,,,344,야간조,88,440,445,07:20,07:25,F,False
driver_availability,driver,장서준,장서준,DRV_028,,,344,야간조,89,445,450,07:25,07:30,F,False
driver_availability,driver,장서준,장서준,DRV_028,,,344,야간조,90,450,455,07:30,07:35,F,False
driver_availability,driver,장서준,장서준,DRV_028,,,344,야간조,91,455,460,07:35,07:40,F,False
driver_availability,driver,장서준,장서준,DRV_028,,,344,야간조,92,460,465,07:40,07:45,F,False
driver_availability,driver,장서준,장서준,DRV_028,,,344,야간조,93,465,470,07:45,07:50,F,False
driver_availability,driver,장서준,장서준,DRV_028,,,344,야간조,94,470,475,07:50,07:55,F,False
driver_availability,driver,장서준,장서준,DRV_028,,,344,야간조,95,475,480,07:55,08:00,F,False
driver_availability,driver,장서준,장서준,DRV_028,,,344,야간조,96,480,485,08:00,08:05,F,False
driver_availability,driver,장서준,장서준,DRV_028,,,344,야간조,97,485,490,08:05,08:10,F,False
driver_availability,driver,장서준,장서준,DRV_028,,,344,야간조,98,490,495,08:10,08:15,F,False
driver_availability,driver,장서준,장서준,DRV_028,,,344,야간조,99,495,500,08:15,08:20,F,False
driver_availability,driver,장서준,장서준,DRV_028,,,344,야간조,100,500,505,08:20,08:25,F,False
driver_availability,driver,장서준,장서준,DRV_028,,,344,야간조,101,505,510,08:25,08:30,F,False
driver_availability,driver,장서준,장서준,DRV_028,,,344,야간조,102,510,515,08:30,08:35,F,False
driver_availability,driver,장서준,장서준,DRV_028,,,344,야간조,103,515,520,08:35,08:40,F,False
driver_availability,driver,장서준,장서준,DRV_028,,,344,야간조,104,520,525,08:40,08:45,F,False
driver_availability,driver,장서준,장서준,DRV_028,,,344,야간조,105,525,530,08:45,08:50,F,False
driver_availability,driver,장서준,장서준,DRV_028,,,344,야간조,106,530,535,08:50,08:55,F,False
driver_availability,driver,장서준,장서준,DRV_028,,,344,야간조,107,535,540,08:55,09:00,F,False
driver_availability,driver,장서준,장서준,DRV_028,,,344,야간조,108,540,545,09:00,09:05,F,False
driver_availability,driver,장서준,장서준,DRV_028,,,344,야간조,109,545,550,09:05,09:10,F,False
driver_availability,driver,장서준,장서준,DRV_028,,,344,야간조,110,550,555,09:10,09:15,F,False
driver_availability,driver,장서준,장서준,DRV_028,,,344,야간조,111,555,560,09:15,09:20,F,False
driver_availability,driver,장서준,장서준,DRV_028,,,344,야간조,112,560,565,09:20,09:25,F,False
driver_availability,driver,장서준,장서준,DRV_028,,,344,야간조,113,565,570,09:25,09:30,F,False
driver_availability,driver,장서준,장서준,DRV_028,,,344,야간조,114,570,575,09:30,09:35,F,False
driver_availability,driver,장서준,장서준,DRV_028,,,344,야간조,115,575,580,09:35,09:40,F,False
driver_availability,driver,장서준,장서준,DRV_028,,,344,야간조,116,580,585,09:40,09:45,F,False
driver_availability,driver,장서준,장서준,DRV_028,,,344,야간조,117,585,590,09:45,09:50,F,False
driver_availability,driver,장서준,장서준,DRV_028,,,344,야간조,118,590,595,09:50,09:55,F,False
driver_availability,driver,장서준,장서준,DRV_028,,,344,야간조,119,595,600,09:55,10:00,F,False
driver_availability,driver,장서준,장서준,DRV_028,,,344,야간조,120,600,605,10:00,10:05,F,False
driver_availability,driver,장서준,장서준,DRV_028,,,344,야간조,121,605,610,10:05,10:10,F,False
driver_availability,driver,장서준,장서준,DRV_028,,,344,야간조,122,610,615,10:10,10:15,F,False
driver_availability,driver,장서준,장서준,DRV_028,,,344,야간조,123,615,620,10:15,10:20,F,False
driver_availability,driver,장서준,장서준,DRV_028,,,344,야간조,124,620,625,10:20,10:25,F,False
driver_availability,driver,장서준,장서준,DRV_028,,,344,야간조,125,625,630,10:25,10:30,F,False
driver_availability,driver,장서준,장서준,DRV_028,,,344,야간조,126,630,635,10:30,10:35,F,False
driver_availability,driver,장서준,장서준,DRV_028,,,344,야간조,127,635,640,10:35,10:40,F,False
driver_availability,driver,장서준,장서준,DRV_028,,,344,야간조,128,640,645,10:40,10:45,F,False
driver_availability,driver,장서준,장서준,DRV_028,,,344,야간조,129,645,650,10:45,10:50,F,False
driver_availability,driver,장서준,장서준,DRV_028,,,344,야간조,130,650,655,10:50,10:55,F,False
driver_availability,driver,장서준,장서준,DRV_028,,,344,야간조,131,655,660,10:55,11:00,F,False
driver_availability,driver,장서준,장서준,DRV_028,,,344,야간조,132,660,665,11:00,11:05,F,False
driver_availability,driver,장서준,장서준,DRV_028,,,344,야간조,133,665,670,11:05,11:10,F,False
driver_availability,driver,장서준,장서준,DRV_028,,,344,야간조,134,670,675,11:10,11:15,F,False
driver_availability,driver,장서준,장서준,DRV_028,,,344,야간조,135,675,680,11:15,11:20,F,False
driver_availability,driver,장서준,장서준,DRV_028,,,344,야간조,136,680,685,11:20,11:25,F,False
driver_availability,driver,장서준,장서준,DRV_028,,,344,야간조,137,685,690,11:25,11:30,F,False
driver_availability,driver,장서준,장서준,DRV_028,,,344,야간조,138,690,695,11:30,11:35,F,False
driver_availability,driver,장서준,장서준,DRV_028,,,344,야간조,139,695,700,11:35,11:40,F,False
driver_availability,driver,장서준,장서준,DRV_028,,,344,야간조,140,700,705,11:40,11:45,F,False
driver_availability,driver,장서준,장서준,DRV_028,,,344,야간조,141,705,710,11:45,11:50,F,False
driver_availability,driver,장서준,장서준,DRV_028,,,344,야간조,142,710,715,11:50,11:55,F,False
driver_availability,driver,장서준,장서준,DRV_028,,,344,야간조,143,715,720,11:55,12:00,F,False
driver_availability,driver,장서준,장서준,DRV_028,,,344,야간조,144,720,725,12:00,12:05,F,False
driver_availability,driver,장서준,장서준,DRV_028,,,344,야간조,145,725,730,12:05,12:10,F,False
driver_availability,driver,장서준,장서준,DRV_028,,,344,야간조,146,730,735,12:10,12:15,F,False
driver_availability,driver,장서준,장서준,DRV_028,,,344,야간조,147,735,740,12:15,12:20,F,False
driver_availability,driver,장서준,장서준,DRV_028,,,344,야간조,148,740,745,12:20,12:25,F,False
driver_availability,driver,장서준,장서준,DRV_028,,,344,야간조,149,745,750,12:25,12:30,F,False
driver_availability,driver,장서준,장서준,DRV_028,,,344,야간조,150,750,755,12:30,12:35,F,False
driver_availability,driver,장서준,장서준,DRV_028,,,344,야간조,151,755,760,12:35,12:40,F,False
driver_availability,driver,장서준,장서준,DRV_028,,,344,야간조,152,760,765,12:40,12:45,F,False
driver_availability,driver,장서준,장서준,DRV_028,,,344,야간조,153,765,770,12:45,12:50,F,False
driver_availability,driver,장서준,장서준,DRV_028,,,344,야간조,154,770,775,12:50,12:55,F,False
driver_availability,driver,장서준,장서준,DRV_028,,,344,야간조,155,775,780,12:55,13:00,F,False
driver_availability,driver,장서준,장서준,DRV_028,,,344,야간조,156,780,785,13:00,13:05,F,False
driver_availability,driver,장서준,장서준,DRV_028,,,344,야간조,157,785,790,13:05,13:10,F,False
driver_availability,driver,장서준,장서준,DRV_028,,,344,야간조,158,790,795,13:10,13:15,F,False
driver_availability,driver,장서준,장서준,DRV_028,,,344,야간조,159,795,800,13:15,13:20,F,False
driver_availability,driver,장서준,장서준,DRV_028,,,344,야간조,160,800,805,13:20,13:25,F,False
driver_availability,driver,장서준,장서준,DRV_028,,,344,야간조,161,805,810,13:25,13:30,F,False
driver_availability,driver,장서준,장서준,DRV_028,,,344,야간조,162,810,815,13:30,13:35,F,False
driver_availability,driver,장서준,장서준,DRV_028,,,344,야간조,163,815,820,13:35,13:40,F,False
driver_availability,driver,장서준,장서준,DRV_028,,,344,야간조,164,820,825,13:40,13:45,F,False
driver_availability,driver,장서준,장서준,DRV_028,,,344,야간조,165,825,830,13:45,13:50,F,False
driver_availability,driver,장서준,장서준,DRV_028,,,344,야간조,166,830,835,13:50,13:55,F,False
driver_availability,driver,장서준,장서준,DRV_028,,,344,야간조,167,835,840,13:55,14:00,F,False
driver_availability,driver,장서준,장서준,DRV_028,,,344,야간조,168,840,845,14:00,14:05,F,False
driver_availability,driver,장서준,장서준,DRV_028,,,344,야간조,169,845,850,14:05,14:10,F,False
driver_availability,driver,장서준,장서준,DRV_028,,,344,야간조,170,850,855,14:10,14:15,F,False
driver_availability,driver,장서준,장서준,DRV_028,,,344,야간조,171,855,860,14:15,14:20,F,False
driver_availability,driver,장서준,장서준,DRV_028,,,344,야간조,172,860,865,14:20,14:25,F,False
driver_availability,driver,장서준,장서준,DRV_028,,,344,야간조,173,865,870,14:25,14:30,F,False
driver_availability,driver,장서준,장서준,DRV_028,,,344,야간조,174,870,875,14:30,14:35,F,False
driver_availability,driver,장서준,장서준,DRV_028,,,344,야간조,175,875,880,14:35,14:40,F,False
driver_availability,driver,장서준,장서준,DRV_028,,,344,야간조,176,880,885,14:40,14:45,F,False
driver_availability,driver,장서준,장서준,DRV_028,,,344,야간조,177,885,890,14:45,14:50,F,False
driver_availability,driver,장서준,장서준,DRV_028,,,344,야간조,178,890,895,14:50,14:55,F,False
driver_availability,driver,장서준,장서준,DRV_028,,,344,야간조,179,895,900,14:55,15:00,F,False
driver_availability,driver,장서준,장서준,DRV_028,,,344,야간조,180,900,905,15:00,15:05,F,False
driver_availability,driver,장서준,장서준,DRV_028,,,344,야간조,181,905,910,15:05,15:10,F,False
driver_availability,driver,장서준,장서준,DRV_028,,,344,야간조,182,910,915,15:10,15:15,F,False
driver_availability,driver,장서준,장서준,DRV_028,,,344,야간조,183,915,920,15:15,15:20,F,False
driver_availability,driver,장서준,장서준,DRV_028,,,344,야간조,184,920,925,15:20,15:25,F,False
driver_availability,driver,장서준,장서준,DRV_028,,,344,야간조,185,925,930,15:25,15:30,F,False
driver_availability,driver,장서준,장서준,DRV_028,,,344,야간조,186,930,935,15:30,15:35,F,False
driver_availability,driver,장서준,장서준,DRV_028,,,344,야간조,187,935,940,15:35,15:40,F,False
driver_availability,driver,장서준,장서준,DRV_028,,,344,야간조,188,940,945,15:40,15:45,F,False
driver_availability,driver,장서준,장서준,DRV_028,,,344,야간조,189,945,950,15:45,15:50,F,False
driver_availability,driver,장서준,장서준,DRV_028,,,344,야간조,190,950,955,15:50,15:55,F,False
driver_availability,driver,장서준,장서준,DRV_028,,,344,야간조,191,955,960,15:55,16:00,F,False
driver_availability,driver,장서준,장서준,DRV_028,,,344,야간조,192,960,965,16:00,16:05,F,False
driver_availability,driver,장서준,장서준,DRV_028,,,344,야간조,193,965,970,16:05,16:10,F,False
driver_availability,driver,장서준,장서준,DRV_028,,,344,야간조,194,970,975,16:10,16:15,F,False
driver_availability,driver,장서준,장서준,DRV_028,,,344,야간조,195,975,980,16:15,16:20,F,False
driver_availability,driver,장서준,장서준,DRV_028,,,344,야간조,196,980,985,16:20,16:25,F,False
driver_availability,driver,장서준,장서준,DRV_028,,,344,야간조,197,985,990,16:25,16:30,F,False
driver_availability,driver,장서준,장서준,DRV_028,,,344,야간조,198,990,995,16:30,16:35,F,False
driver_availability,driver,장서준,장서준,DRV_028,,,344,야간조,199,995,1000,16:35,16:40,F,False
driver_availability,driver,장서준,장서준,DRV_028,,,344,야간조,200,1000,1005,16:40,16:45,F,False
driver_availability,driver,장서준,장서준,DRV_028,,,344,야간조,201,1005,1010,16:45,16:50,F,False
driver_availability,driver,장서준,장서준,DRV_028,,,344,야간조,202,1010,1015,16:50,16:55,F,False
driver_availability,driver,장서준,장서준,DRV_028,,,344,야간조,203,1015,1020,16:55,17:00,F,False
driver_availability,driver,장서준,장서준,DRV_028,,,344,야간조,204,1020,1025,17:00,17:05,F,False
driver_availability,driver,장서준,장서준,DRV_028,,,344,야간조,205,1025,1030,17:05,17:10,F,False
driver_availability,driver,장서준,장서준,DRV_028,,,344,야간조,206,1030,1035,17:10,17:15,F,False
driver_availability,driver,장서준,장서준,DRV_028,,,344,야간조,207,1035,1040,17:15,17:20,F,False
driver_availability,driver,장서준,장서준,DRV_028,,,344,야간조,208,1040,1045,17:20,17:25,F,False
driver_availability,driver,장서준,장서준,DRV_028,,,344,야간조,209,1045,1050,17:25,17:30,F,False
driver_availability,driver,장서준,장서준,DRV_028,,,344,야간조,210,1050,1055,17:30,17:35,F,False
driver_availability,driver,장서준,장서준,DRV_028,,,344,야간조,211,1055,1060,17:35,17:40,F,False
driver_availability,driver,장서준,장서준,DRV_028,,,344,야간조,212,1060,1065,17:40,17:45,F,False
driver_availability,driver,장서준,장서준,DRV_028,,,344,야간조,213,1065,1070,17:45,17:50,F,False
driver_availability,driver,장서준,장서준,DRV_028,,,344,야간조,214,1070,1075,17:50,17:55,F,False
driver_availability,driver,장서준,장서준,DRV_028,,,344,야간조,215,1075,1080,17:55,18:00,F,False
driver_availability,driver,장서준,장서준,DRV_028,,,344,야간조,216,1080,1085,18:00,18:05,F,False
driver_availability,driver,장서준,장서준,DRV_028,,,344,야간조,217,1085,1090,18:05,18:10,F,False
driver_availability,driver,장서준,장서준,DRV_028,,,344,야간조,218,1090,1095,18:10,18:15,F,False
driver_availability,driver,장서준,장서준,DRV_028,,,344,야간조,219,1095,1100,18:15,18:20,F,False
driver_availability,driver,장서준,장서준,DRV_028,,,344,야간조,220,1100,1105,18:20,18:25,F,False
driver_availability,driver,장서준,장서준,DRV_028,,,344,야간조,221,1105,1110,18:25,18:30,F,False
driver_availability,driver,장서준,장서준,DRV_028,,,344,야간조,222,1110,1115,18:30,18:35,F,False
driver_availability,driver,장서준,장서준,DRV_028,,,344,야간조,223,1115,1120,18:35,18:40,F,False
driver_availability,driver,장서준,장서준,DRV_028,,,344,야간조,224,1120,1125,18:40,18:45,F,False
driver_availability,driver,장서준,장서준,DRV_028,,,344,야간조,225,1125,1130,18:45,18:50,F,False
driver_availability,driver,장서준,장서준,DRV_028,,,344,야간조,226,1130,1135,18:50,18:55,F,False
driver_availability,driver,장서준,장서준,DRV_028,,,344,야간조,227,1135,1140,18:55,19:00,F,False
driver_availability,driver,장서준,장서준,DRV_028,,,344,야간조,228,1140,1145,19:00,19:05,F,False
driver_availability,driver,장서준,장서준,DRV_028,,,344,야간조,229,1145,1150,19:05,19:10,F,False
driver_availability,driver,장서준,장서준,DRV_028,,,344,야간조,230,1150,1155,19:10,19:15,F,False
driver_availability,driver,장서준,장서준,DRV_028,,,344,야간조,231,1155,1160,19:15,19:20,F,False
driver_availability,driver,장서준,장서준,DRV_028,,,344,야간조,232,1160,1165,19:20,19:25,F,False
driver_availability,driver,장서준,장서준,DRV_028,,,344,야간조,233,1165,1170,19:25,19:30,F,False
driver_availability,driver,장서준,장서준,DRV_028,,,344,야간조,234,1170,1175,19:30,19:35,F,False
driver_availability,driver,장서준,장서준,DRV_028,,,344,야간조,235,1175,1180,19:35,19:40,F,False
driver_availability,driver,장서준,장서준,DRV_028,,,344,야간조,236,1180,1185,19:40,19:45,F,False
driver_availability,driver,장서준,장서준,DRV_028,,,344,야간조,237,1185,1190,19:45,19:50,F,False
driver_availability,driver,장서준,장서준,DRV_028,,,344,야간조,238,1190,1195,19:50,19:55,F,False
driver_availability,driver,장서준,장서준,DRV_028,,,344,야간조,239,1195,1200,19:55,20:00,F,False
driver_availability,driver,장서준,장서준,DRV_028,,,344,야간조,240,1200,1205,20:00,20:05,F,False
driver_availability,driver,장서준,장서준,DRV_028,,,344,야간조,241,1205,1210,20:05,20:10,F,False
driver_availability,driver,장서준,장서준,DRV_028,,,344,야간조,242,1210,1215,20:10,20:15,F,False
driver_availability,driver,장서준,장서준,DRV_028,,,344,야간조,243,1215,1220,20:15,20:20,F,False
driver_availability,driver,장서준,장서준,DRV_028,,,344,야간조,244,1220,1225,20:20,20:25,F,False
driver_availability,driver,장서준,장서준,DRV_028,,,344,야간조,245,1225,1230,20:25,20:30,F,False
driver_availability,driver,장서준,장서준,DRV_028,,,344,야간조,246,1230,1235,20:30,20:35,F,False
driver_availability,driver,장서준,장서준,DRV_028,,,344,야간조,247,1235,1240,20:35,20:40,F,False
driver_availability,driver,장서준,장서준,DRV_028,,,344,야간조,248,1240,1245,20:40,20:45,F,False
driver_availability,driver,장서준,장서준,DRV_028,,,344,야간조,249,1245,1250,20:45,20:50,F,False
driver_availability,driver,장서준,장서준,DRV_028,,,344,야간조,250,1250,1255,20:50,20:55,F,False
driver_availability,driver,장서준,장서준,DRV_028,,,344,야간조,251,1255,1260,20:55,21:00,F,False
driver_availability,driver,장서준,장서준,DRV_028,,,344,야간조,252,1260,1265,21:00,21:05,F,False
driver_availability,driver,장서준,장서준,DRV_028,,,344,야간조,253,1265,1270,21:05,21:10,F,False
driver_availability,driver,장서준,장서준,DRV_028,,,344,야간조,254,1270,1275,21:10,21:15,F,False
driver_availability,driver,장서준,장서준,DRV_028,,,344,야간조,255,1275,1280,21:15,21:20,F,False
driver_availability,driver,장서준,장서준,DRV_028,,,344,야간조,256,1280,1285,21:20,21:25,F,False
driver_availability,driver,장서준,장서준,DRV_028,,,344,야간조,257,1285,1290,21:25,21:30,F,False
driver_availability,driver,장서준,장서준,DRV_028,,,344,야간조,258,1290,1295,21:30,21:35,F,False
driver_availability,driver,장서준,장서준,DRV_028,,,344,야간조,259,1295,1300,21:35,21:40,F,False
driver_availability,driver,장서준,장서준,DRV_028,,,344,야간조,260,1300,1305,21:40,21:45,F,False
driver_availability,driver,장서준,장서준,DRV_028,,,344,야간조,261,1305,1310,21:45,21:50,F,False
driver_availability,driver,장서준,장서준,DRV_028,,,344,야간조,262,1310,1315,21:50,21:55,F,False
driver_availability,driver,장서준,장서준,DRV_028,,,344,야간조,263,1315,1320,21:55,22:00,F,False
driver_availability,driver,장서준,장서준,DRV_028,,,344,야간조,264,1320,1325,22:00,22:05,F,False
driver_availability,driver,장서준,장서준,DRV_028,,,344,야간조,265,1325,1330,22:05,22:10,F,False
driver_availability,driver,장서준,장서준,DRV_028,,,344,야간조,266,1330,1335,22:10,22:15,F,False
driver_availability,driver,장서준,장서준,DRV_028,,,344,야간조,267,1335,1340,22:15,22:20,F,False
driver_availability,driver,장서준,장서준,DRV_028,,,344,야간조,268,1340,1345,22:20,22:25,F,False
driver_availability,driver,장서준,장서준,DRV_028,,,344,야간조,269,1345,1350,22:25,22:30,F,False
driver_availability,driver,장서준,장서준,DRV_028,,,344,야간조,270,1350,1355,22:30,22:35,F,False
driver_availability,driver,장서준,장서준,DRV_028,,,344,야간조,271,1355,1360,22:35,22:40,F,False
driver_availability,driver,장서준,장서준,DRV_028,,,344,야간조,272,1360,1365,22:40,22:45,F,False
driver_availability,driver,장서준,장서준,DRV_028,,,344,야간조,273,1365,1370,22:45,22:50,F,False
driver_availability,driver,장서준,장서준,DRV_028,,,344,야간조,274,1370,1375,22:50,22:55,F,False
driver_availability,driver,장서준,장서준,DRV_028,,,344,야간조,275,1375,1380,22:55,23:00,F,False
driver_availability,driver,장서준,장서준,DRV_028,,,344,야간조,276,1380,1385,23:00,23:05,F,False
driver_availability,driver,장서준,장서준,DRV_028,,,344,야간조,277,1385,1390,23:05,23:10,F,False
driver_availability,driver,장서준,장서준,DRV_028,,,344,야간조,278,1390,1395,23:10,23:15,F,False
driver_availability,driver,장서준,장서준,DRV_028,,,344,야간조,279,1395,1400,23:15,23:20,F,False
driver_availability,driver,장서준,장서준,DRV_028,,,344,야간조,280,1400,1405,23:20,23:25,F,False
driver_availability,driver,장서준,장서준,DRV_028,,,344,야간조,281,1405,1410,23:25,23:30,F,False
driver_availability,driver,장서준,장서준,DRV_028,,,344,야간조,282,1410,1415,23:30,23:35,F,False
driver_availability,driver,장서준,장서준,DRV_028,,,344,야간조,283,1415,1420,23:35,23:40,F,False
driver_availability,driver,장서준,장서준,DRV_028,,,344,야간조,284,1420,1425,23:40,23:45,F,False
driver_availability,driver,장서준,장서준,DRV_028,,,344,야간조,285,1425,1430,23:45,23:50,F,False
driver_availability,driver,장서준,장서준,DRV_028,,,344,야간조,286,1430,1435,23:50,23:55,F,False
driver_availability,driver,장서준,장서준,DRV_028,,,344,야간조,287,1435,1440,23:55,24:00,F,False
driver_availability,driver,박훈지,박훈지,DRV_029,,,344,신병 캠프(08:00-17:00),0,0,5,00:00,00:05,T,True
driver_availability,driver,박훈지,박훈지,DRV_029,,,344,신병 캠프(08:00-17:00),1,5,10,00:05,00:10,T,True
driver_availability,driver,박훈지,박훈지,DRV_029,,,344,신병 캠프(08:00-17:00),2,10,15,00:10,00:15,T,True
driver_availability,driver,박훈지,박훈지,DRV_029,,,344,신병 캠프(08:00-17:00),3,15,20,00:15,00:20,T,True
driver_availability,driver,박훈지,박훈지,DRV_029,,,344,신병 캠프(08:00-17:00),4,20,25,00:20,00:25,T,True
driver_availability,driver,박훈지,박훈지,DRV_029,,,344,신병 캠프(08:00-17:00),5,25,30,00:25,00:30,T,True
driver_availability,driver,박훈지,박훈지,DRV_029,,,344,신병 캠프(08:00-17:00),6,30,35,00:30,00:35,T,True
driver_availability,driver,박훈지,박훈지,DRV_029,,,344,신병 캠프(08:00-17:00),7,35,40,00:35,00:40,T,True
driver_availability,driver,박훈지,박훈지,DRV_029,,,344,신병 캠프(08:00-17:00),8,40,45,00:40,00:45,T,True
driver_availability,driver,박훈지,박훈지,DRV_029,,,344,신병 캠프(08:00-17:00),9,45,50,00:45,00:50,T,True
driver_availability,driver,박훈지,박훈지,DRV_029,,,344,신병 캠프(08:00-17:00),10,50,55,00:50,00:55,T,True
driver_availability,driver,박훈지,박훈지,DRV_029,,,344,신병 캠프(08:00-17:00),11,55,60,00:55,01:00,T,True
driver_availability,driver,박훈지,박훈지,DRV_029,,,344,신병 캠프(08:00-17:00),12,60,65,01:00,01:05,T,True
driver_availability,driver,박훈지,박훈지,DRV_029,,,344,신병 캠프(08:00-17:00),13,65,70,01:05,01:10,T,True
driver_availability,driver,박훈지,박훈지,DRV_029,,,344,신병 캠프(08:00-17:00),14,70,75,01:10,01:15,T,True
driver_availability,driver,박훈지,박훈지,DRV_029,,,344,신병 캠프(08:00-17:00),15,75,80,01:15,01:20,T,True
driver_availability,driver,박훈지,박훈지,DRV_029,,,344,신병 캠프(08:00-17:00),16,80,85,01:20,01:25,T,True
driver_availability,driver,박훈지,박훈지,DRV_029,,,344,신병 캠프(08:00-17:00),17,85,90,01:25,01:30,T,True
driver_availability,driver,박훈지,박훈지,DRV_029,,,344,신병 캠프(08:00-17:00),18,90,95,01:30,01:35,T,True
driver_availability,driver,박훈지,박훈지,DRV_029,,,344,신병 캠프(08:00-17:00),19,95,100,01:35,01:40,T,True
driver_availability,driver,박훈지,박훈지,DRV_029,,,344,신병 캠프(08:00-17:00),20,100,105,01:40,01:45,T,True
driver_availability,driver,박훈지,박훈지,DRV_029,,,344,신병 캠프(08:00-17:00),21,105,110,01:45,01:50,T,True
driver_availability,driver,박훈지,박훈지,DRV_029,,,344,신병 캠프(08:00-17:00),22,110,115,01:50,01:55,T,True
driver_availability,driver,박훈지,박훈지,DRV_029,,,344,신병 캠프(08:00-17:00),23,115,120,01:55,02:00,T,True
driver_availability,driver,박훈지,박훈지,DRV_029,,,344,신병 캠프(08:00-17:00),24,120,125,02:00,02:05,T,True
driver_availability,driver,박훈지,박훈지,DRV_029,,,344,신병 캠프(08:00-17:00),25,125,130,02:05,02:10,T,True
driver_availability,driver,박훈지,박훈지,DRV_029,,,344,신병 캠프(08:00-17:00),26,130,135,02:10,02:15,T,True
driver_availability,driver,박훈지,박훈지,DRV_029,,,344,신병 캠프(08:00-17:00),27,135,140,02:15,02:20,T,True
driver_availability,driver,박훈지,박훈지,DRV_029,,,344,신병 캠프(08:00-17:00),28,140,145,02:20,02:25,T,True
driver_availability,driver,박훈지,박훈지,DRV_029,,,344,신병 캠프(08:00-17:00),29,145,150,02:25,02:30,T,True
driver_availability,driver,박훈지,박훈지,DRV_029,,,344,신병 캠프(08:00-17:00),30,150,155,02:30,02:35,T,True
driver_availability,driver,박훈지,박훈지,DRV_029,,,344,신병 캠프(08:00-17:00),31,155,160,02:35,02:40,T,True
driver_availability,driver,박훈지,박훈지,DRV_029,,,344,신병 캠프(08:00-17:00),32,160,165,02:40,02:45,T,True
driver_availability,driver,박훈지,박훈지,DRV_029,,,344,신병 캠프(08:00-17:00),33,165,170,02:45,02:50,T,True
driver_availability,driver,박훈지,박훈지,DRV_029,,,344,신병 캠프(08:00-17:00),34,170,175,02:50,02:55,T,True
driver_availability,driver,박훈지,박훈지,DRV_029,,,344,신병 캠프(08:00-17:00),35,175,180,02:55,03:00,T,True
driver_availability,driver,박훈지,박훈지,DRV_029,,,344,신병 캠프(08:00-17:00),36,180,185,03:00,03:05,T,True
driver_availability,driver,박훈지,박훈지,DRV_029,,,344,신병 캠프(08:00-17:00),37,185,190,03:05,03:10,T,True
driver_availability,driver,박훈지,박훈지,DRV_029,,,344,신병 캠프(08:00-17:00),38,190,195,03:10,03:15,T,True
driver_availability,driver,박훈지,박훈지,DRV_029,,,344,신병 캠프(08:00-17:00),39,195,200,03:15,03:20,T,True
driver_availability,driver,박훈지,박훈지,DRV_029,,,344,신병 캠프(08:00-17:00),40,200,205,03:20,03:25,T,True
driver_availability,driver,박훈지,박훈지,DRV_029,,,344,신병 캠프(08:00-17:00),41,205,210,03:25,03:30,T,True
driver_availability,driver,박훈지,박훈지,DRV_029,,,344,신병 캠프(08:00-17:00),42,210,215,03:30,03:35,T,True
driver_availability,driver,박훈지,박훈지,DRV_029,,,344,신병 캠프(08:00-17:00),43,215,220,03:35,03:40,T,True
driver_availability,driver,박훈지,박훈지,DRV_029,,,344,신병 캠프(08:00-17:00),44,220,225,03:40,03:45,T,True
driver_availability,driver,박훈지,박훈지,DRV_029,,,344,신병 캠프(08:00-17:00),45,225,230,03:45,03:50,T,True
driver_availability,driver,박훈지,박훈지,DRV_029,,,344,신병 캠프(08:00-17:00),46,230,235,03:50,03:55,T,True
driver_availability,driver,박훈지,박훈지,DRV_029,,,344,신병 캠프(08:00-17:00),47,235,240,03:55,04:00,T,True
driver_availability,driver,박훈지,박훈지,DRV_029,,,344,신병 캠프(08:00-17:00),48,240,245,04:00,04:05,T,True
driver_availability,driver,박훈지,박훈지,DRV_029,,,344,신병 캠프(08:00-17:00),49,245,250,04:05,04:10,T,True
driver_availability,driver,박훈지,박훈지,DRV_029,,,344,신병 캠프(08:00-17:00),50,250,255,04:10,04:15,T,True
driver_availability,driver,박훈지,박훈지,DRV_029,,,344,신병 캠프(08:00-17:00),51,255,260,04:15,04:20,T,True
driver_availability,driver,박훈지,박훈지,DRV_029,,,344,신병 캠프(08:00-17:00),52,260,265,04:20,04:25,T,True
driver_availability,driver,박훈지,박훈지,DRV_029,,,344,신병 캠프(08:00-17:00),53,265,270,04:25,04:30,T,True
driver_availability,driver,박훈지,박훈지,DRV_029,,,344,신병 캠프(08:00-17:00),54,270,275,04:30,04:35,T,True
driver_availability,driver,박훈지,박훈지,DRV_029,,,344,신병 캠프(08:00-17:00),55,275,280,04:35,04:40,T,True
driver_availability,driver,박훈지,박훈지,DRV_029,,,344,신병 캠프(08:00-17:00),56,280,285,04:40,04:45,T,True
driver_availability,driver,박훈지,박훈지,DRV_029,,,344,신병 캠프(08:00-17:00),57,285,290,04:45,04:50,T,True
driver_availability,driver,박훈지,박훈지,DRV_029,,,344,신병 캠프(08:00-17:00),58,290,295,04:50,04:55,T,True
driver_availability,driver,박훈지,박훈지,DRV_029,,,344,신병 캠프(08:00-17:00),59,295,300,04:55,05:00,T,True
driver_availability,driver,박훈지,박훈지,DRV_029,,,344,신병 캠프(08:00-17:00),60,300,305,05:00,05:05,T,True
driver_availability,driver,박훈지,박훈지,DRV_029,,,344,신병 캠프(08:00-17:00),61,305,310,05:05,05:10,T,True
driver_availability,driver,박훈지,박훈지,DRV_029,,,344,신병 캠프(08:00-17:00),62,310,315,05:10,05:15,T,True
driver_availability,driver,박훈지,박훈지,DRV_029,,,344,신병 캠프(08:00-17:00),63,315,320,05:15,05:20,T,True
driver_availability,driver,박훈지,박훈지,DRV_029,,,344,신병 캠프(08:00-17:00),64,320,325,05:20,05:25,T,True
driver_availability,driver,박훈지,박훈지,DRV_029,,,344,신병 캠프(08:00-17:00),65,325,330,05:25,05:30,T,True
driver_availability,driver,박훈지,박훈지,DRV_029,,,344,신병 캠프(08:00-17:00),66,330,335,05:30,05:35,T,True
driver_availability,driver,박훈지,박훈지,DRV_029,,,344,신병 캠프(08:00-17:00),67,335,340,05:35,05:40,T,True
driver_availability,driver,박훈지,박훈지,DRV_029,,,344,신병 캠프(08:00-17:00),68,340,345,05:40,05:45,T,True
driver_availability,driver,박훈지,박훈지,DRV_029,,,344,신병 캠프(08:00-17:00),69,345,350,05:45,05:50,T,True
driver_availability,driver,박훈지,박훈지,DRV_029,,,344,신병 캠프(08:00-17:00),70,350,355,05:50,05:55,T,True
driver_availability,driver,박훈지,박훈지,DRV_029,,,344,신병 캠프(08:00-17:00),71,355,360,05:55,06:00,T,True
driver_availability,driver,박훈지,박훈지,DRV_029,,,344,신병 캠프(08:00-17:00),72,360,365,06:00,06:05,T,True
driver_availability,driver,박훈지,박훈지,DRV_029,,,344,신병 캠프(08:00-17:00),73,365,370,06:05,06:10,T,True
driver_availability,driver,박훈지,박훈지,DRV_029,,,344,신병 캠프(08:00-17:00),74,370,375,06:10,06:15,T,True
driver_availability,driver,박훈지,박훈지,DRV_029,,,344,신병 캠프(08:00-17:00),75,375,380,06:15,06:20,T,True
driver_availability,driver,박훈지,박훈지,DRV_029,,,344,신병 캠프(08:00-17:00),76,380,385,06:20,06:25,T,True
driver_availability,driver,박훈지,박훈지,DRV_029,,,344,신병 캠프(08:00-17:00),77,385,390,06:25,06:30,T,True
driver_availability,driver,박훈지,박훈지,DRV_029,,,344,신병 캠프(08:00-17:00),78,390,395,06:30,06:35,T,True
driver_availability,driver,박훈지,박훈지,DRV_029,,,344,신병 캠프(08:00-17:00),79,395,400,06:35,06:40,T,True
driver_availability,driver,박훈지,박훈지,DRV_029,,,344,신병 캠프(08:00-17:00),80,400,405,06:40,06:45,T,True
driver_availability,driver,박훈지,박훈지,DRV_029,,,344,신병 캠프(08:00-17:00),81,405,410,06:45,06:50,T,True
driver_availability,driver,박훈지,박훈지,DRV_029,,,344,신병 캠프(08:00-17:00),82,410,415,06:50,06:55,T,True
driver_availability,driver,박훈지,박훈지,DRV_029,,,344,신병 캠프(08:00-17:00),83,415,420,06:55,07:00,T,True
driver_availability,driver,박훈지,박훈지,DRV_029,,,344,신병 캠프(08:00-17:00),84,420,425,07:00,07:05,T,True
driver_availability,driver,박훈지,박훈지,DRV_029,,,344,신병 캠프(08:00-17:00),85,425,430,07:05,07:10,T,True
driver_availability,driver,박훈지,박훈지,DRV_029,,,344,신병 캠프(08:00-17:00),86,430,435,07:10,07:15,T,True
driver_availability,driver,박훈지,박훈지,DRV_029,,,344,신병 캠프(08:00-17:00),87,435,440,07:15,07:20,T,True
driver_availability,driver,박훈지,박훈지,DRV_029,,,344,신병 캠프(08:00-17:00),88,440,445,07:20,07:25,T,True
driver_availability,driver,박훈지,박훈지,DRV_029,,,344,신병 캠프(08:00-17:00),89,445,450,07:25,07:30,T,True
driver_availability,driver,박훈지,박훈지,DRV_029,,,344,신병 캠프(08:00-17:00),90,450,455,07:30,07:35,T,True
driver_availability,driver,박훈지,박훈지,DRV_029,,,344,신병 캠프(08:00-17:00),91,455,460,07:35,07:40,T,True
driver_availability,driver,박훈지,박훈지,DRV_029,,,344,신병 캠프(08:00-17:00),92,460,465,07:40,07:45,T,True
driver_availability,driver,박훈지,박훈지,DRV_029,,,344,신병 캠프(08:00-17:00),93,465,470,07:45,07:50,T,True
driver_availability,driver,박훈지,박훈지,DRV_029,,,344,신병 캠프(08:00-17:00),94,470,475,07:50,07:55,T,True
driver_availability,driver,박훈지,박훈지,DRV_029,,,344,신병 캠프(08:00-17:00),95,475,480,07:55,08:00,T,True
driver_availability,driver,박훈지,박훈지,DRV_029,,,344,신병 캠프(08:00-17:00),96,480,485,08:00,08:05,F,False
driver_availability,driver,박훈지,박훈지,DRV_029,,,344,신병 캠프(08:00-17:00),97,485,490,08:05,08:10,F,False
driver_availability,driver,박훈지,박훈지,DRV_029,,,344,신병 캠프(08:00-17:00),98,490,495,08:10,08:15,F,False
driver_availability,driver,박훈지,박훈지,DRV_029,,,344,신병 캠프(08:00-17:00),99,495,500,08:15,08:20,F,False
driver_availability,driver,박훈지,박훈지,DRV_029,,,344,신병 캠프(08:00-17:00),100,500,505,08:20,08:25,F,False
driver_availability,driver,박훈지,박훈지,DRV_029,,,344,신병 캠프(08:00-17:00),101,505,510,08:25,08:30,F,False
driver_availability,driver,박훈지,박훈지,DRV_029,,,344,신병 캠프(08:00-17:00),102,510,515,08:30,08:35,F,False
driver_availability,driver,박훈지,박훈지,DRV_029,,,344,신병 캠프(08:00-17:00),103,515,520,08:35,08:40,F,False
driver_availability,driver,박훈지,박훈지,DRV_029,,,344,신병 캠프(08:00-17:00),104,520,525,08:40,08:45,F,False
driver_availability,driver,박훈지,박훈지,DRV_029,,,344,신병 캠프(08:00-17:00),105,525,530,08:45,08:50,F,False
driver_availability,driver,박훈지,박훈지,DRV_029,,,344,신병 캠프(08:00-17:00),106,530,535,08:50,08:55,F,False
driver_availability,driver,박훈지,박훈지,DRV_029,,,344,신병 캠프(08:00-17:00),107,535,540,08:55,09:00,F,False
driver_availability,driver,박훈지,박훈지,DRV_029,,,344,신병 캠프(08:00-17:00),108,540,545,09:00,09:05,F,False
driver_availability,driver,박훈지,박훈지,DRV_029,,,344,신병 캠프(08:00-17:00),109,545,550,09:05,09:10,F,False
driver_availability,driver,박훈지,박훈지,DRV_029,,,344,신병 캠프(08:00-17:00),110,550,555,09:10,09:15,F,False
driver_availability,driver,박훈지,박훈지,DRV_029,,,344,신병 캠프(08:00-17:00),111,555,560,09:15,09:20,F,False
driver_availability,driver,박훈지,박훈지,DRV_029,,,344,신병 캠프(08:00-17:00),112,560,565,09:20,09:25,F,False
driver_availability,driver,박훈지,박훈지,DRV_029,,,344,신병 캠프(08:00-17:00),113,565,570,09:25,09:30,F,False
driver_availability,driver,박훈지,박훈지,DRV_029,,,344,신병 캠프(08:00-17:00),114,570,575,09:30,09:35,F,False
driver_availability,driver,박훈지,박훈지,DRV_029,,,344,신병 캠프(08:00-17:00),115,575,580,09:35,09:40,F,False
driver_availability,driver,박훈지,박훈지,DRV_029,,,344,신병 캠프(08:00-17:00),116,580,585,09:40,09:45,F,False
driver_availability,driver,박훈지,박훈지,DRV_029,,,344,신병 캠프(08:00-17:00),117,585,590,09:45,09:50,F,False
driver_availability,driver,박훈지,박훈지,DRV_029,,,344,신병 캠프(08:00-17:00),118,590,595,09:50,09:55,F,False
driver_availability,driver,박훈지,박훈지,DRV_029,,,344,신병 캠프(08:00-17:00),119,595,600,09:55,10:00,F,False
driver_availability,driver,박훈지,박훈지,DRV_029,,,344,신병 캠프(08:00-17:00),120,600,605,10:00,10:05,F,False
driver_availability,driver,박훈지,박훈지,DRV_029,,,344,신병 캠프(08:00-17:00),121,605,610,10:05,10:10,F,False
driver_availability,driver,박훈지,박훈지,DRV_029,,,344,신병 캠프(08:00-17:00),122,610,615,10:10,10:15,F,False
driver_availability,driver,박훈지,박훈지,DRV_029,,,344,신병 캠프(08:00-17:00),123,615,620,10:15,10:20,F,False
driver_availability,driver,박훈지,박훈지,DRV_029,,,344,신병 캠프(08:00-17:00),124,620,625,10:20,10:25,F,False
driver_availability,driver,박훈지,박훈지,DRV_029,,,344,신병 캠프(08:00-17:00),125,625,630,10:25,10:30,F,False
driver_availability,driver,박훈지,박훈지,DRV_029,,,344,신병 캠프(08:00-17:00),126,630,635,10:30,10:35,F,False
driver_availability,driver,박훈지,박훈지,DRV_029,,,344,신병 캠프(08:00-17:00),127,635,640,10:35,10:40,F,False
driver_availability,driver,박훈지,박훈지,DRV_029,,,344,신병 캠프(08:00-17:00),128,640,645,10:40,10:45,F,False
driver_availability,driver,박훈지,박훈지,DRV_029,,,344,신병 캠프(08:00-17:00),129,645,650,10:45,10:50,F,False
driver_availability,driver,박훈지,박훈지,DRV_029,,,344,신병 캠프(08:00-17:00),130,650,655,10:50,10:55,F,False
driver_availability,driver,박훈지,박훈지,DRV_029,,,344,신병 캠프(08:00-17:00),131,655,660,10:55,11:00,F,False
driver_availability,driver,박훈지,박훈지,DRV_029,,,344,신병 캠프(08:00-17:00),132,660,665,11:00,11:05,F,False
driver_availability,driver,박훈지,박훈지,DRV_029,,,344,신병 캠프(08:00-17:00),133,665,670,11:05,11:10,F,False
driver_availability,driver,박훈지,박훈지,DRV_029,,,344,신병 캠프(08:00-17:00),134,670,675,11:10,11:15,F,False
driver_availability,driver,박훈지,박훈지,DRV_029,,,344,신병 캠프(08:00-17:00),135,675,680,11:15,11:20,F,False
driver_availability,driver,박훈지,박훈지,DRV_029,,,344,신병 캠프(08:00-17:00),136,680,685,11:20,11:25,F,False
driver_availability,driver,박훈지,박훈지,DRV_029,,,344,신병 캠프(08:00-17:00),137,685,690,11:25,11:30,F,False
driver_availability,driver,박훈지,박훈지,DRV_029,,,344,신병 캠프(08:00-17:00),138,690,695,11:30,11:35,F,False
driver_availability,driver,박훈지,박훈지,DRV_029,,,344,신병 캠프(08:00-17:00),139,695,700,11:35,11:40,F,False
driver_availability,driver,박훈지,박훈지,DRV_029,,,344,신병 캠프(08:00-17:00),140,700,705,11:40,11:45,F,False
driver_availability,driver,박훈지,박훈지,DRV_029,,,344,신병 캠프(08:00-17:00),141,705,710,11:45,11:50,F,False
driver_availability,driver,박훈지,박훈지,DRV_029,,,344,신병 캠프(08:00-17:00),142,710,715,11:50,11:55,F,False
driver_availability,driver,박훈지,박훈지,DRV_029,,,344,신병 캠프(08:00-17:00),143,715,720,11:55,12:00,F,False
driver_availability,driver,박훈지,박훈지,DRV_029,,,344,신병 캠프(08:00-17:00),144,720,725,12:00,12:05,F,False
driver_availability,driver,박훈지,박훈지,DRV_029,,,344,신병 캠프(08:00-17:00),145,725,730,12:05,12:10,F,False
driver_availability,driver,박훈지,박훈지,DRV_029,,,344,신병 캠프(08:00-17:00),146,730,735,12:10,12:15,F,False
driver_availability,driver,박훈지,박훈지,DRV_029,,,344,신병 캠프(08:00-17:00),147,735,740,12:15,12:20,F,False
driver_availability,driver,박훈지,박훈지,DRV_029,,,344,신병 캠프(08:00-17:00),148,740,745,12:20,12:25,F,False
driver_availability,driver,박훈지,박훈지,DRV_029,,,344,신병 캠프(08:00-17:00),149,745,750,12:25,12:30,F,False
driver_availability,driver,박훈지,박훈지,DRV_029,,,344,신병 캠프(08:00-17:00),150,750,755,12:30,12:35,F,False
driver_availability,driver,박훈지,박훈지,DRV_029,,,344,신병 캠프(08:00-17:00),151,755,760,12:35,12:40,F,False
driver_availability,driver,박훈지,박훈지,DRV_029,,,344,신병 캠프(08:00-17:00),152,760,765,12:40,12:45,F,False
driver_availability,driver,박훈지,박훈지,DRV_029,,,344,신병 캠프(08:00-17:00),153,765,770,12:45,12:50,F,False
driver_availability,driver,박훈지,박훈지,DRV_029,,,344,신병 캠프(08:00-17:00),154,770,775,12:50,12:55,F,False
driver_availability,driver,박훈지,박훈지,DRV_029,,,344,신병 캠프(08:00-17:00),155,775,780,12:55,13:00,F,False
driver_availability,driver,박훈지,박훈지,DRV_029,,,344,신병 캠프(08:00-17:00),156,780,785,13:00,13:05,F,False
driver_availability,driver,박훈지,박훈지,DRV_029,,,344,신병 캠프(08:00-17:00),157,785,790,13:05,13:10,F,False
driver_availability,driver,박훈지,박훈지,DRV_029,,,344,신병 캠프(08:00-17:00),158,790,795,13:10,13:15,F,False
driver_availability,driver,박훈지,박훈지,DRV_029,,,344,신병 캠프(08:00-17:00),159,795,800,13:15,13:20,F,False
driver_availability,driver,박훈지,박훈지,DRV_029,,,344,신병 캠프(08:00-17:00),160,800,805,13:20,13:25,F,False
driver_availability,driver,박훈지,박훈지,DRV_029,,,344,신병 캠프(08:00-17:00),161,805,810,13:25,13:30,F,False
driver_availability,driver,박훈지,박훈지,DRV_029,,,344,신병 캠프(08:00-17:00),162,810,815,13:30,13:35,F,False
driver_availability,driver,박훈지,박훈지,DRV_029,,,344,신병 캠프(08:00-17:00),163,815,820,13:35,13:40,F,False
driver_availability,driver,박훈지,박훈지,DRV_029,,,344,신병 캠프(08:00-17:00),164,820,825,13:40,13:45,F,False
driver_availability,driver,박훈지,박훈지,DRV_029,,,344,신병 캠프(08:00-17:00),165,825,830,13:45,13:50,F,False
driver_availability,driver,박훈지,박훈지,DRV_029,,,344,신병 캠프(08:00-17:00),166,830,835,13:50,13:55,F,False
driver_availability,driver,박훈지,박훈지,DRV_029,,,344,신병 캠프(08:00-17:00),167,835,840,13:55,14:00,F,False
driver_availability,driver,박훈지,박훈지,DRV_029,,,344,신병 캠프(08:00-17:00),168,840,845,14:00,14:05,F,False
driver_availability,driver,박훈지,박훈지,DRV_029,,,344,신병 캠프(08:00-17:00),169,845,850,14:05,14:10,F,False
driver_availability,driver,박훈지,박훈지,DRV_029,,,344,신병 캠프(08:00-17:00),170,850,855,14:10,14:15,F,False
driver_availability,driver,박훈지,박훈지,DRV_029,,,344,신병 캠프(08:00-17:00),171,855,860,14:15,14:20,F,False
driver_availability,driver,박훈지,박훈지,DRV_029,,,344,신병 캠프(08:00-17:00),172,860,865,14:20,14:25,F,False
driver_availability,driver,박훈지,박훈지,DRV_029,,,344,신병 캠프(08:00-17:00),173,865,870,14:25,14:30,F,False
driver_availability,driver,박훈지,박훈지,DRV_029,,,344,신병 캠프(08:00-17:00),174,870,875,14:30,14:35,F,False
driver_availability,driver,박훈지,박훈지,DRV_029,,,344,신병 캠프(08:00-17:00),175,875,880,14:35,14:40,F,False
driver_availability,driver,박훈지,박훈지,DRV_029,,,344,신병 캠프(08:00-17:00),176,880,885,14:40,14:45,F,False
driver_availability,driver,박훈지,박훈지,DRV_029,,,344,신병 캠프(08:00-17:00),177,885,890,14:45,14:50,F,False
driver_availability,driver,박훈지,박훈지,DRV_029,,,344,신병 캠프(08:00-17:00),178,890,895,14:50,14:55,F,False
driver_availability,driver,박훈지,박훈지,DRV_029,,,344,신병 캠프(08:00-17:00),179,895,900,14:55,15:00,F,False
driver_availability,driver,박훈지,박훈지,DRV_029,,,344,신병 캠프(08:00-17:00),180,900,905,15:00,15:05,F,False
driver_availability,driver,박훈지,박훈지,DRV_029,,,344,신병 캠프(08:00-17:00),181,905,910,15:05,15:10,F,False
driver_availability,driver,박훈지,박훈지,DRV_029,,,344,신병 캠프(08:00-17:00),182,910,915,15:10,15:15,F,False
driver_availability,driver,박훈지,박훈지,DRV_029,,,344,신병 캠프(08:00-17:00),183,915,920,15:15,15:20,F,False
driver_availability,driver,박훈지,박훈지,DRV_029,,,344,신병 캠프(08:00-17:00),184,920,925,15:20,15:25,F,False
driver_availability,driver,박훈지,박훈지,DRV_029,,,344,신병 캠프(08:00-17:00),185,925,930,15:25,15:30,F,False
driver_availability,driver,박훈지,박훈지,DRV_029,,,344,신병 캠프(08:00-17:00),186,930,935,15:30,15:35,F,False
driver_availability,driver,박훈지,박훈지,DRV_029,,,344,신병 캠프(08:00-17:00),187,935,940,15:35,15:40,F,False
driver_availability,driver,박훈지,박훈지,DRV_029,,,344,신병 캠프(08:00-17:00),188,940,945,15:40,15:45,F,False
driver_availability,driver,박훈지,박훈지,DRV_029,,,344,신병 캠프(08:00-17:00),189,945,950,15:45,15:50,F,False
driver_availability,driver,박훈지,박훈지,DRV_029,,,344,신병 캠프(08:00-17:00),190,950,955,15:50,15:55,F,False
driver_availability,driver,박훈지,박훈지,DRV_029,,,344,신병 캠프(08:00-17:00),191,955,960,15:55,16:00,F,False
driver_availability,driver,박훈지,박훈지,DRV_029,,,344,신병 캠프(08:00-17:00),192,960,965,16:00,16:05,F,False
driver_availability,driver,박훈지,박훈지,DRV_029,,,344,신병 캠프(08:00-17:00),193,965,970,16:05,16:10,F,False
driver_availability,driver,박훈지,박훈지,DRV_029,,,344,신병 캠프(08:00-17:00),194,970,975,16:10,16:15,F,False
driver_availability,driver,박훈지,박훈지,DRV_029,,,344,신병 캠프(08:00-17:00),195,975,980,16:15,16:20,F,False
driver_availability,driver,박훈지,박훈지,DRV_029,,,344,신병 캠프(08:00-17:00),196,980,985,16:20,16:25,F,False
driver_availability,driver,박훈지,박훈지,DRV_029,,,344,신병 캠프(08:00-17:00),197,985,990,16:25,16:30,F,False
driver_availability,driver,박훈지,박훈지,DRV_029,,,344,신병 캠프(08:00-17:00),198,990,995,16:30,16:35,F,False
driver_availability,driver,박훈지,박훈지,DRV_029,,,344,신병 캠프(08:00-17:00),199,995,1000,16:35,16:40,F,False
driver_availability,driver,박훈지,박훈지,DRV_029,,,344,신병 캠프(08:00-17:00),200,1000,1005,16:40,16:45,F,False
driver_availability,driver,박훈지,박훈지,DRV_029,,,344,신병 캠프(08:00-17:00),201,1005,1010,16:45,16:50,F,False
driver_availability,driver,박훈지,박훈지,DRV_029,,,344,신병 캠프(08:00-17:00),202,1010,1015,16:50,16:55,F,False
driver_availability,driver,박훈지,박훈지,DRV_029,,,344,신병 캠프(08:00-17:00),203,1015,1020,16:55,17:00,F,False
driver_availability,driver,박훈지,박훈지,DRV_029,,,344,신병 캠프(08:00-17:00),204,1020,1025,17:00,17:05,T,True
driver_availability,driver,박훈지,박훈지,DRV_029,,,344,신병 캠프(08:00-17:00),205,1025,1030,17:05,17:10,T,True
driver_availability,driver,박훈지,박훈지,DRV_029,,,344,신병 캠프(08:00-17:00),206,1030,1035,17:10,17:15,T,True
driver_availability,driver,박훈지,박훈지,DRV_029,,,344,신병 캠프(08:00-17:00),207,1035,1040,17:15,17:20,T,True
driver_availability,driver,박훈지,박훈지,DRV_029,,,344,신병 캠프(08:00-17:00),208,1040,1045,17:20,17:25,T,True
driver_availability,driver,박훈지,박훈지,DRV_029,,,344,신병 캠프(08:00-17:00),209,1045,1050,17:25,17:30,T,True
driver_availability,driver,박훈지,박훈지,DRV_029,,,344,신병 캠프(08:00-17:00),210,1050,1055,17:30,17:35,T,True
driver_availability,driver,박훈지,박훈지,DRV_029,,,344,신병 캠프(08:00-17:00),211,1055,1060,17:35,17:40,T,True
driver_availability,driver,박훈지,박훈지,DRV_029,,,344,신병 캠프(08:00-17:00),212,1060,1065,17:40,17:45,T,True
driver_availability,driver,박훈지,박훈지,DRV_029,,,344,신병 캠프(08:00-17:00),213,1065,1070,17:45,17:50,T,True
driver_availability,driver,박훈지,박훈지,DRV_029,,,344,신병 캠프(08:00-17:00),214,1070,1075,17:50,17:55,T,True
driver_availability,driver,박훈지,박훈지,DRV_029,,,344,신병 캠프(08:00-17:00),215,1075,1080,17:55,18:00,T,True
driver_availability,driver,박훈지,박훈지,DRV_029,,,344,신병 캠프(08:00-17:00),216,1080,1085,18:00,18:05,T,True
driver_availability,driver,박훈지,박훈지,DRV_029,,,344,신병 캠프(08:00-17:00),217,1085,1090,18:05,18:10,T,True
driver_availability,driver,박훈지,박훈지,DRV_029,,,344,신병 캠프(08:00-17:00),218,1090,1095,18:10,18:15,T,True
driver_availability,driver,박훈지,박훈지,DRV_029,,,344,신병 캠프(08:00-17:00),219,1095,1100,18:15,18:20,T,True
driver_availability,driver,박훈지,박훈지,DRV_029,,,344,신병 캠프(08:00-17:00),220,1100,1105,18:20,18:25,T,True
driver_availability,driver,박훈지,박훈지,DRV_029,,,344,신병 캠프(08:00-17:00),221,1105,1110,18:25,18:30,T,True
driver_availability,driver,박훈지,박훈지,DRV_029,,,344,신병 캠프(08:00-17:00),222,1110,1115,18:30,18:35,T,True
driver_availability,driver,박훈지,박훈지,DRV_029,,,344,신병 캠프(08:00-17:00),223,1115,1120,18:35,18:40,T,True
driver_availability,driver,박훈지,박훈지,DRV_029,,,344,신병 캠프(08:00-17:00),224,1120,1125,18:40,18:45,T,True
driver_availability,driver,박훈지,박훈지,DRV_029,,,344,신병 캠프(08:00-17:00),225,1125,1130,18:45,18:50,T,True
driver_availability,driver,박훈지,박훈지,DRV_029,,,344,신병 캠프(08:00-17:00),226,1130,1135,18:50,18:55,T,True
driver_availability,driver,박훈지,박훈지,DRV_029,,,344,신병 캠프(08:00-17:00),227,1135,1140,18:55,19:00,T,True
driver_availability,driver,박훈지,박훈지,DRV_029,,,344,신병 캠프(08:00-17:00),228,1140,1145,19:00,19:05,T,True
driver_availability,driver,박훈지,박훈지,DRV_029,,,344,신병 캠프(08:00-17:00),229,1145,1150,19:05,19:10,T,True
driver_availability,driver,박훈지,박훈지,DRV_029,,,344,신병 캠프(08:00-17:00),230,1150,1155,19:10,19:15,T,True
driver_availability,driver,박훈지,박훈지,DRV_029,,,344,신병 캠프(08:00-17:00),231,1155,1160,19:15,19:20,T,True
driver_availability,driver,박훈지,박훈지,DRV_029,,,344,신병 캠프(08:00-17:00),232,1160,1165,19:20,19:25,T,True
driver_availability,driver,박훈지,박훈지,DRV_029,,,344,신병 캠프(08:00-17:00),233,1165,1170,19:25,19:30,T,True
driver_availability,driver,박훈지,박훈지,DRV_029,,,344,신병 캠프(08:00-17:00),234,1170,1175,19:30,19:35,T,True
driver_availability,driver,박훈지,박훈지,DRV_029,,,344,신병 캠프(08:00-17:00),235,1175,1180,19:35,19:40,T,True
driver_availability,driver,박훈지,박훈지,DRV_029,,,344,신병 캠프(08:00-17:00),236,1180,1185,19:40,19:45,T,True
driver_availability,driver,박훈지,박훈지,DRV_029,,,344,신병 캠프(08:00-17:00),237,1185,1190,19:45,19:50,T,True
driver_availability,driver,박훈지,박훈지,DRV_029,,,344,신병 캠프(08:00-17:00),238,1190,1195,19:50,19:55,T,True
driver_availability,driver,박훈지,박훈지,DRV_029,,,344,신병 캠프(08:00-17:00),239,1195,1200,19:55,20:00,T,True
driver_availability,driver,박훈지,박훈지,DRV_029,,,344,신병 캠프(08:00-17:00),240,1200,1205,20:00,20:05,T,True
driver_availability,driver,박훈지,박훈지,DRV_029,,,344,신병 캠프(08:00-17:00),241,1205,1210,20:05,20:10,T,True
driver_availability,driver,박훈지,박훈지,DRV_029,,,344,신병 캠프(08:00-17:00),242,1210,1215,20:10,20:15,T,True
driver_availability,driver,박훈지,박훈지,DRV_029,,,344,신병 캠프(08:00-17:00),243,1215,1220,20:15,20:20,T,True
driver_availability,driver,박훈지,박훈지,DRV_029,,,344,신병 캠프(08:00-17:00),244,1220,1225,20:20,20:25,T,True
driver_availability,driver,박훈지,박훈지,DRV_029,,,344,신병 캠프(08:00-17:00),245,1225,1230,20:25,20:30,T,True
driver_availability,driver,박훈지,박훈지,DRV_029,,,344,신병 캠프(08:00-17:00),246,1230,1235,20:30,20:35,T,True
driver_availability,driver,박훈지,박훈지,DRV_029,,,344,신병 캠프(08:00-17:00),247,1235,1240,20:35,20:40,T,True
driver_availability,driver,박훈지,박훈지,DRV_029,,,344,신병 캠프(08:00-17:00),248,1240,1245,20:40,20:45,T,True
driver_availability,driver,박훈지,박훈지,DRV_029,,,344,신병 캠프(08:00-17:00),249,1245,1250,20:45,20:50,T,True
driver_availability,driver,박훈지,박훈지,DRV_029,,,344,신병 캠프(08:00-17:00),250,1250,1255,20:50,20:55,T,True
driver_availability,driver,박훈지,박훈지,DRV_029,,,344,신병 캠프(08:00-17:00),251,1255,1260,20:55,21:00,T,True
driver_availability,driver,박훈지,박훈지,DRV_029,,,344,신병 캠프(08:00-17:00),252,1260,1265,21:00,21:05,T,True
driver_availability,driver,박훈지,박훈지,DRV_029,,,344,신병 캠프(08:00-17:00),253,1265,1270,21:05,21:10,T,True
driver_availability,driver,박훈지,박훈지,DRV_029,,,344,신병 캠프(08:00-17:00),254,1270,1275,21:10,21:15,T,True
driver_availability,driver,박훈지,박훈지,DRV_029,,,344,신병 캠프(08:00-17:00),255,1275,1280,21:15,21:20,T,True
driver_availability,driver,박훈지,박훈지,DRV_029,,,344,신병 캠프(08:00-17:00),256,1280,1285,21:20,21:25,T,True
driver_availability,driver,박훈지,박훈지,DRV_029,,,344,신병 캠프(08:00-17:00),257,1285,1290,21:25,21:30,T,True
driver_availability,driver,박훈지,박훈지,DRV_029,,,344,신병 캠프(08:00-17:00),258,1290,1295,21:30,21:35,T,True
driver_availability,driver,박훈지,박훈지,DRV_029,,,344,신병 캠프(08:00-17:00),259,1295,1300,21:35,21:40,T,True
driver_availability,driver,박훈지,박훈지,DRV_029,,,344,신병 캠프(08:00-17:00),260,1300,1305,21:40,21:45,T,True
driver_availability,driver,박훈지,박훈지,DRV_029,,,344,신병 캠프(08:00-17:00),261,1305,1310,21:45,21:50,T,True
driver_availability,driver,박훈지,박훈지,DRV_029,,,344,신병 캠프(08:00-17:00),262,1310,1315,21:50,21:55,T,True
driver_availability,driver,박훈지,박훈지,DRV_029,,,344,신병 캠프(08:00-17:00),263,1315,1320,21:55,22:00,T,True
driver_availability,driver,박훈지,박훈지,DRV_029,,,344,신병 캠프(08:00-17:00),264,1320,1325,22:00,22:05,T,True
driver_availability,driver,박훈지,박훈지,DRV_029,,,344,신병 캠프(08:00-17:00),265,1325,1330,22:05,22:10,T,True
driver_availability,driver,박훈지,박훈지,DRV_029,,,344,신병 캠프(08:00-17:00),266,1330,1335,22:10,22:15,T,True
driver_availability,driver,박훈지,박훈지,DRV_029,,,344,신병 캠프(08:00-17:00),267,1335,1340,22:15,22:20,T,True
driver_availability,driver,박훈지,박훈지,DRV_029,,,344,신병 캠프(08:00-17:00),268,1340,1345,22:20,22:25,T,True
driver_availability,driver,박훈지,박훈지,DRV_029,,,344,신병 캠프(08:00-17:00),269,1345,1350,22:25,22:30,T,True
driver_availability,driver,박훈지,박훈지,DRV_029,,,344,신병 캠프(08:00-17:00),270,1350,1355,22:30,22:35,T,True
driver_availability,driver,박훈지,박훈지,DRV_029,,,344,신병 캠프(08:00-17:00),271,1355,1360,22:35,22:40,T,True
driver_availability,driver,박훈지,박훈지,DRV_029,,,344,신병 캠프(08:00-17:00),272,1360,1365,22:40,22:45,T,True
driver_availability,driver,박훈지,박훈지,DRV_029,,,344,신병 캠프(08:00-17:00),273,1365,1370,22:45,22:50,T,True
driver_availability,driver,박훈지,박훈지,DRV_029,,,344,신병 캠프(08:00-17:00),274,1370,1375,22:50,22:55,T,True
driver_availability,driver,박훈지,박훈지,DRV_029,,,344,신병 캠프(08:00-17:00),275,1375,1380,22:55,23:00,T,True
driver_availability,driver,박훈지,박훈지,DRV_029,,,344,신병 캠프(08:00-17:00),276,1380,1385,23:00,23:05,T,True
driver_availability,driver,박훈지,박훈지,DRV_029,,,344,신병 캠프(08:00-17:00),277,1385,1390,23:05,23:10,T,True
driver_availability,driver,박훈지,박훈지,DRV_029,,,344,신병 캠프(08:00-17:00),278,1390,1395,23:10,23:15,T,True
driver_availability,driver,박훈지,박훈지,DRV_029,,,344,신병 캠프(08:00-17:00),279,1395,1400,23:15,23:20,T,True
driver_availability,driver,박훈지,박훈지,DRV_029,,,344,신병 캠프(08:00-17:00),280,1400,1405,23:20,23:25,T,True
driver_availability,driver,박훈지,박훈지,DRV_029,,,344,신병 캠프(08:00-17:00),281,1405,1410,23:25,23:30,T,True
driver_availability,driver,박훈지,박훈지,DRV_029,,,344,신병 캠프(08:00-17:00),282,1410,1415,23:30,23:35,T,True
driver_availability,driver,박훈지,박훈지,DRV_029,,,344,신병 캠프(08:00-17:00),283,1415,1420,23:35,23:40,T,True
driver_availability,driver,박훈지,박훈지,DRV_029,,,344,신병 캠프(08:00-17:00),284,1420,1425,23:40,23:45,T,True
driver_availability,driver,박훈지,박훈지,DRV_029,,,344,신병 캠프(08:00-17:00),285,1425,1430,23:45,23:50,T,True
driver_availability,driver,박훈지,박훈지,DRV_029,,,344,신병 캠프(08:00-17:00),286,1430,1435,23:50,23:55,T,True
driver_availability,driver,박훈지,박훈지,DRV_029,,,344,신병 캠프(08:00-17:00),287,1435,1440,23:55,24:00,T,True
driver_availability,driver,이훈경,이훈경,DRV_030,,,444,신병 캠프(08:00-17:00),0,0,5,00:00,00:05,T,True
driver_availability,driver,이훈경,이훈경,DRV_030,,,444,신병 캠프(08:00-17:00),1,5,10,00:05,00:10,T,True
driver_availability,driver,이훈경,이훈경,DRV_030,,,444,신병 캠프(08:00-17:00),2,10,15,00:10,00:15,T,True
driver_availability,driver,이훈경,이훈경,DRV_030,,,444,신병 캠프(08:00-17:00),3,15,20,00:15,00:20,T,True
driver_availability,driver,이훈경,이훈경,DRV_030,,,444,신병 캠프(08:00-17:00),4,20,25,00:20,00:25,T,True
driver_availability,driver,이훈경,이훈경,DRV_030,,,444,신병 캠프(08:00-17:00),5,25,30,00:25,00:30,T,True
driver_availability,driver,이훈경,이훈경,DRV_030,,,444,신병 캠프(08:00-17:00),6,30,35,00:30,00:35,T,True
driver_availability,driver,이훈경,이훈경,DRV_030,,,444,신병 캠프(08:00-17:00),7,35,40,00:35,00:40,T,True
driver_availability,driver,이훈경,이훈경,DRV_030,,,444,신병 캠프(08:00-17:00),8,40,45,00:40,00:45,T,True
driver_availability,driver,이훈경,이훈경,DRV_030,,,444,신병 캠프(08:00-17:00),9,45,50,00:45,00:50,T,True
driver_availability,driver,이훈경,이훈경,DRV_030,,,444,신병 캠프(08:00-17:00),10,50,55,00:50,00:55,T,True
driver_availability,driver,이훈경,이훈경,DRV_030,,,444,신병 캠프(08:00-17:00),11,55,60,00:55,01:00,T,True
driver_availability,driver,이훈경,이훈경,DRV_030,,,444,신병 캠프(08:00-17:00),12,60,65,01:00,01:05,T,True
driver_availability,driver,이훈경,이훈경,DRV_030,,,444,신병 캠프(08:00-17:00),13,65,70,01:05,01:10,T,True
driver_availability,driver,이훈경,이훈경,DRV_030,,,444,신병 캠프(08:00-17:00),14,70,75,01:10,01:15,T,True
driver_availability,driver,이훈경,이훈경,DRV_030,,,444,신병 캠프(08:00-17:00),15,75,80,01:15,01:20,T,True
driver_availability,driver,이훈경,이훈경,DRV_030,,,444,신병 캠프(08:00-17:00),16,80,85,01:20,01:25,T,True
driver_availability,driver,이훈경,이훈경,DRV_030,,,444,신병 캠프(08:00-17:00),17,85,90,01:25,01:30,T,True
driver_availability,driver,이훈경,이훈경,DRV_030,,,444,신병 캠프(08:00-17:00),18,90,95,01:30,01:35,T,True
driver_availability,driver,이훈경,이훈경,DRV_030,,,444,신병 캠프(08:00-17:00),19,95,100,01:35,01:40,T,True
driver_availability,driver,이훈경,이훈경,DRV_030,,,444,신병 캠프(08:00-17:00),20,100,105,01:40,01:45,T,True
driver_availability,driver,이훈경,이훈경,DRV_030,,,444,신병 캠프(08:00-17:00),21,105,110,01:45,01:50,T,True
driver_availability,driver,이훈경,이훈경,DRV_030,,,444,신병 캠프(08:00-17:00),22,110,115,01:50,01:55,T,True
driver_availability,driver,이훈경,이훈경,DRV_030,,,444,신병 캠프(08:00-17:00),23,115,120,01:55,02:00,T,True
driver_availability,driver,이훈경,이훈경,DRV_030,,,444,신병 캠프(08:00-17:00),24,120,125,02:00,02:05,T,True
driver_availability,driver,이훈경,이훈경,DRV_030,,,444,신병 캠프(08:00-17:00),25,125,130,02:05,02:10,T,True
driver_availability,driver,이훈경,이훈경,DRV_030,,,444,신병 캠프(08:00-17:00),26,130,135,02:10,02:15,T,True
driver_availability,driver,이훈경,이훈경,DRV_030,,,444,신병 캠프(08:00-17:00),27,135,140,02:15,02:20,T,True
driver_availability,driver,이훈경,이훈경,DRV_030,,,444,신병 캠프(08:00-17:00),28,140,145,02:20,02:25,T,True
driver_availability,driver,이훈경,이훈경,DRV_030,,,444,신병 캠프(08:00-17:00),29,145,150,02:25,02:30,T,True
driver_availability,driver,이훈경,이훈경,DRV_030,,,444,신병 캠프(08:00-17:00),30,150,155,02:30,02:35,T,True
driver_availability,driver,이훈경,이훈경,DRV_030,,,444,신병 캠프(08:00-17:00),31,155,160,02:35,02:40,T,True
driver_availability,driver,이훈경,이훈경,DRV_030,,,444,신병 캠프(08:00-17:00),32,160,165,02:40,02:45,T,True
driver_availability,driver,이훈경,이훈경,DRV_030,,,444,신병 캠프(08:00-17:00),33,165,170,02:45,02:50,T,True
driver_availability,driver,이훈경,이훈경,DRV_030,,,444,신병 캠프(08:00-17:00),34,170,175,02:50,02:55,T,True
driver_availability,driver,이훈경,이훈경,DRV_030,,,444,신병 캠프(08:00-17:00),35,175,180,02:55,03:00,T,True
driver_availability,driver,이훈경,이훈경,DRV_030,,,444,신병 캠프(08:00-17:00),36,180,185,03:00,03:05,T,True
driver_availability,driver,이훈경,이훈경,DRV_030,,,444,신병 캠프(08:00-17:00),37,185,190,03:05,03:10,T,True
driver_availability,driver,이훈경,이훈경,DRV_030,,,444,신병 캠프(08:00-17:00),38,190,195,03:10,03:15,T,True
driver_availability,driver,이훈경,이훈경,DRV_030,,,444,신병 캠프(08:00-17:00),39,195,200,03:15,03:20,T,True
driver_availability,driver,이훈경,이훈경,DRV_030,,,444,신병 캠프(08:00-17:00),40,200,205,03:20,03:25,T,True
driver_availability,driver,이훈경,이훈경,DRV_030,,,444,신병 캠프(08:00-17:00),41,205,210,03:25,03:30,T,True
driver_availability,driver,이훈경,이훈경,DRV_030,,,444,신병 캠프(08:00-17:00),42,210,215,03:30,03:35,T,True
driver_availability,driver,이훈경,이훈경,DRV_030,,,444,신병 캠프(08:00-17:00),43,215,220,03:35,03:40,T,True
driver_availability,driver,이훈경,이훈경,DRV_030,,,444,신병 캠프(08:00-17:00),44,220,225,03:40,03:45,T,True
driver_availability,driver,이훈경,이훈경,DRV_030,,,444,신병 캠프(08:00-17:00),45,225,230,03:45,03:50,T,True
driver_availability,driver,이훈경,이훈경,DRV_030,,,444,신병 캠프(08:00-17:00),46,230,235,03:50,03:55,T,True
driver_availability,driver,이훈경,이훈경,DRV_030,,,444,신병 캠프(08:00-17:00),47,235,240,03:55,04:00,T,True
driver_availability,driver,이훈경,이훈경,DRV_030,,,444,신병 캠프(08:00-17:00),48,240,245,04:00,04:05,T,True
driver_availability,driver,이훈경,이훈경,DRV_030,,,444,신병 캠프(08:00-17:00),49,245,250,04:05,04:10,T,True
driver_availability,driver,이훈경,이훈경,DRV_030,,,444,신병 캠프(08:00-17:00),50,250,255,04:10,04:15,T,True
driver_availability,driver,이훈경,이훈경,DRV_030,,,444,신병 캠프(08:00-17:00),51,255,260,04:15,04:20,T,True
driver_availability,driver,이훈경,이훈경,DRV_030,,,444,신병 캠프(08:00-17:00),52,260,265,04:20,04:25,T,True
driver_availability,driver,이훈경,이훈경,DRV_030,,,444,신병 캠프(08:00-17:00),53,265,270,04:25,04:30,T,True
driver_availability,driver,이훈경,이훈경,DRV_030,,,444,신병 캠프(08:00-17:00),54,270,275,04:30,04:35,T,True
driver_availability,driver,이훈경,이훈경,DRV_030,,,444,신병 캠프(08:00-17:00),55,275,280,04:35,04:40,T,True
driver_availability,driver,이훈경,이훈경,DRV_030,,,444,신병 캠프(08:00-17:00),56,280,285,04:40,04:45,T,True
driver_availability,driver,이훈경,이훈경,DRV_030,,,444,신병 캠프(08:00-17:00),57,285,290,04:45,04:50,T,True
driver_availability,driver,이훈경,이훈경,DRV_030,,,444,신병 캠프(08:00-17:00),58,290,295,04:50,04:55,T,True
driver_availability,driver,이훈경,이훈경,DRV_030,,,444,신병 캠프(08:00-17:00),59,295,300,04:55,05:00,T,True
driver_availability,driver,이훈경,이훈경,DRV_030,,,444,신병 캠프(08:00-17:00),60,300,305,05:00,05:05,T,True
driver_availability,driver,이훈경,이훈경,DRV_030,,,444,신병 캠프(08:00-17:00),61,305,310,05:05,05:10,T,True
driver_availability,driver,이훈경,이훈경,DRV_030,,,444,신병 캠프(08:00-17:00),62,310,315,05:10,05:15,T,True
driver_availability,driver,이훈경,이훈경,DRV_030,,,444,신병 캠프(08:00-17:00),63,315,320,05:15,05:20,T,True
driver_availability,driver,이훈경,이훈경,DRV_030,,,444,신병 캠프(08:00-17:00),64,320,325,05:20,05:25,T,True
driver_availability,driver,이훈경,이훈경,DRV_030,,,444,신병 캠프(08:00-17:00),65,325,330,05:25,05:30,T,True
driver_availability,driver,이훈경,이훈경,DRV_030,,,444,신병 캠프(08:00-17:00),66,330,335,05:30,05:35,T,True
driver_availability,driver,이훈경,이훈경,DRV_030,,,444,신병 캠프(08:00-17:00),67,335,340,05:35,05:40,T,True
driver_availability,driver,이훈경,이훈경,DRV_030,,,444,신병 캠프(08:00-17:00),68,340,345,05:40,05:45,T,True
driver_availability,driver,이훈경,이훈경,DRV_030,,,444,신병 캠프(08:00-17:00),69,345,350,05:45,05:50,T,True
driver_availability,driver,이훈경,이훈경,DRV_030,,,444,신병 캠프(08:00-17:00),70,350,355,05:50,05:55,T,True
driver_availability,driver,이훈경,이훈경,DRV_030,,,444,신병 캠프(08:00-17:00),71,355,360,05:55,06:00,T,True
driver_availability,driver,이훈경,이훈경,DRV_030,,,444,신병 캠프(08:00-17:00),72,360,365,06:00,06:05,T,True
driver_availability,driver,이훈경,이훈경,DRV_030,,,444,신병 캠프(08:00-17:00),73,365,370,06:05,06:10,T,True
driver_availability,driver,이훈경,이훈경,DRV_030,,,444,신병 캠프(08:00-17:00),74,370,375,06:10,06:15,T,True
driver_availability,driver,이훈경,이훈경,DRV_030,,,444,신병 캠프(08:00-17:00),75,375,380,06:15,06:20,T,True
driver_availability,driver,이훈경,이훈경,DRV_030,,,444,신병 캠프(08:00-17:00),76,380,385,06:20,06:25,T,True
driver_availability,driver,이훈경,이훈경,DRV_030,,,444,신병 캠프(08:00-17:00),77,385,390,06:25,06:30,T,True
driver_availability,driver,이훈경,이훈경,DRV_030,,,444,신병 캠프(08:00-17:00),78,390,395,06:30,06:35,T,True
driver_availability,driver,이훈경,이훈경,DRV_030,,,444,신병 캠프(08:00-17:00),79,395,400,06:35,06:40,T,True
driver_availability,driver,이훈경,이훈경,DRV_030,,,444,신병 캠프(08:00-17:00),80,400,405,06:40,06:45,T,True
driver_availability,driver,이훈경,이훈경,DRV_030,,,444,신병 캠프(08:00-17:00),81,405,410,06:45,06:50,T,True
driver_availability,driver,이훈경,이훈경,DRV_030,,,444,신병 캠프(08:00-17:00),82,410,415,06:50,06:55,T,True
driver_availability,driver,이훈경,이훈경,DRV_030,,,444,신병 캠프(08:00-17:00),83,415,420,06:55,07:00,T,True
driver_availability,driver,이훈경,이훈경,DRV_030,,,444,신병 캠프(08:00-17:00),84,420,425,07:00,07:05,T,True
driver_availability,driver,이훈경,이훈경,DRV_030,,,444,신병 캠프(08:00-17:00),85,425,430,07:05,07:10,T,True
driver_availability,driver,이훈경,이훈경,DRV_030,,,444,신병 캠프(08:00-17:00),86,430,435,07:10,07:15,T,True
driver_availability,driver,이훈경,이훈경,DRV_030,,,444,신병 캠프(08:00-17:00),87,435,440,07:15,07:20,T,True
driver_availability,driver,이훈경,이훈경,DRV_030,,,444,신병 캠프(08:00-17:00),88,440,445,07:20,07:25,T,True
driver_availability,driver,이훈경,이훈경,DRV_030,,,444,신병 캠프(08:00-17:00),89,445,450,07:25,07:30,T,True
driver_availability,driver,이훈경,이훈경,DRV_030,,,444,신병 캠프(08:00-17:00),90,450,455,07:30,07:35,T,True
driver_availability,driver,이훈경,이훈경,DRV_030,,,444,신병 캠프(08:00-17:00),91,455,460,07:35,07:40,T,True
driver_availability,driver,이훈경,이훈경,DRV_030,,,444,신병 캠프(08:00-17:00),92,460,465,07:40,07:45,T,True
driver_availability,driver,이훈경,이훈경,DRV_030,,,444,신병 캠프(08:00-17:00),93,465,470,07:45,07:50,T,True
driver_availability,driver,이훈경,이훈경,DRV_030,,,444,신병 캠프(08:00-17:00),94,470,475,07:50,07:55,T,True
driver_availability,driver,이훈경,이훈경,DRV_030,,,444,신병 캠프(08:00-17:00),95,475,480,07:55,08:00,T,True
driver_availability,driver,이훈경,이훈경,DRV_030,,,444,신병 캠프(08:00-17:00),96,480,485,08:00,08:05,F,False
driver_availability,driver,이훈경,이훈경,DRV_030,,,444,신병 캠프(08:00-17:00),97,485,490,08:05,08:10,F,False
driver_availability,driver,이훈경,이훈경,DRV_030,,,444,신병 캠프(08:00-17:00),98,490,495,08:10,08:15,F,False
driver_availability,driver,이훈경,이훈경,DRV_030,,,444,신병 캠프(08:00-17:00),99,495,500,08:15,08:20,F,False
driver_availability,driver,이훈경,이훈경,DRV_030,,,444,신병 캠프(08:00-17:00),100,500,505,08:20,08:25,F,False
driver_availability,driver,이훈경,이훈경,DRV_030,,,444,신병 캠프(08:00-17:00),101,505,510,08:25,08:30,F,False
driver_availability,driver,이훈경,이훈경,DRV_030,,,444,신병 캠프(08:00-17:00),102,510,515,08:30,08:35,F,False
driver_availability,driver,이훈경,이훈경,DRV_030,,,444,신병 캠프(08:00-17:00),103,515,520,08:35,08:40,F,False
driver_availability,driver,이훈경,이훈경,DRV_030,,,444,신병 캠프(08:00-17:00),104,520,525,08:40,08:45,F,False
driver_availability,driver,이훈경,이훈경,DRV_030,,,444,신병 캠프(08:00-17:00),105,525,530,08:45,08:50,F,False
driver_availability,driver,이훈경,이훈경,DRV_030,,,444,신병 캠프(08:00-17:00),106,530,535,08:50,08:55,F,False
driver_availability,driver,이훈경,이훈경,DRV_030,,,444,신병 캠프(08:00-17:00),107,535,540,08:55,09:00,F,False
driver_availability,driver,이훈경,이훈경,DRV_030,,,444,신병 캠프(08:00-17:00),108,540,545,09:00,09:05,F,False
driver_availability,driver,이훈경,이훈경,DRV_030,,,444,신병 캠프(08:00-17:00),109,545,550,09:05,09:10,F,False
driver_availability,driver,이훈경,이훈경,DRV_030,,,444,신병 캠프(08:00-17:00),110,550,555,09:10,09:15,F,False
driver_availability,driver,이훈경,이훈경,DRV_030,,,444,신병 캠프(08:00-17:00),111,555,560,09:15,09:20,F,False
driver_availability,driver,이훈경,이훈경,DRV_030,,,444,신병 캠프(08:00-17:00),112,560,565,09:20,09:25,F,False
driver_availability,driver,이훈경,이훈경,DRV_030,,,444,신병 캠프(08:00-17:00),113,565,570,09:25,09:30,F,False
driver_availability,driver,이훈경,이훈경,DRV_030,,,444,신병 캠프(08:00-17:00),114,570,575,09:30,09:35,F,False
driver_availability,driver,이훈경,이훈경,DRV_030,,,444,신병 캠프(08:00-17:00),115,575,580,09:35,09:40,F,False
driver_availability,driver,이훈경,이훈경,DRV_030,,,444,신병 캠프(08:00-17:00),116,580,585,09:40,09:45,F,False
driver_availability,driver,이훈경,이훈경,DRV_030,,,444,신병 캠프(08:00-17:00),117,585,590,09:45,09:50,F,False
driver_availability,driver,이훈경,이훈경,DRV_030,,,444,신병 캠프(08:00-17:00),118,590,595,09:50,09:55,F,False
driver_availability,driver,이훈경,이훈경,DRV_030,,,444,신병 캠프(08:00-17:00),119,595,600,09:55,10:00,F,False
driver_availability,driver,이훈경,이훈경,DRV_030,,,444,신병 캠프(08:00-17:00),120,600,605,10:00,10:05,F,False
driver_availability,driver,이훈경,이훈경,DRV_030,,,444,신병 캠프(08:00-17:00),121,605,610,10:05,10:10,F,False
driver_availability,driver,이훈경,이훈경,DRV_030,,,444,신병 캠프(08:00-17:00),122,610,615,10:10,10:15,F,False
driver_availability,driver,이훈경,이훈경,DRV_030,,,444,신병 캠프(08:00-17:00),123,615,620,10:15,10:20,F,False
driver_availability,driver,이훈경,이훈경,DRV_030,,,444,신병 캠프(08:00-17:00),124,620,625,10:20,10:25,F,False
driver_availability,driver,이훈경,이훈경,DRV_030,,,444,신병 캠프(08:00-17:00),125,625,630,10:25,10:30,F,False
driver_availability,driver,이훈경,이훈경,DRV_030,,,444,신병 캠프(08:00-17:00),126,630,635,10:30,10:35,F,False
driver_availability,driver,이훈경,이훈경,DRV_030,,,444,신병 캠프(08:00-17:00),127,635,640,10:35,10:40,F,False
driver_availability,driver,이훈경,이훈경,DRV_030,,,444,신병 캠프(08:00-17:00),128,640,645,10:40,10:45,F,False
driver_availability,driver,이훈경,이훈경,DRV_030,,,444,신병 캠프(08:00-17:00),129,645,650,10:45,10:50,F,False
driver_availability,driver,이훈경,이훈경,DRV_030,,,444,신병 캠프(08:00-17:00),130,650,655,10:50,10:55,F,False
driver_availability,driver,이훈경,이훈경,DRV_030,,,444,신병 캠프(08:00-17:00),131,655,660,10:55,11:00,F,False
driver_availability,driver,이훈경,이훈경,DRV_030,,,444,신병 캠프(08:00-17:00),132,660,665,11:00,11:05,F,False
driver_availability,driver,이훈경,이훈경,DRV_030,,,444,신병 캠프(08:00-17:00),133,665,670,11:05,11:10,F,False
driver_availability,driver,이훈경,이훈경,DRV_030,,,444,신병 캠프(08:00-17:00),134,670,675,11:10,11:15,F,False
driver_availability,driver,이훈경,이훈경,DRV_030,,,444,신병 캠프(08:00-17:00),135,675,680,11:15,11:20,F,False
driver_availability,driver,이훈경,이훈경,DRV_030,,,444,신병 캠프(08:00-17:00),136,680,685,11:20,11:25,F,False
driver_availability,driver,이훈경,이훈경,DRV_030,,,444,신병 캠프(08:00-17:00),137,685,690,11:25,11:30,F,False
driver_availability,driver,이훈경,이훈경,DRV_030,,,444,신병 캠프(08:00-17:00),138,690,695,11:30,11:35,F,False
driver_availability,driver,이훈경,이훈경,DRV_030,,,444,신병 캠프(08:00-17:00),139,695,700,11:35,11:40,F,False
driver_availability,driver,이훈경,이훈경,DRV_030,,,444,신병 캠프(08:00-17:00),140,700,705,11:40,11:45,F,False
driver_availability,driver,이훈경,이훈경,DRV_030,,,444,신병 캠프(08:00-17:00),141,705,710,11:45,11:50,F,False
driver_availability,driver,이훈경,이훈경,DRV_030,,,444,신병 캠프(08:00-17:00),142,710,715,11:50,11:55,F,False
driver_availability,driver,이훈경,이훈경,DRV_030,,,444,신병 캠프(08:00-17:00),143,715,720,11:55,12:00,F,False
driver_availability,driver,이훈경,이훈경,DRV_030,,,444,신병 캠프(08:00-17:00),144,720,725,12:00,12:05,F,False
driver_availability,driver,이훈경,이훈경,DRV_030,,,444,신병 캠프(08:00-17:00),145,725,730,12:05,12:10,F,False
driver_availability,driver,이훈경,이훈경,DRV_030,,,444,신병 캠프(08:00-17:00),146,730,735,12:10,12:15,F,False
driver_availability,driver,이훈경,이훈경,DRV_030,,,444,신병 캠프(08:00-17:00),147,735,740,12:15,12:20,F,False
driver_availability,driver,이훈경,이훈경,DRV_030,,,444,신병 캠프(08:00-17:00),148,740,745,12:20,12:25,F,False
driver_availability,driver,이훈경,이훈경,DRV_030,,,444,신병 캠프(08:00-17:00),149,745,750,12:25,12:30,F,False
driver_availability,driver,이훈경,이훈경,DRV_030,,,444,신병 캠프(08:00-17:00),150,750,755,12:30,12:35,F,False
driver_availability,driver,이훈경,이훈경,DRV_030,,,444,신병 캠프(08:00-17:00),151,755,760,12:35,12:40,F,False
driver_availability,driver,이훈경,이훈경,DRV_030,,,444,신병 캠프(08:00-17:00),152,760,765,12:40,12:45,F,False
driver_availability,driver,이훈경,이훈경,DRV_030,,,444,신병 캠프(08:00-17:00),153,765,770,12:45,12:50,F,False
driver_availability,driver,이훈경,이훈경,DRV_030,,,444,신병 캠프(08:00-17:00),154,770,775,12:50,12:55,F,False
driver_availability,driver,이훈경,이훈경,DRV_030,,,444,신병 캠프(08:00-17:00),155,775,780,12:55,13:00,F,False
driver_availability,driver,이훈경,이훈경,DRV_030,,,444,신병 캠프(08:00-17:00),156,780,785,13:00,13:05,F,False
driver_availability,driver,이훈경,이훈경,DRV_030,,,444,신병 캠프(08:00-17:00),157,785,790,13:05,13:10,F,False
driver_availability,driver,이훈경,이훈경,DRV_030,,,444,신병 캠프(08:00-17:00),158,790,795,13:10,13:15,F,False
driver_availability,driver,이훈경,이훈경,DRV_030,,,444,신병 캠프(08:00-17:00),159,795,800,13:15,13:20,F,False
driver_availability,driver,이훈경,이훈경,DRV_030,,,444,신병 캠프(08:00-17:00),160,800,805,13:20,13:25,F,False
driver_availability,driver,이훈경,이훈경,DRV_030,,,444,신병 캠프(08:00-17:00),161,805,810,13:25,13:30,F,False
driver_availability,driver,이훈경,이훈경,DRV_030,,,444,신병 캠프(08:00-17:00),162,810,815,13:30,13:35,F,False
driver_availability,driver,이훈경,이훈경,DRV_030,,,444,신병 캠프(08:00-17:00),163,815,820,13:35,13:40,F,False
driver_availability,driver,이훈경,이훈경,DRV_030,,,444,신병 캠프(08:00-17:00),164,820,825,13:40,13:45,F,False
driver_availability,driver,이훈경,이훈경,DRV_030,,,444,신병 캠프(08:00-17:00),165,825,830,13:45,13:50,F,False
driver_availability,driver,이훈경,이훈경,DRV_030,,,444,신병 캠프(08:00-17:00),166,830,835,13:50,13:55,F,False
driver_availability,driver,이훈경,이훈경,DRV_030,,,444,신병 캠프(08:00-17:00),167,835,840,13:55,14:00,F,False
driver_availability,driver,이훈경,이훈경,DRV_030,,,444,신병 캠프(08:00-17:00),168,840,845,14:00,14:05,F,False
driver_availability,driver,이훈경,이훈경,DRV_030,,,444,신병 캠프(08:00-17:00),169,845,850,14:05,14:10,F,False
driver_availability,driver,이훈경,이훈경,DRV_030,,,444,신병 캠프(08:00-17:00),170,850,855,14:10,14:15,F,False
driver_availability,driver,이훈경,이훈경,DRV_030,,,444,신병 캠프(08:00-17:00),171,855,860,14:15,14:20,F,False
driver_availability,driver,이훈경,이훈경,DRV_030,,,444,신병 캠프(08:00-17:00),172,860,865,14:20,14:25,F,False
driver_availability,driver,이훈경,이훈경,DRV_030,,,444,신병 캠프(08:00-17:00),173,865,870,14:25,14:30,F,False
driver_availability,driver,이훈경,이훈경,DRV_030,,,444,신병 캠프(08:00-17:00),174,870,875,14:30,14:35,F,False
driver_availability,driver,이훈경,이훈경,DRV_030,,,444,신병 캠프(08:00-17:00),175,875,880,14:35,14:40,F,False
driver_availability,driver,이훈경,이훈경,DRV_030,,,444,신병 캠프(08:00-17:00),176,880,885,14:40,14:45,F,False
driver_availability,driver,이훈경,이훈경,DRV_030,,,444,신병 캠프(08:00-17:00),177,885,890,14:45,14:50,F,False
driver_availability,driver,이훈경,이훈경,DRV_030,,,444,신병 캠프(08:00-17:00),178,890,895,14:50,14:55,F,False
driver_availability,driver,이훈경,이훈경,DRV_030,,,444,신병 캠프(08:00-17:00),179,895,900,14:55,15:00,F,False
driver_availability,driver,이훈경,이훈경,DRV_030,,,444,신병 캠프(08:00-17:00),180,900,905,15:00,15:05,F,False
driver_availability,driver,이훈경,이훈경,DRV_030,,,444,신병 캠프(08:00-17:00),181,905,910,15:05,15:10,F,False
driver_availability,driver,이훈경,이훈경,DRV_030,,,444,신병 캠프(08:00-17:00),182,910,915,15:10,15:15,F,False
driver_availability,driver,이훈경,이훈경,DRV_030,,,444,신병 캠프(08:00-17:00),183,915,920,15:15,15:20,F,False
driver_availability,driver,이훈경,이훈경,DRV_030,,,444,신병 캠프(08:00-17:00),184,920,925,15:20,15:25,F,False
driver_availability,driver,이훈경,이훈경,DRV_030,,,444,신병 캠프(08:00-17:00),185,925,930,15:25,15:30,F,False
driver_availability,driver,이훈경,이훈경,DRV_030,,,444,신병 캠프(08:00-17:00),186,930,935,15:30,15:35,F,False
driver_availability,driver,이훈경,이훈경,DRV_030,,,444,신병 캠프(08:00-17:00),187,935,940,15:35,15:40,F,False
driver_availability,driver,이훈경,이훈경,DRV_030,,,444,신병 캠프(08:00-17:00),188,940,945,15:40,15:45,F,False
driver_availability,driver,이훈경,이훈경,DRV_030,,,444,신병 캠프(08:00-17:00),189,945,950,15:45,15:50,F,False
driver_availability,driver,이훈경,이훈경,DRV_030,,,444,신병 캠프(08:00-17:00),190,950,955,15:50,15:55,F,False
driver_availability,driver,이훈경,이훈경,DRV_030,,,444,신병 캠프(08:00-17:00),191,955,960,15:55,16:00,F,False
driver_availability,driver,이훈경,이훈경,DRV_030,,,444,신병 캠프(08:00-17:00),192,960,965,16:00,16:05,F,False
driver_availability,driver,이훈경,이훈경,DRV_030,,,444,신병 캠프(08:00-17:00),193,965,970,16:05,16:10,F,False
driver_availability,driver,이훈경,이훈경,DRV_030,,,444,신병 캠프(08:00-17:00),194,970,975,16:10,16:15,F,False
driver_availability,driver,이훈경,이훈경,DRV_030,,,444,신병 캠프(08:00-17:00),195,975,980,16:15,16:20,F,False
driver_availability,driver,이훈경,이훈경,DRV_030,,,444,신병 캠프(08:00-17:00),196,980,985,16:20,16:25,F,False
driver_availability,driver,이훈경,이훈경,DRV_030,,,444,신병 캠프(08:00-17:00),197,985,990,16:25,16:30,F,False
driver_availability,driver,이훈경,이훈경,DRV_030,,,444,신병 캠프(08:00-17:00),198,990,995,16:30,16:35,F,False
driver_availability,driver,이훈경,이훈경,DRV_030,,,444,신병 캠프(08:00-17:00),199,995,1000,16:35,16:40,F,False
driver_availability,driver,이훈경,이훈경,DRV_030,,,444,신병 캠프(08:00-17:00),200,1000,1005,16:40,16:45,F,False
driver_availability,driver,이훈경,이훈경,DRV_030,,,444,신병 캠프(08:00-17:00),201,1005,1010,16:45,16:50,F,False
driver_availability,driver,이훈경,이훈경,DRV_030,,,444,신병 캠프(08:00-17:00),202,1010,1015,16:50,16:55,F,False
driver_availability,driver,이훈경,이훈경,DRV_030,,,444,신병 캠프(08:00-17:00),203,1015,1020,16:55,17:00,F,False
driver_availability,driver,이훈경,이훈경,DRV_030,,,444,신병 캠프(08:00-17:00),204,1020,1025,17:00,17:05,T,True
driver_availability,driver,이훈경,이훈경,DRV_030,,,444,신병 캠프(08:00-17:00),205,1025,1030,17:05,17:10,T,True
driver_availability,driver,이훈경,이훈경,DRV_030,,,444,신병 캠프(08:00-17:00),206,1030,1035,17:10,17:15,T,True
driver_availability,driver,이훈경,이훈경,DRV_030,,,444,신병 캠프(08:00-17:00),207,1035,1040,17:15,17:20,T,True
driver_availability,driver,이훈경,이훈경,DRV_030,,,444,신병 캠프(08:00-17:00),208,1040,1045,17:20,17:25,T,True
driver_availability,driver,이훈경,이훈경,DRV_030,,,444,신병 캠프(08:00-17:00),209,1045,1050,17:25,17:30,T,True
driver_availability,driver,이훈경,이훈경,DRV_030,,,444,신병 캠프(08:00-17:00),210,1050,1055,17:30,17:35,T,True
driver_availability,driver,이훈경,이훈경,DRV_030,,,444,신병 캠프(08:00-17:00),211,1055,1060,17:35,17:40,T,True
driver_availability,driver,이훈경,이훈경,DRV_030,,,444,신병 캠프(08:00-17:00),212,1060,1065,17:40,17:45,T,True
driver_availability,driver,이훈경,이훈경,DRV_030,,,444,신병 캠프(08:00-17:00),213,1065,1070,17:45,17:50,T,True
driver_availability,driver,이훈경,이훈경,DRV_030,,,444,신병 캠프(08:00-17:00),214,1070,1075,17:50,17:55,T,True
driver_availability,driver,이훈경,이훈경,DRV_030,,,444,신병 캠프(08:00-17:00),215,1075,1080,17:55,18:00,T,True
driver_availability,driver,이훈경,이훈경,DRV_030,,,444,신병 캠프(08:00-17:00),216,1080,1085,18:00,18:05,T,True
driver_availability,driver,이훈경,이훈경,DRV_030,,,444,신병 캠프(08:00-17:00),217,1085,1090,18:05,18:10,T,True
driver_availability,driver,이훈경,이훈경,DRV_030,,,444,신병 캠프(08:00-17:00),218,1090,1095,18:10,18:15,T,True
driver_availability,driver,이훈경,이훈경,DRV_030,,,444,신병 캠프(08:00-17:00),219,1095,1100,18:15,18:20,T,True
driver_availability,driver,이훈경,이훈경,DRV_030,,,444,신병 캠프(08:00-17:00),220,1100,1105,18:20,18:25,T,True
driver_availability,driver,이훈경,이훈경,DRV_030,,,444,신병 캠프(08:00-17:00),221,1105,1110,18:25,18:30,T,True
driver_availability,driver,이훈경,이훈경,DRV_030,,,444,신병 캠프(08:00-17:00),222,1110,1115,18:30,18:35,T,True
driver_availability,driver,이훈경,이훈경,DRV_030,,,444,신병 캠프(08:00-17:00),223,1115,1120,18:35,18:40,T,True
driver_availability,driver,이훈경,이훈경,DRV_030,,,444,신병 캠프(08:00-17:00),224,1120,1125,18:40,18:45,T,True
driver_availability,driver,이훈경,이훈경,DRV_030,,,444,신병 캠프(08:00-17:00),225,1125,1130,18:45,18:50,T,True
driver_availability,driver,이훈경,이훈경,DRV_030,,,444,신병 캠프(08:00-17:00),226,1130,1135,18:50,18:55,T,True
driver_availability,driver,이훈경,이훈경,DRV_030,,,444,신병 캠프(08:00-17:00),227,1135,1140,18:55,19:00,T,True
driver_availability,driver,이훈경,이훈경,DRV_030,,,444,신병 캠프(08:00-17:00),228,1140,1145,19:00,19:05,T,True
driver_availability,driver,이훈경,이훈경,DRV_030,,,444,신병 캠프(08:00-17:00),229,1145,1150,19:05,19:10,T,True
driver_availability,driver,이훈경,이훈경,DRV_030,,,444,신병 캠프(08:00-17:00),230,1150,1155,19:10,19:15,T,True
driver_availability,driver,이훈경,이훈경,DRV_030,,,444,신병 캠프(08:00-17:00),231,1155,1160,19:15,19:20,T,True
driver_availability,driver,이훈경,이훈경,DRV_030,,,444,신병 캠프(08:00-17:00),232,1160,1165,19:20,19:25,T,True
driver_availability,driver,이훈경,이훈경,DRV_030,,,444,신병 캠프(08:00-17:00),233,1165,1170,19:25,19:30,T,True
driver_availability,driver,이훈경,이훈경,DRV_030,,,444,신병 캠프(08:00-17:00),234,1170,1175,19:30,19:35,T,True
driver_availability,driver,이훈경,이훈경,DRV_030,,,444,신병 캠프(08:00-17:00),235,1175,1180,19:35,19:40,T,True
driver_availability,driver,이훈경,이훈경,DRV_030,,,444,신병 캠프(08:00-17:00),236,1180,1185,19:40,19:45,T,True
driver_availability,driver,이훈경,이훈경,DRV_030,,,444,신병 캠프(08:00-17:00),237,1185,1190,19:45,19:50,T,True
driver_availability,driver,이훈경,이훈경,DRV_030,,,444,신병 캠프(08:00-17:00),238,1190,1195,19:50,19:55,T,True
driver_availability,driver,이훈경,이훈경,DRV_030,,,444,신병 캠프(08:00-17:00),239,1195,1200,19:55,20:00,T,True
driver_availability,driver,이훈경,이훈경,DRV_030,,,444,신병 캠프(08:00-17:00),240,1200,1205,20:00,20:05,T,True
driver_availability,driver,이훈경,이훈경,DRV_030,,,444,신병 캠프(08:00-17:00),241,1205,1210,20:05,20:10,T,True
driver_availability,driver,이훈경,이훈경,DRV_030,,,444,신병 캠프(08:00-17:00),242,1210,1215,20:10,20:15,T,True
driver_availability,driver,이훈경,이훈경,DRV_030,,,444,신병 캠프(08:00-17:00),243,1215,1220,20:15,20:20,T,True
driver_availability,driver,이훈경,이훈경,DRV_030,,,444,신병 캠프(08:00-17:00),244,1220,1225,20:20,20:25,T,True
driver_availability,driver,이훈경,이훈경,DRV_030,,,444,신병 캠프(08:00-17:00),245,1225,1230,20:25,20:30,T,True
driver_availability,driver,이훈경,이훈경,DRV_030,,,444,신병 캠프(08:00-17:00),246,1230,1235,20:30,20:35,T,True
driver_availability,driver,이훈경,이훈경,DRV_030,,,444,신병 캠프(08:00-17:00),247,1235,1240,20:35,20:40,T,True
driver_availability,driver,이훈경,이훈경,DRV_030,,,444,신병 캠프(08:00-17:00),248,1240,1245,20:40,20:45,T,True
driver_availability,driver,이훈경,이훈경,DRV_030,,,444,신병 캠프(08:00-17:00),249,1245,1250,20:45,20:50,T,True
driver_availability,driver,이훈경,이훈경,DRV_030,,,444,신병 캠프(08:00-17:00),250,1250,1255,20:50,20:55,T,True
driver_availability,driver,이훈경,이훈경,DRV_030,,,444,신병 캠프(08:00-17:00),251,1255,1260,20:55,21:00,T,True
driver_availability,driver,이훈경,이훈경,DRV_030,,,444,신병 캠프(08:00-17:00),252,1260,1265,21:00,21:05,T,True
driver_availability,driver,이훈경,이훈경,DRV_030,,,444,신병 캠프(08:00-17:00),253,1265,1270,21:05,21:10,T,True
driver_availability,driver,이훈경,이훈경,DRV_030,,,444,신병 캠프(08:00-17:00),254,1270,1275,21:10,21:15,T,True
driver_availability,driver,이훈경,이훈경,DRV_030,,,444,신병 캠프(08:00-17:00),255,1275,1280,21:15,21:20,T,True
driver_availability,driver,이훈경,이훈경,DRV_030,,,444,신병 캠프(08:00-17:00),256,1280,1285,21:20,21:25,T,True
driver_availability,driver,이훈경,이훈경,DRV_030,,,444,신병 캠프(08:00-17:00),257,1285,1290,21:25,21:30,T,True
driver_availability,driver,이훈경,이훈경,DRV_030,,,444,신병 캠프(08:00-17:00),258,1290,1295,21:30,21:35,T,True
driver_availability,driver,이훈경,이훈경,DRV_030,,,444,신병 캠프(08:00-17:00),259,1295,1300,21:35,21:40,T,True
driver_availability,driver,이훈경,이훈경,DRV_030,,,444,신병 캠프(08:00-17:00),260,1300,1305,21:40,21:45,T,True
driver_availability,driver,이훈경,이훈경,DRV_030,,,444,신병 캠프(08:00-17:00),261,1305,1310,21:45,21:50,T,True
driver_availability,driver,이훈경,이훈경,DRV_030,,,444,신병 캠프(08:00-17:00),262,1310,1315,21:50,21:55,T,True
driver_availability,driver,이훈경,이훈경,DRV_030,,,444,신병 캠프(08:00-17:00),263,1315,1320,21:55,22:00,T,True
driver_availability,driver,이훈경,이훈경,DRV_030,,,444,신병 캠프(08:00-17:00),264,1320,1325,22:00,22:05,T,True
driver_availability,driver,이훈경,이훈경,DRV_030,,,444,신병 캠프(08:00-17:00),265,1325,1330,22:05,22:10,T,True
driver_availability,driver,이훈경,이훈경,DRV_030,,,444,신병 캠프(08:00-17:00),266,1330,1335,22:10,22:15,T,True
driver_availability,driver,이훈경,이훈경,DRV_030,,,444,신병 캠프(08:00-17:00),267,1335,1340,22:15,22:20,T,True
driver_availability,driver,이훈경,이훈경,DRV_030,,,444,신병 캠프(08:00-17:00),268,1340,1345,22:20,22:25,T,True
driver_availability,driver,이훈경,이훈경,DRV_030,,,444,신병 캠프(08:00-17:00),269,1345,1350,22:25,22:30,T,True
driver_availability,driver,이훈경,이훈경,DRV_030,,,444,신병 캠프(08:00-17:00),270,1350,1355,22:30,22:35,T,True
driver_availability,driver,이훈경,이훈경,DRV_030,,,444,신병 캠프(08:00-17:00),271,1355,1360,22:35,22:40,T,True
driver_availability,driver,이훈경,이훈경,DRV_030,,,444,신병 캠프(08:00-17:00),272,1360,1365,22:40,22:45,T,True
driver_availability,driver,이훈경,이훈경,DRV_030,,,444,신병 캠프(08:00-17:00),273,1365,1370,22:45,22:50,T,True
driver_availability,driver,이훈경,이훈경,DRV_030,,,444,신병 캠프(08:00-17:00),274,1370,1375,22:50,22:55,T,True
driver_availability,driver,이훈경,이훈경,DRV_030,,,444,신병 캠프(08:00-17:00),275,1375,1380,22:55,23:00,T,True
driver_availability,driver,이훈경,이훈경,DRV_030,,,444,신병 캠프(08:00-17:00),276,1380,1385,23:00,23:05,T,True
driver_availability,driver,이훈경,이훈경,DRV_030,,,444,신병 캠프(08:00-17:00),277,1385,1390,23:05,23:10,T,True
driver_availability,driver,이훈경,이훈경,DRV_030,,,444,신병 캠프(08:00-17:00),278,1390,1395,23:10,23:15,T,True
driver_availability,driver,이훈경,이훈경,DRV_030,,,444,신병 캠프(08:00-17:00),279,1395,1400,23:15,23:20,T,True
driver_availability,driver,이훈경,이훈경,DRV_030,,,444,신병 캠프(08:00-17:00),280,1400,1405,23:20,23:25,T,True
driver_availability,driver,이훈경,이훈경,DRV_030,,,444,신병 캠프(08:00-17:00),281,1405,1410,23:25,23:30,T,True
driver_availability,driver,이훈경,이훈경,DRV_030,,,444,신병 캠프(08:00-17:00),282,1410,1415,23:30,23:35,T,True
driver_availability,driver,이훈경,이훈경,DRV_030,,,444,신병 캠프(08:00-17:00),283,1415,1420,23:35,23:40,T,True
driver_availability,driver,이훈경,이훈경,DRV_030,,,444,신병 캠프(08:00-17:00),284,1420,1425,23:40,23:45,T,True
driver_availability,driver,이훈경,이훈경,DRV_030,,,444,신병 캠프(08:00-17:00),285,1425,1430,23:45,23:50,T,True
driver_availability,driver,이훈경,이훈경,DRV_030,,,444,신병 캠프(08:00-17:00),286,1430,1435,23:50,23:55,T,True
driver_availability,driver,이훈경,이훈경,DRV_030,,,444,신병 캠프(08:00-17:00),287,1435,1440,23:55,24:00,T,True
driver_availability,driver,장현우,장현우,DRV_031,,,444,신병 캠프(08:00-17:00),0,0,5,00:00,00:05,T,True
driver_availability,driver,장현우,장현우,DRV_031,,,444,신병 캠프(08:00-17:00),1,5,10,00:05,00:10,T,True
driver_availability,driver,장현우,장현우,DRV_031,,,444,신병 캠프(08:00-17:00),2,10,15,00:10,00:15,T,True
driver_availability,driver,장현우,장현우,DRV_031,,,444,신병 캠프(08:00-17:00),3,15,20,00:15,00:20,T,True
driver_availability,driver,장현우,장현우,DRV_031,,,444,신병 캠프(08:00-17:00),4,20,25,00:20,00:25,T,True
driver_availability,driver,장현우,장현우,DRV_031,,,444,신병 캠프(08:00-17:00),5,25,30,00:25,00:30,T,True
driver_availability,driver,장현우,장현우,DRV_031,,,444,신병 캠프(08:00-17:00),6,30,35,00:30,00:35,T,True
driver_availability,driver,장현우,장현우,DRV_031,,,444,신병 캠프(08:00-17:00),7,35,40,00:35,00:40,T,True
driver_availability,driver,장현우,장현우,DRV_031,,,444,신병 캠프(08:00-17:00),8,40,45,00:40,00:45,T,True
driver_availability,driver,장현우,장현우,DRV_031,,,444,신병 캠프(08:00-17:00),9,45,50,00:45,00:50,T,True
driver_availability,driver,장현우,장현우,DRV_031,,,444,신병 캠프(08:00-17:00),10,50,55,00:50,00:55,T,True
driver_availability,driver,장현우,장현우,DRV_031,,,444,신병 캠프(08:00-17:00),11,55,60,00:55,01:00,T,True
driver_availability,driver,장현우,장현우,DRV_031,,,444,신병 캠프(08:00-17:00),12,60,65,01:00,01:05,T,True
driver_availability,driver,장현우,장현우,DRV_031,,,444,신병 캠프(08:00-17:00),13,65,70,01:05,01:10,T,True
driver_availability,driver,장현우,장현우,DRV_031,,,444,신병 캠프(08:00-17:00),14,70,75,01:10,01:15,T,True
driver_availability,driver,장현우,장현우,DRV_031,,,444,신병 캠프(08:00-17:00),15,75,80,01:15,01:20,T,True
driver_availability,driver,장현우,장현우,DRV_031,,,444,신병 캠프(08:00-17:00),16,80,85,01:20,01:25,T,True
driver_availability,driver,장현우,장현우,DRV_031,,,444,신병 캠프(08:00-17:00),17,85,90,01:25,01:30,T,True
driver_availability,driver,장현우,장현우,DRV_031,,,444,신병 캠프(08:00-17:00),18,90,95,01:30,01:35,T,True
driver_availability,driver,장현우,장현우,DRV_031,,,444,신병 캠프(08:00-17:00),19,95,100,01:35,01:40,T,True
driver_availability,driver,장현우,장현우,DRV_031,,,444,신병 캠프(08:00-17:00),20,100,105,01:40,01:45,T,True
driver_availability,driver,장현우,장현우,DRV_031,,,444,신병 캠프(08:00-17:00),21,105,110,01:45,01:50,T,True
driver_availability,driver,장현우,장현우,DRV_031,,,444,신병 캠프(08:00-17:00),22,110,115,01:50,01:55,T,True
driver_availability,driver,장현우,장현우,DRV_031,,,444,신병 캠프(08:00-17:00),23,115,120,01:55,02:00,T,True
driver_availability,driver,장현우,장현우,DRV_031,,,444,신병 캠프(08:00-17:00),24,120,125,02:00,02:05,T,True
driver_availability,driver,장현우,장현우,DRV_031,,,444,신병 캠프(08:00-17:00),25,125,130,02:05,02:10,T,True
driver_availability,driver,장현우,장현우,DRV_031,,,444,신병 캠프(08:00-17:00),26,130,135,02:10,02:15,T,True
driver_availability,driver,장현우,장현우,DRV_031,,,444,신병 캠프(08:00-17:00),27,135,140,02:15,02:20,T,True
driver_availability,driver,장현우,장현우,DRV_031,,,444,신병 캠프(08:00-17:00),28,140,145,02:20,02:25,T,True
driver_availability,driver,장현우,장현우,DRV_031,,,444,신병 캠프(08:00-17:00),29,145,150,02:25,02:30,T,True
driver_availability,driver,장현우,장현우,DRV_031,,,444,신병 캠프(08:00-17:00),30,150,155,02:30,02:35,T,True
driver_availability,driver,장현우,장현우,DRV_031,,,444,신병 캠프(08:00-17:00),31,155,160,02:35,02:40,T,True
driver_availability,driver,장현우,장현우,DRV_031,,,444,신병 캠프(08:00-17:00),32,160,165,02:40,02:45,T,True
driver_availability,driver,장현우,장현우,DRV_031,,,444,신병 캠프(08:00-17:00),33,165,170,02:45,02:50,T,True
driver_availability,driver,장현우,장현우,DRV_031,,,444,신병 캠프(08:00-17:00),34,170,175,02:50,02:55,T,True
driver_availability,driver,장현우,장현우,DRV_031,,,444,신병 캠프(08:00-17:00),35,175,180,02:55,03:00,T,True
driver_availability,driver,장현우,장현우,DRV_031,,,444,신병 캠프(08:00-17:00),36,180,185,03:00,03:05,T,True
driver_availability,driver,장현우,장현우,DRV_031,,,444,신병 캠프(08:00-17:00),37,185,190,03:05,03:10,T,True
driver_availability,driver,장현우,장현우,DRV_031,,,444,신병 캠프(08:00-17:00),38,190,195,03:10,03:15,T,True
driver_availability,driver,장현우,장현우,DRV_031,,,444,신병 캠프(08:00-17:00),39,195,200,03:15,03:20,T,True
driver_availability,driver,장현우,장현우,DRV_031,,,444,신병 캠프(08:00-17:00),40,200,205,03:20,03:25,T,True
driver_availability,driver,장현우,장현우,DRV_031,,,444,신병 캠프(08:00-17:00),41,205,210,03:25,03:30,T,True
driver_availability,driver,장현우,장현우,DRV_031,,,444,신병 캠프(08:00-17:00),42,210,215,03:30,03:35,T,True
driver_availability,driver,장현우,장현우,DRV_031,,,444,신병 캠프(08:00-17:00),43,215,220,03:35,03:40,T,True
driver_availability,driver,장현우,장현우,DRV_031,,,444,신병 캠프(08:00-17:00),44,220,225,03:40,03:45,T,True
driver_availability,driver,장현우,장현우,DRV_031,,,444,신병 캠프(08:00-17:00),45,225,230,03:45,03:50,T,True
driver_availability,driver,장현우,장현우,DRV_031,,,444,신병 캠프(08:00-17:00),46,230,235,03:50,03:55,T,True
driver_availability,driver,장현우,장현우,DRV_031,,,444,신병 캠프(08:00-17:00),47,235,240,03:55,04:00,T,True
driver_availability,driver,장현우,장현우,DRV_031,,,444,신병 캠프(08:00-17:00),48,240,245,04:00,04:05,T,True
driver_availability,driver,장현우,장현우,DRV_031,,,444,신병 캠프(08:00-17:00),49,245,250,04:05,04:10,T,True
driver_availability,driver,장현우,장현우,DRV_031,,,444,신병 캠프(08:00-17:00),50,250,255,04:10,04:15,T,True
driver_availability,driver,장현우,장현우,DRV_031,,,444,신병 캠프(08:00-17:00),51,255,260,04:15,04:20,T,True
driver_availability,driver,장현우,장현우,DRV_031,,,444,신병 캠프(08:00-17:00),52,260,265,04:20,04:25,T,True
driver_availability,driver,장현우,장현우,DRV_031,,,444,신병 캠프(08:00-17:00),53,265,270,04:25,04:30,T,True
driver_availability,driver,장현우,장현우,DRV_031,,,444,신병 캠프(08:00-17:00),54,270,275,04:30,04:35,T,True
driver_availability,driver,장현우,장현우,DRV_031,,,444,신병 캠프(08:00-17:00),55,275,280,04:35,04:40,T,True
driver_availability,driver,장현우,장현우,DRV_031,,,444,신병 캠프(08:00-17:00),56,280,285,04:40,04:45,T,True
driver_availability,driver,장현우,장현우,DRV_031,,,444,신병 캠프(08:00-17:00),57,285,290,04:45,04:50,T,True
driver_availability,driver,장현우,장현우,DRV_031,,,444,신병 캠프(08:00-17:00),58,290,295,04:50,04:55,T,True
driver_availability,driver,장현우,장현우,DRV_031,,,444,신병 캠프(08:00-17:00),59,295,300,04:55,05:00,T,True
driver_availability,driver,장현우,장현우,DRV_031,,,444,신병 캠프(08:00-17:00),60,300,305,05:00,05:05,T,True
driver_availability,driver,장현우,장현우,DRV_031,,,444,신병 캠프(08:00-17:00),61,305,310,05:05,05:10,T,True
driver_availability,driver,장현우,장현우,DRV_031,,,444,신병 캠프(08:00-17:00),62,310,315,05:10,05:15,T,True
driver_availability,driver,장현우,장현우,DRV_031,,,444,신병 캠프(08:00-17:00),63,315,320,05:15,05:20,T,True
driver_availability,driver,장현우,장현우,DRV_031,,,444,신병 캠프(08:00-17:00),64,320,325,05:20,05:25,T,True
driver_availability,driver,장현우,장현우,DRV_031,,,444,신병 캠프(08:00-17:00),65,325,330,05:25,05:30,T,True
driver_availability,driver,장현우,장현우,DRV_031,,,444,신병 캠프(08:00-17:00),66,330,335,05:30,05:35,T,True
driver_availability,driver,장현우,장현우,DRV_031,,,444,신병 캠프(08:00-17:00),67,335,340,05:35,05:40,T,True
driver_availability,driver,장현우,장현우,DRV_031,,,444,신병 캠프(08:00-17:00),68,340,345,05:40,05:45,T,True
driver_availability,driver,장현우,장현우,DRV_031,,,444,신병 캠프(08:00-17:00),69,345,350,05:45,05:50,T,True
driver_availability,driver,장현우,장현우,DRV_031,,,444,신병 캠프(08:00-17:00),70,350,355,05:50,05:55,T,True
driver_availability,driver,장현우,장현우,DRV_031,,,444,신병 캠프(08:00-17:00),71,355,360,05:55,06:00,T,True
driver_availability,driver,장현우,장현우,DRV_031,,,444,신병 캠프(08:00-17:00),72,360,365,06:00,06:05,T,True
driver_availability,driver,장현우,장현우,DRV_031,,,444,신병 캠프(08:00-17:00),73,365,370,06:05,06:10,T,True
driver_availability,driver,장현우,장현우,DRV_031,,,444,신병 캠프(08:00-17:00),74,370,375,06:10,06:15,T,True
driver_availability,driver,장현우,장현우,DRV_031,,,444,신병 캠프(08:00-17:00),75,375,380,06:15,06:20,T,True
driver_availability,driver,장현우,장현우,DRV_031,,,444,신병 캠프(08:00-17:00),76,380,385,06:20,06:25,T,True
driver_availability,driver,장현우,장현우,DRV_031,,,444,신병 캠프(08:00-17:00),77,385,390,06:25,06:30,T,True
driver_availability,driver,장현우,장현우,DRV_031,,,444,신병 캠프(08:00-17:00),78,390,395,06:30,06:35,T,True
driver_availability,driver,장현우,장현우,DRV_031,,,444,신병 캠프(08:00-17:00),79,395,400,06:35,06:40,T,True
driver_availability,driver,장현우,장현우,DRV_031,,,444,신병 캠프(08:00-17:00),80,400,405,06:40,06:45,T,True
driver_availability,driver,장현우,장현우,DRV_031,,,444,신병 캠프(08:00-17:00),81,405,410,06:45,06:50,T,True
driver_availability,driver,장현우,장현우,DRV_031,,,444,신병 캠프(08:00-17:00),82,410,415,06:50,06:55,T,True
driver_availability,driver,장현우,장현우,DRV_031,,,444,신병 캠프(08:00-17:00),83,415,420,06:55,07:00,T,True
driver_availability,driver,장현우,장현우,DRV_031,,,444,신병 캠프(08:00-17:00),84,420,425,07:00,07:05,T,True
driver_availability,driver,장현우,장현우,DRV_031,,,444,신병 캠프(08:00-17:00),85,425,430,07:05,07:10,T,True
driver_availability,driver,장현우,장현우,DRV_031,,,444,신병 캠프(08:00-17:00),86,430,435,07:10,07:15,T,True
driver_availability,driver,장현우,장현우,DRV_031,,,444,신병 캠프(08:00-17:00),87,435,440,07:15,07:20,T,True
driver_availability,driver,장현우,장현우,DRV_031,,,444,신병 캠프(08:00-17:00),88,440,445,07:20,07:25,T,True
driver_availability,driver,장현우,장현우,DRV_031,,,444,신병 캠프(08:00-17:00),89,445,450,07:25,07:30,T,True
driver_availability,driver,장현우,장현우,DRV_031,,,444,신병 캠프(08:00-17:00),90,450,455,07:30,07:35,T,True
driver_availability,driver,장현우,장현우,DRV_031,,,444,신병 캠프(08:00-17:00),91,455,460,07:35,07:40,T,True
driver_availability,driver,장현우,장현우,DRV_031,,,444,신병 캠프(08:00-17:00),92,460,465,07:40,07:45,T,True
driver_availability,driver,장현우,장현우,DRV_031,,,444,신병 캠프(08:00-17:00),93,465,470,07:45,07:50,T,True
driver_availability,driver,장현우,장현우,DRV_031,,,444,신병 캠프(08:00-17:00),94,470,475,07:50,07:55,T,True
driver_availability,driver,장현우,장현우,DRV_031,,,444,신병 캠프(08:00-17:00),95,475,480,07:55,08:00,T,True
driver_availability,driver,장현우,장현우,DRV_031,,,444,신병 캠프(08:00-17:00),96,480,485,08:00,08:05,F,False
driver_availability,driver,장현우,장현우,DRV_031,,,444,신병 캠프(08:00-17:00),97,485,490,08:05,08:10,F,False
driver_availability,driver,장현우,장현우,DRV_031,,,444,신병 캠프(08:00-17:00),98,490,495,08:10,08:15,F,False
driver_availability,driver,장현우,장현우,DRV_031,,,444,신병 캠프(08:00-17:00),99,495,500,08:15,08:20,F,False
driver_availability,driver,장현우,장현우,DRV_031,,,444,신병 캠프(08:00-17:00),100,500,505,08:20,08:25,F,False
driver_availability,driver,장현우,장현우,DRV_031,,,444,신병 캠프(08:00-17:00),101,505,510,08:25,08:30,F,False
driver_availability,driver,장현우,장현우,DRV_031,,,444,신병 캠프(08:00-17:00),102,510,515,08:30,08:35,F,False
driver_availability,driver,장현우,장현우,DRV_031,,,444,신병 캠프(08:00-17:00),103,515,520,08:35,08:40,F,False
driver_availability,driver,장현우,장현우,DRV_031,,,444,신병 캠프(08:00-17:00),104,520,525,08:40,08:45,F,False
driver_availability,driver,장현우,장현우,DRV_031,,,444,신병 캠프(08:00-17:00),105,525,530,08:45,08:50,F,False
driver_availability,driver,장현우,장현우,DRV_031,,,444,신병 캠프(08:00-17:00),106,530,535,08:50,08:55,F,False
driver_availability,driver,장현우,장현우,DRV_031,,,444,신병 캠프(08:00-17:00),107,535,540,08:55,09:00,F,False
driver_availability,driver,장현우,장현우,DRV_031,,,444,신병 캠프(08:00-17:00),108,540,545,09:00,09:05,F,False
driver_availability,driver,장현우,장현우,DRV_031,,,444,신병 캠프(08:00-17:00),109,545,550,09:05,09:10,F,False
driver_availability,driver,장현우,장현우,DRV_031,,,444,신병 캠프(08:00-17:00),110,550,555,09:10,09:15,F,False
driver_availability,driver,장현우,장현우,DRV_031,,,444,신병 캠프(08:00-17:00),111,555,560,09:15,09:20,F,False
driver_availability,driver,장현우,장현우,DRV_031,,,444,신병 캠프(08:00-17:00),112,560,565,09:20,09:25,F,False
driver_availability,driver,장현우,장현우,DRV_031,,,444,신병 캠프(08:00-17:00),113,565,570,09:25,09:30,F,False
driver_availability,driver,장현우,장현우,DRV_031,,,444,신병 캠프(08:00-17:00),114,570,575,09:30,09:35,F,False
driver_availability,driver,장현우,장현우,DRV_031,,,444,신병 캠프(08:00-17:00),115,575,580,09:35,09:40,F,False
driver_availability,driver,장현우,장현우,DRV_031,,,444,신병 캠프(08:00-17:00),116,580,585,09:40,09:45,F,False
driver_availability,driver,장현우,장현우,DRV_031,,,444,신병 캠프(08:00-17:00),117,585,590,09:45,09:50,F,False
driver_availability,driver,장현우,장현우,DRV_031,,,444,신병 캠프(08:00-17:00),118,590,595,09:50,09:55,F,False
driver_availability,driver,장현우,장현우,DRV_031,,,444,신병 캠프(08:00-17:00),119,595,600,09:55,10:00,F,False
driver_availability,driver,장현우,장현우,DRV_031,,,444,신병 캠프(08:00-17:00),120,600,605,10:00,10:05,F,False
driver_availability,driver,장현우,장현우,DRV_031,,,444,신병 캠프(08:00-17:00),121,605,610,10:05,10:10,F,False
driver_availability,driver,장현우,장현우,DRV_031,,,444,신병 캠프(08:00-17:00),122,610,615,10:10,10:15,F,False
driver_availability,driver,장현우,장현우,DRV_031,,,444,신병 캠프(08:00-17:00),123,615,620,10:15,10:20,F,False
driver_availability,driver,장현우,장현우,DRV_031,,,444,신병 캠프(08:00-17:00),124,620,625,10:20,10:25,F,False
driver_availability,driver,장현우,장현우,DRV_031,,,444,신병 캠프(08:00-17:00),125,625,630,10:25,10:30,F,False
driver_availability,driver,장현우,장현우,DRV_031,,,444,신병 캠프(08:00-17:00),126,630,635,10:30,10:35,F,False
driver_availability,driver,장현우,장현우,DRV_031,,,444,신병 캠프(08:00-17:00),127,635,640,10:35,10:40,F,False
driver_availability,driver,장현우,장현우,DRV_031,,,444,신병 캠프(08:00-17:00),128,640,645,10:40,10:45,F,False
driver_availability,driver,장현우,장현우,DRV_031,,,444,신병 캠프(08:00-17:00),129,645,650,10:45,10:50,F,False
driver_availability,driver,장현우,장현우,DRV_031,,,444,신병 캠프(08:00-17:00),130,650,655,10:50,10:55,F,False
driver_availability,driver,장현우,장현우,DRV_031,,,444,신병 캠프(08:00-17:00),131,655,660,10:55,11:00,F,False
driver_availability,driver,장현우,장현우,DRV_031,,,444,신병 캠프(08:00-17:00),132,660,665,11:00,11:05,F,False
driver_availability,driver,장현우,장현우,DRV_031,,,444,신병 캠프(08:00-17:00),133,665,670,11:05,11:10,F,False
driver_availability,driver,장현우,장현우,DRV_031,,,444,신병 캠프(08:00-17:00),134,670,675,11:10,11:15,F,False
driver_availability,driver,장현우,장현우,DRV_031,,,444,신병 캠프(08:00-17:00),135,675,680,11:15,11:20,F,False
driver_availability,driver,장현우,장현우,DRV_031,,,444,신병 캠프(08:00-17:00),136,680,685,11:20,11:25,F,False
driver_availability,driver,장현우,장현우,DRV_031,,,444,신병 캠프(08:00-17:00),137,685,690,11:25,11:30,F,False
driver_availability,driver,장현우,장현우,DRV_031,,,444,신병 캠프(08:00-17:00),138,690,695,11:30,11:35,F,False
driver_availability,driver,장현우,장현우,DRV_031,,,444,신병 캠프(08:00-17:00),139,695,700,11:35,11:40,F,False
driver_availability,driver,장현우,장현우,DRV_031,,,444,신병 캠프(08:00-17:00),140,700,705,11:40,11:45,F,False
driver_availability,driver,장현우,장현우,DRV_031,,,444,신병 캠프(08:00-17:00),141,705,710,11:45,11:50,F,False
driver_availability,driver,장현우,장현우,DRV_031,,,444,신병 캠프(08:00-17:00),142,710,715,11:50,11:55,F,False
driver_availability,driver,장현우,장현우,DRV_031,,,444,신병 캠프(08:00-17:00),143,715,720,11:55,12:00,F,False
driver_availability,driver,장현우,장현우,DRV_031,,,444,신병 캠프(08:00-17:00),144,720,725,12:00,12:05,F,False
driver_availability,driver,장현우,장현우,DRV_031,,,444,신병 캠프(08:00-17:00),145,725,730,12:05,12:10,F,False
driver_availability,driver,장현우,장현우,DRV_031,,,444,신병 캠프(08:00-17:00),146,730,735,12:10,12:15,F,False
driver_availability,driver,장현우,장현우,DRV_031,,,444,신병 캠프(08:00-17:00),147,735,740,12:15,12:20,F,False
driver_availability,driver,장현우,장현우,DRV_031,,,444,신병 캠프(08:00-17:00),148,740,745,12:20,12:25,F,False
driver_availability,driver,장현우,장현우,DRV_031,,,444,신병 캠프(08:00-17:00),149,745,750,12:25,12:30,F,False
driver_availability,driver,장현우,장현우,DRV_031,,,444,신병 캠프(08:00-17:00),150,750,755,12:30,12:35,F,False
driver_availability,driver,장현우,장현우,DRV_031,,,444,신병 캠프(08:00-17:00),151,755,760,12:35,12:40,F,False
driver_availability,driver,장현우,장현우,DRV_031,,,444,신병 캠프(08:00-17:00),152,760,765,12:40,12:45,F,False
driver_availability,driver,장현우,장현우,DRV_031,,,444,신병 캠프(08:00-17:00),153,765,770,12:45,12:50,F,False
driver_availability,driver,장현우,장현우,DRV_031,,,444,신병 캠프(08:00-17:00),154,770,775,12:50,12:55,F,False
driver_availability,driver,장현우,장현우,DRV_031,,,444,신병 캠프(08:00-17:00),155,775,780,12:55,13:00,F,False
driver_availability,driver,장현우,장현우,DRV_031,,,444,신병 캠프(08:00-17:00),156,780,785,13:00,13:05,F,False
driver_availability,driver,장현우,장현우,DRV_031,,,444,신병 캠프(08:00-17:00),157,785,790,13:05,13:10,F,False
driver_availability,driver,장현우,장현우,DRV_031,,,444,신병 캠프(08:00-17:00),158,790,795,13:10,13:15,F,False
driver_availability,driver,장현우,장현우,DRV_031,,,444,신병 캠프(08:00-17:00),159,795,800,13:15,13:20,F,False
driver_availability,driver,장현우,장현우,DRV_031,,,444,신병 캠프(08:00-17:00),160,800,805,13:20,13:25,F,False
driver_availability,driver,장현우,장현우,DRV_031,,,444,신병 캠프(08:00-17:00),161,805,810,13:25,13:30,F,False
driver_availability,driver,장현우,장현우,DRV_031,,,444,신병 캠프(08:00-17:00),162,810,815,13:30,13:35,F,False
driver_availability,driver,장현우,장현우,DRV_031,,,444,신병 캠프(08:00-17:00),163,815,820,13:35,13:40,F,False
driver_availability,driver,장현우,장현우,DRV_031,,,444,신병 캠프(08:00-17:00),164,820,825,13:40,13:45,F,False
driver_availability,driver,장현우,장현우,DRV_031,,,444,신병 캠프(08:00-17:00),165,825,830,13:45,13:50,F,False
driver_availability,driver,장현우,장현우,DRV_031,,,444,신병 캠프(08:00-17:00),166,830,835,13:50,13:55,F,False
driver_availability,driver,장현우,장현우,DRV_031,,,444,신병 캠프(08:00-17:00),167,835,840,13:55,14:00,F,False
driver_availability,driver,장현우,장현우,DRV_031,,,444,신병 캠프(08:00-17:00),168,840,845,14:00,14:05,F,False
driver_availability,driver,장현우,장현우,DRV_031,,,444,신병 캠프(08:00-17:00),169,845,850,14:05,14:10,F,False
driver_availability,driver,장현우,장현우,DRV_031,,,444,신병 캠프(08:00-17:00),170,850,855,14:10,14:15,F,False
driver_availability,driver,장현우,장현우,DRV_031,,,444,신병 캠프(08:00-17:00),171,855,860,14:15,14:20,F,False
driver_availability,driver,장현우,장현우,DRV_031,,,444,신병 캠프(08:00-17:00),172,860,865,14:20,14:25,F,False
driver_availability,driver,장현우,장현우,DRV_031,,,444,신병 캠프(08:00-17:00),173,865,870,14:25,14:30,F,False
driver_availability,driver,장현우,장현우,DRV_031,,,444,신병 캠프(08:00-17:00),174,870,875,14:30,14:35,F,False
driver_availability,driver,장현우,장현우,DRV_031,,,444,신병 캠프(08:00-17:00),175,875,880,14:35,14:40,F,False
driver_availability,driver,장현우,장현우,DRV_031,,,444,신병 캠프(08:00-17:00),176,880,885,14:40,14:45,F,False
driver_availability,driver,장현우,장현우,DRV_031,,,444,신병 캠프(08:00-17:00),177,885,890,14:45,14:50,F,False
driver_availability,driver,장현우,장현우,DRV_031,,,444,신병 캠프(08:00-17:00),178,890,895,14:50,14:55,F,False
driver_availability,driver,장현우,장현우,DRV_031,,,444,신병 캠프(08:00-17:00),179,895,900,14:55,15:00,F,False
driver_availability,driver,장현우,장현우,DRV_031,,,444,신병 캠프(08:00-17:00),180,900,905,15:00,15:05,F,False
driver_availability,driver,장현우,장현우,DRV_031,,,444,신병 캠프(08:00-17:00),181,905,910,15:05,15:10,F,False
driver_availability,driver,장현우,장현우,DRV_031,,,444,신병 캠프(08:00-17:00),182,910,915,15:10,15:15,F,False
driver_availability,driver,장현우,장현우,DRV_031,,,444,신병 캠프(08:00-17:00),183,915,920,15:15,15:20,F,False
driver_availability,driver,장현우,장현우,DRV_031,,,444,신병 캠프(08:00-17:00),184,920,925,15:20,15:25,F,False
driver_availability,driver,장현우,장현우,DRV_031,,,444,신병 캠프(08:00-17:00),185,925,930,15:25,15:30,F,False
driver_availability,driver,장현우,장현우,DRV_031,,,444,신병 캠프(08:00-17:00),186,930,935,15:30,15:35,F,False
driver_availability,driver,장현우,장현우,DRV_031,,,444,신병 캠프(08:00-17:00),187,935,940,15:35,15:40,F,False
driver_availability,driver,장현우,장현우,DRV_031,,,444,신병 캠프(08:00-17:00),188,940,945,15:40,15:45,F,False
driver_availability,driver,장현우,장현우,DRV_031,,,444,신병 캠프(08:00-17:00),189,945,950,15:45,15:50,F,False
driver_availability,driver,장현우,장현우,DRV_031,,,444,신병 캠프(08:00-17:00),190,950,955,15:50,15:55,F,False
driver_availability,driver,장현우,장현우,DRV_031,,,444,신병 캠프(08:00-17:00),191,955,960,15:55,16:00,F,False
driver_availability,driver,장현우,장현우,DRV_031,,,444,신병 캠프(08:00-17:00),192,960,965,16:00,16:05,F,False
driver_availability,driver,장현우,장현우,DRV_031,,,444,신병 캠프(08:00-17:00),193,965,970,16:05,16:10,F,False
driver_availability,driver,장현우,장현우,DRV_031,,,444,신병 캠프(08:00-17:00),194,970,975,16:10,16:15,F,False
driver_availability,driver,장현우,장현우,DRV_031,,,444,신병 캠프(08:00-17:00),195,975,980,16:15,16:20,F,False
driver_availability,driver,장현우,장현우,DRV_031,,,444,신병 캠프(08:00-17:00),196,980,985,16:20,16:25,F,False
driver_availability,driver,장현우,장현우,DRV_031,,,444,신병 캠프(08:00-17:00),197,985,990,16:25,16:30,F,False
driver_availability,driver,장현우,장현우,DRV_031,,,444,신병 캠프(08:00-17:00),198,990,995,16:30,16:35,F,False
driver_availability,driver,장현우,장현우,DRV_031,,,444,신병 캠프(08:00-17:00),199,995,1000,16:35,16:40,F,False
driver_availability,driver,장현우,장현우,DRV_031,,,444,신병 캠프(08:00-17:00),200,1000,1005,16:40,16:45,F,False
driver_availability,driver,장현우,장현우,DRV_031,,,444,신병 캠프(08:00-17:00),201,1005,1010,16:45,16:50,F,False
driver_availability,driver,장현우,장현우,DRV_031,,,444,신병 캠프(08:00-17:00),202,1010,1015,16:50,16:55,F,False
driver_availability,driver,장현우,장현우,DRV_031,,,444,신병 캠프(08:00-17:00),203,1015,1020,16:55,17:00,F,False
driver_availability,driver,장현우,장현우,DRV_031,,,444,신병 캠프(08:00-17:00),204,1020,1025,17:00,17:05,T,True
driver_availability,driver,장현우,장현우,DRV_031,,,444,신병 캠프(08:00-17:00),205,1025,1030,17:05,17:10,T,True
driver_availability,driver,장현우,장현우,DRV_031,,,444,신병 캠프(08:00-17:00),206,1030,1035,17:10,17:15,T,True
driver_availability,driver,장현우,장현우,DRV_031,,,444,신병 캠프(08:00-17:00),207,1035,1040,17:15,17:20,T,True
driver_availability,driver,장현우,장현우,DRV_031,,,444,신병 캠프(08:00-17:00),208,1040,1045,17:20,17:25,T,True
driver_availability,driver,장현우,장현우,DRV_031,,,444,신병 캠프(08:00-17:00),209,1045,1050,17:25,17:30,T,True
driver_availability,driver,장현우,장현우,DRV_031,,,444,신병 캠프(08:00-17:00),210,1050,1055,17:30,17:35,T,True
driver_availability,driver,장현우,장현우,DRV_031,,,444,신병 캠프(08:00-17:00),211,1055,1060,17:35,17:40,T,True
driver_availability,driver,장현우,장현우,DRV_031,,,444,신병 캠프(08:00-17:00),212,1060,1065,17:40,17:45,T,True
driver_availability,driver,장현우,장현우,DRV_031,,,444,신병 캠프(08:00-17:00),213,1065,1070,17:45,17:50,T,True
driver_availability,driver,장현우,장현우,DRV_031,,,444,신병 캠프(08:00-17:00),214,1070,1075,17:50,17:55,T,True
driver_availability,driver,장현우,장현우,DRV_031,,,444,신병 캠프(08:00-17:00),215,1075,1080,17:55,18:00,T,True
driver_availability,driver,장현우,장현우,DRV_031,,,444,신병 캠프(08:00-17:00),216,1080,1085,18:00,18:05,T,True
driver_availability,driver,장현우,장현우,DRV_031,,,444,신병 캠프(08:00-17:00),217,1085,1090,18:05,18:10,T,True
driver_availability,driver,장현우,장현우,DRV_031,,,444,신병 캠프(08:00-17:00),218,1090,1095,18:10,18:15,T,True
driver_availability,driver,장현우,장현우,DRV_031,,,444,신병 캠프(08:00-17:00),219,1095,1100,18:15,18:20,T,True
driver_availability,driver,장현우,장현우,DRV_031,,,444,신병 캠프(08:00-17:00),220,1100,1105,18:20,18:25,T,True
driver_availability,driver,장현우,장현우,DRV_031,,,444,신병 캠프(08:00-17:00),221,1105,1110,18:25,18:30,T,True
driver_availability,driver,장현우,장현우,DRV_031,,,444,신병 캠프(08:00-17:00),222,1110,1115,18:30,18:35,T,True
driver_availability,driver,장현우,장현우,DRV_031,,,444,신병 캠프(08:00-17:00),223,1115,1120,18:35,18:40,T,True
driver_availability,driver,장현우,장현우,DRV_031,,,444,신병 캠프(08:00-17:00),224,1120,1125,18:40,18:45,T,True
driver_availability,driver,장현우,장현우,DRV_031,,,444,신병 캠프(08:00-17:00),225,1125,1130,18:45,18:50,T,True
driver_availability,driver,장현우,장현우,DRV_031,,,444,신병 캠프(08:00-17:00),226,1130,1135,18:50,18:55,T,True
driver_availability,driver,장현우,장현우,DRV_031,,,444,신병 캠프(08:00-17:00),227,1135,1140,18:55,19:00,T,True
driver_availability,driver,장현우,장현우,DRV_031,,,444,신병 캠프(08:00-17:00),228,1140,1145,19:00,19:05,T,True
driver_availability,driver,장현우,장현우,DRV_031,,,444,신병 캠프(08:00-17:00),229,1145,1150,19:05,19:10,T,True
driver_availability,driver,장현우,장현우,DRV_031,,,444,신병 캠프(08:00-17:00),230,1150,1155,19:10,19:15,T,True
driver_availability,driver,장현우,장현우,DRV_031,,,444,신병 캠프(08:00-17:00),231,1155,1160,19:15,19:20,T,True
driver_availability,driver,장현우,장현우,DRV_031,,,444,신병 캠프(08:00-17:00),232,1160,1165,19:20,19:25,T,True
driver_availability,driver,장현우,장현우,DRV_031,,,444,신병 캠프(08:00-17:00),233,1165,1170,19:25,19:30,T,True
driver_availability,driver,장현우,장현우,DRV_031,,,444,신병 캠프(08:00-17:00),234,1170,1175,19:30,19:35,T,True
driver_availability,driver,장현우,장현우,DRV_031,,,444,신병 캠프(08:00-17:00),235,1175,1180,19:35,19:40,T,True
driver_availability,driver,장현우,장현우,DRV_031,,,444,신병 캠프(08:00-17:00),236,1180,1185,19:40,19:45,T,True
driver_availability,driver,장현우,장현우,DRV_031,,,444,신병 캠프(08:00-17:00),237,1185,1190,19:45,19:50,T,True
driver_availability,driver,장현우,장현우,DRV_031,,,444,신병 캠프(08:00-17:00),238,1190,1195,19:50,19:55,T,True
driver_availability,driver,장현우,장현우,DRV_031,,,444,신병 캠프(08:00-17:00),239,1195,1200,19:55,20:00,T,True
driver_availability,driver,장현우,장현우,DRV_031,,,444,신병 캠프(08:00-17:00),240,1200,1205,20:00,20:05,T,True
driver_availability,driver,장현우,장현우,DRV_031,,,444,신병 캠프(08:00-17:00),241,1205,1210,20:05,20:10,T,True
driver_availability,driver,장현우,장현우,DRV_031,,,444,신병 캠프(08:00-17:00),242,1210,1215,20:10,20:15,T,True
driver_availability,driver,장현우,장현우,DRV_031,,,444,신병 캠프(08:00-17:00),243,1215,1220,20:15,20:20,T,True
driver_availability,driver,장현우,장현우,DRV_031,,,444,신병 캠프(08:00-17:00),244,1220,1225,20:20,20:25,T,True
driver_availability,driver,장현우,장현우,DRV_031,,,444,신병 캠프(08:00-17:00),245,1225,1230,20:25,20:30,T,True
driver_availability,driver,장현우,장현우,DRV_031,,,444,신병 캠프(08:00-17:00),246,1230,1235,20:30,20:35,T,True
driver_availability,driver,장현우,장현우,DRV_031,,,444,신병 캠프(08:00-17:00),247,1235,1240,20:35,20:40,T,True
driver_availability,driver,장현우,장현우,DRV_031,,,444,신병 캠프(08:00-17:00),248,1240,1245,20:40,20:45,T,True
driver_availability,driver,장현우,장현우,DRV_031,,,444,신병 캠프(08:00-17:00),249,1245,1250,20:45,20:50,T,True
driver_availability,driver,장현우,장현우,DRV_031,,,444,신병 캠프(08:00-17:00),250,1250,1255,20:50,20:55,T,True
driver_availability,driver,장현우,장현우,DRV_031,,,444,신병 캠프(08:00-17:00),251,1255,1260,20:55,21:00,T,True
driver_availability,driver,장현우,장현우,DRV_031,,,444,신병 캠프(08:00-17:00),252,1260,1265,21:00,21:05,T,True
driver_availability,driver,장현우,장현우,DRV_031,,,444,신병 캠프(08:00-17:00),253,1265,1270,21:05,21:10,T,True
driver_availability,driver,장현우,장현우,DRV_031,,,444,신병 캠프(08:00-17:00),254,1270,1275,21:10,21:15,T,True
driver_availability,driver,장현우,장현우,DRV_031,,,444,신병 캠프(08:00-17:00),255,1275,1280,21:15,21:20,T,True
driver_availability,driver,장현우,장현우,DRV_031,,,444,신병 캠프(08:00-17:00),256,1280,1285,21:20,21:25,T,True
driver_availability,driver,장현우,장현우,DRV_031,,,444,신병 캠프(08:00-17:00),257,1285,1290,21:25,21:30,T,True
driver_availability,driver,장현우,장현우,DRV_031,,,444,신병 캠프(08:00-17:00),258,1290,1295,21:30,21:35,T,True
driver_availability,driver,장현우,장현우,DRV_031,,,444,신병 캠프(08:00-17:00),259,1295,1300,21:35,21:40,T,True
driver_availability,driver,장현우,장현우,DRV_031,,,444,신병 캠프(08:00-17:00),260,1300,1305,21:40,21:45,T,True
driver_availability,driver,장현우,장현우,DRV_031,,,444,신병 캠프(08:00-17:00),261,1305,1310,21:45,21:50,T,True
driver_availability,driver,장현우,장현우,DRV_031,,,444,신병 캠프(08:00-17:00),262,1310,1315,21:50,21:55,T,True
driver_availability,driver,장현우,장현우,DRV_031,,,444,신병 캠프(08:00-17:00),263,1315,1320,21:55,22:00,T,True
driver_availability,driver,장현우,장현우,DRV_031,,,444,신병 캠프(08:00-17:00),264,1320,1325,22:00,22:05,T,True
driver_availability,driver,장현우,장현우,DRV_031,,,444,신병 캠프(08:00-17:00),265,1325,1330,22:05,22:10,T,True
driver_availability,driver,장현우,장현우,DRV_031,,,444,신병 캠프(08:00-17:00),266,1330,1335,22:10,22:15,T,True
driver_availability,driver,장현우,장현우,DRV_031,,,444,신병 캠프(08:00-17:00),267,1335,1340,22:15,22:20,T,True
driver_availability,driver,장현우,장현우,DRV_031,,,444,신병 캠프(08:00-17:00),268,1340,1345,22:20,22:25,T,True
driver_availability,driver,장현우,장현우,DRV_031,,,444,신병 캠프(08:00-17:00),269,1345,1350,22:25,22:30,T,True
driver_availability,driver,장현우,장현우,DRV_031,,,444,신병 캠프(08:00-17:00),270,1350,1355,22:30,22:35,T,True
driver_availability,driver,장현우,장현우,DRV_031,,,444,신병 캠프(08:00-17:00),271,1355,1360,22:35,22:40,T,True
driver_availability,driver,장현우,장현우,DRV_031,,,444,신병 캠프(08:00-17:00),272,1360,1365,22:40,22:45,T,True
driver_availability,driver,장현우,장현우,DRV_031,,,444,신병 캠프(08:00-17:00),273,1365,1370,22:45,22:50,T,True
driver_availability,driver,장현우,장현우,DRV_031,,,444,신병 캠프(08:00-17:00),274,1370,1375,22:50,22:55,T,True
driver_availability,driver,장현우,장현우,DRV_031,,,444,신병 캠프(08:00-17:00),275,1375,1380,22:55,23:00,T,True
driver_availability,driver,장현우,장현우,DRV_031,,,444,신병 캠프(08:00-17:00),276,1380,1385,23:00,23:05,T,True
driver_availability,driver,장현우,장현우,DRV_031,,,444,신병 캠프(08:00-17:00),277,1385,1390,23:05,23:10,T,True
driver_availability,driver,장현우,장현우,DRV_031,,,444,신병 캠프(08:00-17:00),278,1390,1395,23:10,23:15,T,True
driver_availability,driver,장현우,장현우,DRV_031,,,444,신병 캠프(08:00-17:00),279,1395,1400,23:15,23:20,T,True
driver_availability,driver,장현우,장현우,DRV_031,,,444,신병 캠프(08:00-17:00),280,1400,1405,23:20,23:25,T,True
driver_availability,driver,장현우,장현우,DRV_031,,,444,신병 캠프(08:00-17:00),281,1405,1410,23:25,23:30,T,True
driver_availability,driver,장현우,장현우,DRV_031,,,444,신병 캠프(08:00-17:00),282,1410,1415,23:30,23:35,T,True
driver_availability,driver,장현우,장현우,DRV_031,,,444,신병 캠프(08:00-17:00),283,1415,1420,23:35,23:40,T,True
driver_availability,driver,장현우,장현우,DRV_031,,,444,신병 캠프(08:00-17:00),284,1420,1425,23:40,23:45,T,True
driver_availability,driver,장현우,장현우,DRV_031,,,444,신병 캠프(08:00-17:00),285,1425,1430,23:45,23:50,T,True
driver_availability,driver,장현우,장현우,DRV_031,,,444,신병 캠프(08:00-17:00),286,1430,1435,23:50,23:55,T,True
driver_availability,driver,장현우,장현우,DRV_031,,,444,신병 캠프(08:00-17:00),287,1435,1440,23:55,24:00,T,True
driver_availability,driver,한하준,한하준,DRV_032,,,444,소형 영내 운전교육(08:00-11:30),0,0,5,00:00,00:05,T,True
driver_availability,driver,한하준,한하준,DRV_032,,,444,소형 영내 운전교육(08:00-11:30),1,5,10,00:05,00:10,T,True
driver_availability,driver,한하준,한하준,DRV_032,,,444,소형 영내 운전교육(08:00-11:30),2,10,15,00:10,00:15,T,True
driver_availability,driver,한하준,한하준,DRV_032,,,444,소형 영내 운전교육(08:00-11:30),3,15,20,00:15,00:20,T,True
driver_availability,driver,한하준,한하준,DRV_032,,,444,소형 영내 운전교육(08:00-11:30),4,20,25,00:20,00:25,T,True
driver_availability,driver,한하준,한하준,DRV_032,,,444,소형 영내 운전교육(08:00-11:30),5,25,30,00:25,00:30,T,True
driver_availability,driver,한하준,한하준,DRV_032,,,444,소형 영내 운전교육(08:00-11:30),6,30,35,00:30,00:35,T,True
driver_availability,driver,한하준,한하준,DRV_032,,,444,소형 영내 운전교육(08:00-11:30),7,35,40,00:35,00:40,T,True
driver_availability,driver,한하준,한하준,DRV_032,,,444,소형 영내 운전교육(08:00-11:30),8,40,45,00:40,00:45,T,True
driver_availability,driver,한하준,한하준,DRV_032,,,444,소형 영내 운전교육(08:00-11:30),9,45,50,00:45,00:50,T,True
driver_availability,driver,한하준,한하준,DRV_032,,,444,소형 영내 운전교육(08:00-11:30),10,50,55,00:50,00:55,T,True
driver_availability,driver,한하준,한하준,DRV_032,,,444,소형 영내 운전교육(08:00-11:30),11,55,60,00:55,01:00,T,True
driver_availability,driver,한하준,한하준,DRV_032,,,444,소형 영내 운전교육(08:00-11:30),12,60,65,01:00,01:05,T,True
driver_availability,driver,한하준,한하준,DRV_032,,,444,소형 영내 운전교육(08:00-11:30),13,65,70,01:05,01:10,T,True
driver_availability,driver,한하준,한하준,DRV_032,,,444,소형 영내 운전교육(08:00-11:30),14,70,75,01:10,01:15,T,True
driver_availability,driver,한하준,한하준,DRV_032,,,444,소형 영내 운전교육(08:00-11:30),15,75,80,01:15,01:20,T,True
driver_availability,driver,한하준,한하준,DRV_032,,,444,소형 영내 운전교육(08:00-11:30),16,80,85,01:20,01:25,T,True
driver_availability,driver,한하준,한하준,DRV_032,,,444,소형 영내 운전교육(08:00-11:30),17,85,90,01:25,01:30,T,True
driver_availability,driver,한하준,한하준,DRV_032,,,444,소형 영내 운전교육(08:00-11:30),18,90,95,01:30,01:35,T,True
driver_availability,driver,한하준,한하준,DRV_032,,,444,소형 영내 운전교육(08:00-11:30),19,95,100,01:35,01:40,T,True
driver_availability,driver,한하준,한하준,DRV_032,,,444,소형 영내 운전교육(08:00-11:30),20,100,105,01:40,01:45,T,True
driver_availability,driver,한하준,한하준,DRV_032,,,444,소형 영내 운전교육(08:00-11:30),21,105,110,01:45,01:50,T,True
driver_availability,driver,한하준,한하준,DRV_032,,,444,소형 영내 운전교육(08:00-11:30),22,110,115,01:50,01:55,T,True
driver_availability,driver,한하준,한하준,DRV_032,,,444,소형 영내 운전교육(08:00-11:30),23,115,120,01:55,02:00,T,True
driver_availability,driver,한하준,한하준,DRV_032,,,444,소형 영내 운전교육(08:00-11:30),24,120,125,02:00,02:05,T,True
driver_availability,driver,한하준,한하준,DRV_032,,,444,소형 영내 운전교육(08:00-11:30),25,125,130,02:05,02:10,T,True
driver_availability,driver,한하준,한하준,DRV_032,,,444,소형 영내 운전교육(08:00-11:30),26,130,135,02:10,02:15,T,True
driver_availability,driver,한하준,한하준,DRV_032,,,444,소형 영내 운전교육(08:00-11:30),27,135,140,02:15,02:20,T,True
driver_availability,driver,한하준,한하준,DRV_032,,,444,소형 영내 운전교육(08:00-11:30),28,140,145,02:20,02:25,T,True
driver_availability,driver,한하준,한하준,DRV_032,,,444,소형 영내 운전교육(08:00-11:30),29,145,150,02:25,02:30,T,True
driver_availability,driver,한하준,한하준,DRV_032,,,444,소형 영내 운전교육(08:00-11:30),30,150,155,02:30,02:35,T,True
driver_availability,driver,한하준,한하준,DRV_032,,,444,소형 영내 운전교육(08:00-11:30),31,155,160,02:35,02:40,T,True
driver_availability,driver,한하준,한하준,DRV_032,,,444,소형 영내 운전교육(08:00-11:30),32,160,165,02:40,02:45,T,True
driver_availability,driver,한하준,한하준,DRV_032,,,444,소형 영내 운전교육(08:00-11:30),33,165,170,02:45,02:50,T,True
driver_availability,driver,한하준,한하준,DRV_032,,,444,소형 영내 운전교육(08:00-11:30),34,170,175,02:50,02:55,T,True
driver_availability,driver,한하준,한하준,DRV_032,,,444,소형 영내 운전교육(08:00-11:30),35,175,180,02:55,03:00,T,True
driver_availability,driver,한하준,한하준,DRV_032,,,444,소형 영내 운전교육(08:00-11:30),36,180,185,03:00,03:05,T,True
driver_availability,driver,한하준,한하준,DRV_032,,,444,소형 영내 운전교육(08:00-11:30),37,185,190,03:05,03:10,T,True
driver_availability,driver,한하준,한하준,DRV_032,,,444,소형 영내 운전교육(08:00-11:30),38,190,195,03:10,03:15,T,True
driver_availability,driver,한하준,한하준,DRV_032,,,444,소형 영내 운전교육(08:00-11:30),39,195,200,03:15,03:20,T,True
driver_availability,driver,한하준,한하준,DRV_032,,,444,소형 영내 운전교육(08:00-11:30),40,200,205,03:20,03:25,T,True
driver_availability,driver,한하준,한하준,DRV_032,,,444,소형 영내 운전교육(08:00-11:30),41,205,210,03:25,03:30,T,True
driver_availability,driver,한하준,한하준,DRV_032,,,444,소형 영내 운전교육(08:00-11:30),42,210,215,03:30,03:35,T,True
driver_availability,driver,한하준,한하준,DRV_032,,,444,소형 영내 운전교육(08:00-11:30),43,215,220,03:35,03:40,T,True
driver_availability,driver,한하준,한하준,DRV_032,,,444,소형 영내 운전교육(08:00-11:30),44,220,225,03:40,03:45,T,True
driver_availability,driver,한하준,한하준,DRV_032,,,444,소형 영내 운전교육(08:00-11:30),45,225,230,03:45,03:50,T,True
driver_availability,driver,한하준,한하준,DRV_032,,,444,소형 영내 운전교육(08:00-11:30),46,230,235,03:50,03:55,T,True
driver_availability,driver,한하준,한하준,DRV_032,,,444,소형 영내 운전교육(08:00-11:30),47,235,240,03:55,04:00,T,True
driver_availability,driver,한하준,한하준,DRV_032,,,444,소형 영내 운전교육(08:00-11:30),48,240,245,04:00,04:05,T,True
driver_availability,driver,한하준,한하준,DRV_032,,,444,소형 영내 운전교육(08:00-11:30),49,245,250,04:05,04:10,T,True
driver_availability,driver,한하준,한하준,DRV_032,,,444,소형 영내 운전교육(08:00-11:30),50,250,255,04:10,04:15,T,True
driver_availability,driver,한하준,한하준,DRV_032,,,444,소형 영내 운전교육(08:00-11:30),51,255,260,04:15,04:20,T,True
driver_availability,driver,한하준,한하준,DRV_032,,,444,소형 영내 운전교육(08:00-11:30),52,260,265,04:20,04:25,T,True
driver_availability,driver,한하준,한하준,DRV_032,,,444,소형 영내 운전교육(08:00-11:30),53,265,270,04:25,04:30,T,True
driver_availability,driver,한하준,한하준,DRV_032,,,444,소형 영내 운전교육(08:00-11:30),54,270,275,04:30,04:35,T,True
driver_availability,driver,한하준,한하준,DRV_032,,,444,소형 영내 운전교육(08:00-11:30),55,275,280,04:35,04:40,T,True
driver_availability,driver,한하준,한하준,DRV_032,,,444,소형 영내 운전교육(08:00-11:30),56,280,285,04:40,04:45,T,True
driver_availability,driver,한하준,한하준,DRV_032,,,444,소형 영내 운전교육(08:00-11:30),57,285,290,04:45,04:50,T,True
driver_availability,driver,한하준,한하준,DRV_032,,,444,소형 영내 운전교육(08:00-11:30),58,290,295,04:50,04:55,T,True
driver_availability,driver,한하준,한하준,DRV_032,,,444,소형 영내 운전교육(08:00-11:30),59,295,300,04:55,05:00,T,True
driver_availability,driver,한하준,한하준,DRV_032,,,444,소형 영내 운전교육(08:00-11:30),60,300,305,05:00,05:05,T,True
driver_availability,driver,한하준,한하준,DRV_032,,,444,소형 영내 운전교육(08:00-11:30),61,305,310,05:05,05:10,T,True
driver_availability,driver,한하준,한하준,DRV_032,,,444,소형 영내 운전교육(08:00-11:30),62,310,315,05:10,05:15,T,True
driver_availability,driver,한하준,한하준,DRV_032,,,444,소형 영내 운전교육(08:00-11:30),63,315,320,05:15,05:20,T,True
driver_availability,driver,한하준,한하준,DRV_032,,,444,소형 영내 운전교육(08:00-11:30),64,320,325,05:20,05:25,T,True
driver_availability,driver,한하준,한하준,DRV_032,,,444,소형 영내 운전교육(08:00-11:30),65,325,330,05:25,05:30,T,True
driver_availability,driver,한하준,한하준,DRV_032,,,444,소형 영내 운전교육(08:00-11:30),66,330,335,05:30,05:35,T,True
driver_availability,driver,한하준,한하준,DRV_032,,,444,소형 영내 운전교육(08:00-11:30),67,335,340,05:35,05:40,T,True
driver_availability,driver,한하준,한하준,DRV_032,,,444,소형 영내 운전교육(08:00-11:30),68,340,345,05:40,05:45,T,True
driver_availability,driver,한하준,한하준,DRV_032,,,444,소형 영내 운전교육(08:00-11:30),69,345,350,05:45,05:50,T,True
driver_availability,driver,한하준,한하준,DRV_032,,,444,소형 영내 운전교육(08:00-11:30),70,350,355,05:50,05:55,T,True
driver_availability,driver,한하준,한하준,DRV_032,,,444,소형 영내 운전교육(08:00-11:30),71,355,360,05:55,06:00,T,True
driver_availability,driver,한하준,한하준,DRV_032,,,444,소형 영내 운전교육(08:00-11:30),72,360,365,06:00,06:05,T,True
driver_availability,driver,한하준,한하준,DRV_032,,,444,소형 영내 운전교육(08:00-11:30),73,365,370,06:05,06:10,T,True
driver_availability,driver,한하준,한하준,DRV_032,,,444,소형 영내 운전교육(08:00-11:30),74,370,375,06:10,06:15,T,True
driver_availability,driver,한하준,한하준,DRV_032,,,444,소형 영내 운전교육(08:00-11:30),75,375,380,06:15,06:20,T,True
driver_availability,driver,한하준,한하준,DRV_032,,,444,소형 영내 운전교육(08:00-11:30),76,380,385,06:20,06:25,T,True
driver_availability,driver,한하준,한하준,DRV_032,,,444,소형 영내 운전교육(08:00-11:30),77,385,390,06:25,06:30,T,True
driver_availability,driver,한하준,한하준,DRV_032,,,444,소형 영내 운전교육(08:00-11:30),78,390,395,06:30,06:35,T,True
driver_availability,driver,한하준,한하준,DRV_032,,,444,소형 영내 운전교육(08:00-11:30),79,395,400,06:35,06:40,T,True
driver_availability,driver,한하준,한하준,DRV_032,,,444,소형 영내 운전교육(08:00-11:30),80,400,405,06:40,06:45,T,True
driver_availability,driver,한하준,한하준,DRV_032,,,444,소형 영내 운전교육(08:00-11:30),81,405,410,06:45,06:50,T,True
driver_availability,driver,한하준,한하준,DRV_032,,,444,소형 영내 운전교육(08:00-11:30),82,410,415,06:50,06:55,T,True
driver_availability,driver,한하준,한하준,DRV_032,,,444,소형 영내 운전교육(08:00-11:30),83,415,420,06:55,07:00,T,True
driver_availability,driver,한하준,한하준,DRV_032,,,444,소형 영내 운전교육(08:00-11:30),84,420,425,07:00,07:05,T,True
driver_availability,driver,한하준,한하준,DRV_032,,,444,소형 영내 운전교육(08:00-11:30),85,425,430,07:05,07:10,T,True
driver_availability,driver,한하준,한하준,DRV_032,,,444,소형 영내 운전교육(08:00-11:30),86,430,435,07:10,07:15,T,True
driver_availability,driver,한하준,한하준,DRV_032,,,444,소형 영내 운전교육(08:00-11:30),87,435,440,07:15,07:20,T,True
driver_availability,driver,한하준,한하준,DRV_032,,,444,소형 영내 운전교육(08:00-11:30),88,440,445,07:20,07:25,T,True
driver_availability,driver,한하준,한하준,DRV_032,,,444,소형 영내 운전교육(08:00-11:30),89,445,450,07:25,07:30,T,True
driver_availability,driver,한하준,한하준,DRV_032,,,444,소형 영내 운전교육(08:00-11:30),90,450,455,07:30,07:35,T,True
driver_availability,driver,한하준,한하준,DRV_032,,,444,소형 영내 운전교육(08:00-11:30),91,455,460,07:35,07:40,T,True
driver_availability,driver,한하준,한하준,DRV_032,,,444,소형 영내 운전교육(08:00-11:30),92,460,465,07:40,07:45,T,True
driver_availability,driver,한하준,한하준,DRV_032,,,444,소형 영내 운전교육(08:00-11:30),93,465,470,07:45,07:50,T,True
driver_availability,driver,한하준,한하준,DRV_032,,,444,소형 영내 운전교육(08:00-11:30),94,470,475,07:50,07:55,T,True
driver_availability,driver,한하준,한하준,DRV_032,,,444,소형 영내 운전교육(08:00-11:30),95,475,480,07:55,08:00,T,True
driver_availability,driver,한하준,한하준,DRV_032,,,444,소형 영내 운전교육(08:00-11:30),96,480,485,08:00,08:05,F,False
driver_availability,driver,한하준,한하준,DRV_032,,,444,소형 영내 운전교육(08:00-11:30),97,485,490,08:05,08:10,F,False
driver_availability,driver,한하준,한하준,DRV_032,,,444,소형 영내 운전교육(08:00-11:30),98,490,495,08:10,08:15,F,False
driver_availability,driver,한하준,한하준,DRV_032,,,444,소형 영내 운전교육(08:00-11:30),99,495,500,08:15,08:20,F,False
driver_availability,driver,한하준,한하준,DRV_032,,,444,소형 영내 운전교육(08:00-11:30),100,500,505,08:20,08:25,F,False
driver_availability,driver,한하준,한하준,DRV_032,,,444,소형 영내 운전교육(08:00-11:30),101,505,510,08:25,08:30,F,False
driver_availability,driver,한하준,한하준,DRV_032,,,444,소형 영내 운전교육(08:00-11:30),102,510,515,08:30,08:35,F,False
driver_availability,driver,한하준,한하준,DRV_032,,,444,소형 영내 운전교육(08:00-11:30),103,515,520,08:35,08:40,F,False
driver_availability,driver,한하준,한하준,DRV_032,,,444,소형 영내 운전교육(08:00-11:30),104,520,525,08:40,08:45,F,False
driver_availability,driver,한하준,한하준,DRV_032,,,444,소형 영내 운전교육(08:00-11:30),105,525,530,08:45,08:50,F,False
driver_availability,driver,한하준,한하준,DRV_032,,,444,소형 영내 운전교육(08:00-11:30),106,530,535,08:50,08:55,F,False
driver_availability,driver,한하준,한하준,DRV_032,,,444,소형 영내 운전교육(08:00-11:30),107,535,540,08:55,09:00,F,False
driver_availability,driver,한하준,한하준,DRV_032,,,444,소형 영내 운전교육(08:00-11:30),108,540,545,09:00,09:05,F,False
driver_availability,driver,한하준,한하준,DRV_032,,,444,소형 영내 운전교육(08:00-11:30),109,545,550,09:05,09:10,F,False
driver_availability,driver,한하준,한하준,DRV_032,,,444,소형 영내 운전교육(08:00-11:30),110,550,555,09:10,09:15,F,False
driver_availability,driver,한하준,한하준,DRV_032,,,444,소형 영내 운전교육(08:00-11:30),111,555,560,09:15,09:20,F,False
driver_availability,driver,한하준,한하준,DRV_032,,,444,소형 영내 운전교육(08:00-11:30),112,560,565,09:20,09:25,F,False
driver_availability,driver,한하준,한하준,DRV_032,,,444,소형 영내 운전교육(08:00-11:30),113,565,570,09:25,09:30,F,False
driver_availability,driver,한하준,한하준,DRV_032,,,444,소형 영내 운전교육(08:00-11:30),114,570,575,09:30,09:35,F,False
driver_availability,driver,한하준,한하준,DRV_032,,,444,소형 영내 운전교육(08:00-11:30),115,575,580,09:35,09:40,F,False
driver_availability,driver,한하준,한하준,DRV_032,,,444,소형 영내 운전교육(08:00-11:30),116,580,585,09:40,09:45,F,False
driver_availability,driver,한하준,한하준,DRV_032,,,444,소형 영내 운전교육(08:00-11:30),117,585,590,09:45,09:50,F,False
driver_availability,driver,한하준,한하준,DRV_032,,,444,소형 영내 운전교육(08:00-11:30),118,590,595,09:50,09:55,F,False
driver_availability,driver,한하준,한하준,DRV_032,,,444,소형 영내 운전교육(08:00-11:30),119,595,600,09:55,10:00,F,False
driver_availability,driver,한하준,한하준,DRV_032,,,444,소형 영내 운전교육(08:00-11:30),120,600,605,10:00,10:05,F,False
driver_availability,driver,한하준,한하준,DRV_032,,,444,소형 영내 운전교육(08:00-11:30),121,605,610,10:05,10:10,F,False
driver_availability,driver,한하준,한하준,DRV_032,,,444,소형 영내 운전교육(08:00-11:30),122,610,615,10:10,10:15,F,False
driver_availability,driver,한하준,한하준,DRV_032,,,444,소형 영내 운전교육(08:00-11:30),123,615,620,10:15,10:20,F,False
driver_availability,driver,한하준,한하준,DRV_032,,,444,소형 영내 운전교육(08:00-11:30),124,620,625,10:20,10:25,F,False
driver_availability,driver,한하준,한하준,DRV_032,,,444,소형 영내 운전교육(08:00-11:30),125,625,630,10:25,10:30,F,False
driver_availability,driver,한하준,한하준,DRV_032,,,444,소형 영내 운전교육(08:00-11:30),126,630,635,10:30,10:35,F,False
driver_availability,driver,한하준,한하준,DRV_032,,,444,소형 영내 운전교육(08:00-11:30),127,635,640,10:35,10:40,F,False
driver_availability,driver,한하준,한하준,DRV_032,,,444,소형 영내 운전교육(08:00-11:30),128,640,645,10:40,10:45,F,False
driver_availability,driver,한하준,한하준,DRV_032,,,444,소형 영내 운전교육(08:00-11:30),129,645,650,10:45,10:50,F,False
driver_availability,driver,한하준,한하준,DRV_032,,,444,소형 영내 운전교육(08:00-11:30),130,650,655,10:50,10:55,F,False
driver_availability,driver,한하준,한하준,DRV_032,,,444,소형 영내 운전교육(08:00-11:30),131,655,660,10:55,11:00,F,False
driver_availability,driver,한하준,한하준,DRV_032,,,444,소형 영내 운전교육(08:00-11:30),132,660,665,11:00,11:05,F,False
driver_availability,driver,한하준,한하준,DRV_032,,,444,소형 영내 운전교육(08:00-11:30),133,665,670,11:05,11:10,F,False
driver_availability,driver,한하준,한하준,DRV_032,,,444,소형 영내 운전교육(08:00-11:30),134,670,675,11:10,11:15,F,False
driver_availability,driver,한하준,한하준,DRV_032,,,444,소형 영내 운전교육(08:00-11:30),135,675,680,11:15,11:20,F,False
driver_availability,driver,한하준,한하준,DRV_032,,,444,소형 영내 운전교육(08:00-11:30),136,680,685,11:20,11:25,F,False
driver_availability,driver,한하준,한하준,DRV_032,,,444,소형 영내 운전교육(08:00-11:30),137,685,690,11:25,11:30,F,False
driver_availability,driver,한하준,한하준,DRV_032,,,444,소형 영내 운전교육(08:00-11:30),138,690,695,11:30,11:35,F,False
driver_availability,driver,한하준,한하준,DRV_032,,,444,소형 영내 운전교육(08:00-11:30),139,695,700,11:35,11:40,F,False
driver_availability,driver,한하준,한하준,DRV_032,,,444,소형 영내 운전교육(08:00-11:30),140,700,705,11:40,11:45,F,False
driver_availability,driver,한하준,한하준,DRV_032,,,444,소형 영내 운전교육(08:00-11:30),141,705,710,11:45,11:50,F,False
driver_availability,driver,한하준,한하준,DRV_032,,,444,소형 영내 운전교육(08:00-11:30),142,710,715,11:50,11:55,F,False
driver_availability,driver,한하준,한하준,DRV_032,,,444,소형 영내 운전교육(08:00-11:30),143,715,720,11:55,12:00,F,False
driver_availability,driver,한하준,한하준,DRV_032,,,444,소형 영내 운전교육(08:00-11:30),144,720,725,12:00,12:05,F,False
driver_availability,driver,한하준,한하준,DRV_032,,,444,소형 영내 운전교육(08:00-11:30),145,725,730,12:05,12:10,F,False
driver_availability,driver,한하준,한하준,DRV_032,,,444,소형 영내 운전교육(08:00-11:30),146,730,735,12:10,12:15,F,False
driver_availability,driver,한하준,한하준,DRV_032,,,444,소형 영내 운전교육(08:00-11:30),147,735,740,12:15,12:20,F,False
driver_availability,driver,한하준,한하준,DRV_032,,,444,소형 영내 운전교육(08:00-11:30),148,740,745,12:20,12:25,F,False
driver_availability,driver,한하준,한하준,DRV_032,,,444,소형 영내 운전교육(08:00-11:30),149,745,750,12:25,12:30,F,False
driver_availability,driver,한하준,한하준,DRV_032,,,444,소형 영내 운전교육(08:00-11:30),150,750,755,12:30,12:35,F,False
driver_availability,driver,한하준,한하준,DRV_032,,,444,소형 영내 운전교육(08:00-11:30),151,755,760,12:35,12:40,F,False
driver_availability,driver,한하준,한하준,DRV_032,,,444,소형 영내 운전교육(08:00-11:30),152,760,765,12:40,12:45,F,False
driver_availability,driver,한하준,한하준,DRV_032,,,444,소형 영내 운전교육(08:00-11:30),153,765,770,12:45,12:50,F,False
driver_availability,driver,한하준,한하준,DRV_032,,,444,소형 영내 운전교육(08:00-11:30),154,770,775,12:50,12:55,F,False
driver_availability,driver,한하준,한하준,DRV_032,,,444,소형 영내 운전교육(08:00-11:30),155,775,780,12:55,13:00,F,False
driver_availability,driver,한하준,한하준,DRV_032,,,444,소형 영내 운전교육(08:00-11:30),156,780,785,13:00,13:05,F,False
driver_availability,driver,한하준,한하준,DRV_032,,,444,소형 영내 운전교육(08:00-11:30),157,785,790,13:05,13:10,F,False
driver_availability,driver,한하준,한하준,DRV_032,,,444,소형 영내 운전교육(08:00-11:30),158,790,795,13:10,13:15,F,False
driver_availability,driver,한하준,한하준,DRV_032,,,444,소형 영내 운전교육(08:00-11:30),159,795,800,13:15,13:20,F,False
driver_availability,driver,한하준,한하준,DRV_032,,,444,소형 영내 운전교육(08:00-11:30),160,800,805,13:20,13:25,F,False
driver_availability,driver,한하준,한하준,DRV_032,,,444,소형 영내 운전교육(08:00-11:30),161,805,810,13:25,13:30,F,False
driver_availability,driver,한하준,한하준,DRV_032,,,444,소형 영내 운전교육(08:00-11:30),162,810,815,13:30,13:35,F,False
driver_availability,driver,한하준,한하준,DRV_032,,,444,소형 영내 운전교육(08:00-11:30),163,815,820,13:35,13:40,F,False
driver_availability,driver,한하준,한하준,DRV_032,,,444,소형 영내 운전교육(08:00-11:30),164,820,825,13:40,13:45,F,False
driver_availability,driver,한하준,한하준,DRV_032,,,444,소형 영내 운전교육(08:00-11:30),165,825,830,13:45,13:50,F,False
driver_availability,driver,한하준,한하준,DRV_032,,,444,소형 영내 운전교육(08:00-11:30),166,830,835,13:50,13:55,F,False
driver_availability,driver,한하준,한하준,DRV_032,,,444,소형 영내 운전교육(08:00-11:30),167,835,840,13:55,14:00,F,False
driver_availability,driver,한하준,한하준,DRV_032,,,444,소형 영내 운전교육(08:00-11:30),168,840,845,14:00,14:05,F,False
driver_availability,driver,한하준,한하준,DRV_032,,,444,소형 영내 운전교육(08:00-11:30),169,845,850,14:05,14:10,F,False
driver_availability,driver,한하준,한하준,DRV_032,,,444,소형 영내 운전교육(08:00-11:30),170,850,855,14:10,14:15,F,False
driver_availability,driver,한하준,한하준,DRV_032,,,444,소형 영내 운전교육(08:00-11:30),171,855,860,14:15,14:20,F,False
driver_availability,driver,한하준,한하준,DRV_032,,,444,소형 영내 운전교육(08:00-11:30),172,860,865,14:20,14:25,F,False
driver_availability,driver,한하준,한하준,DRV_032,,,444,소형 영내 운전교육(08:00-11:30),173,865,870,14:25,14:30,F,False
driver_availability,driver,한하준,한하준,DRV_032,,,444,소형 영내 운전교육(08:00-11:30),174,870,875,14:30,14:35,F,False
driver_availability,driver,한하준,한하준,DRV_032,,,444,소형 영내 운전교육(08:00-11:30),175,875,880,14:35,14:40,F,False
driver_availability,driver,한하준,한하준,DRV_032,,,444,소형 영내 운전교육(08:00-11:30),176,880,885,14:40,14:45,F,False
driver_availability,driver,한하준,한하준,DRV_032,,,444,소형 영내 운전교육(08:00-11:30),177,885,890,14:45,14:50,F,False
driver_availability,driver,한하준,한하준,DRV_032,,,444,소형 영내 운전교육(08:00-11:30),178,890,895,14:50,14:55,F,False
driver_availability,driver,한하준,한하준,DRV_032,,,444,소형 영내 운전교육(08:00-11:30),179,895,900,14:55,15:00,F,False
driver_availability,driver,한하준,한하준,DRV_032,,,444,소형 영내 운전교육(08:00-11:30),180,900,905,15:00,15:05,F,False
driver_availability,driver,한하준,한하준,DRV_032,,,444,소형 영내 운전교육(08:00-11:30),181,905,910,15:05,15:10,F,False
driver_availability,driver,한하준,한하준,DRV_032,,,444,소형 영내 운전교육(08:00-11:30),182,910,915,15:10,15:15,F,False
driver_availability,driver,한하준,한하준,DRV_032,,,444,소형 영내 운전교육(08:00-11:30),183,915,920,15:15,15:20,F,False
driver_availability,driver,한하준,한하준,DRV_032,,,444,소형 영내 운전교육(08:00-11:30),184,920,925,15:20,15:25,F,False
driver_availability,driver,한하준,한하준,DRV_032,,,444,소형 영내 운전교육(08:00-11:30),185,925,930,15:25,15:30,F,False
driver_availability,driver,한하준,한하준,DRV_032,,,444,소형 영내 운전교육(08:00-11:30),186,930,935,15:30,15:35,F,False
driver_availability,driver,한하준,한하준,DRV_032,,,444,소형 영내 운전교육(08:00-11:30),187,935,940,15:35,15:40,F,False
driver_availability,driver,한하준,한하준,DRV_032,,,444,소형 영내 운전교육(08:00-11:30),188,940,945,15:40,15:45,F,False
driver_availability,driver,한하준,한하준,DRV_032,,,444,소형 영내 운전교육(08:00-11:30),189,945,950,15:45,15:50,F,False
driver_availability,driver,한하준,한하준,DRV_032,,,444,소형 영내 운전교육(08:00-11:30),190,950,955,15:50,15:55,F,False
driver_availability,driver,한하준,한하준,DRV_032,,,444,소형 영내 운전교육(08:00-11:30),191,955,960,15:55,16:00,F,False
driver_availability,driver,한하준,한하준,DRV_032,,,444,소형 영내 운전교육(08:00-11:30),192,960,965,16:00,16:05,F,False
driver_availability,driver,한하준,한하준,DRV_032,,,444,소형 영내 운전교육(08:00-11:30),193,965,970,16:05,16:10,F,False
driver_availability,driver,한하준,한하준,DRV_032,,,444,소형 영내 운전교육(08:00-11:30),194,970,975,16:10,16:15,F,False
driver_availability,driver,한하준,한하준,DRV_032,,,444,소형 영내 운전교육(08:00-11:30),195,975,980,16:15,16:20,F,False
driver_availability,driver,한하준,한하준,DRV_032,,,444,소형 영내 운전교육(08:00-11:30),196,980,985,16:20,16:25,F,False
driver_availability,driver,한하준,한하준,DRV_032,,,444,소형 영내 운전교육(08:00-11:30),197,985,990,16:25,16:30,F,False
driver_availability,driver,한하준,한하준,DRV_032,,,444,소형 영내 운전교육(08:00-11:30),198,990,995,16:30,16:35,F,False
driver_availability,driver,한하준,한하준,DRV_032,,,444,소형 영내 운전교육(08:00-11:30),199,995,1000,16:35,16:40,F,False
driver_availability,driver,한하준,한하준,DRV_032,,,444,소형 영내 운전교육(08:00-11:30),200,1000,1005,16:40,16:45,F,False
driver_availability,driver,한하준,한하준,DRV_032,,,444,소형 영내 운전교육(08:00-11:30),201,1005,1010,16:45,16:50,F,False
driver_availability,driver,한하준,한하준,DRV_032,,,444,소형 영내 운전교육(08:00-11:30),202,1010,1015,16:50,16:55,F,False
driver_availability,driver,한하준,한하준,DRV_032,,,444,소형 영내 운전교육(08:00-11:30),203,1015,1020,16:55,17:00,F,False
driver_availability,driver,한하준,한하준,DRV_032,,,444,소형 영내 운전교육(08:00-11:30),204,1020,1025,17:00,17:05,T,True
driver_availability,driver,한하준,한하준,DRV_032,,,444,소형 영내 운전교육(08:00-11:30),205,1025,1030,17:05,17:10,T,True
driver_availability,driver,한하준,한하준,DRV_032,,,444,소형 영내 운전교육(08:00-11:30),206,1030,1035,17:10,17:15,T,True
driver_availability,driver,한하준,한하준,DRV_032,,,444,소형 영내 운전교육(08:00-11:30),207,1035,1040,17:15,17:20,T,True
driver_availability,driver,한하준,한하준,DRV_032,,,444,소형 영내 운전교육(08:00-11:30),208,1040,1045,17:20,17:25,T,True
driver_availability,driver,한하준,한하준,DRV_032,,,444,소형 영내 운전교육(08:00-11:30),209,1045,1050,17:25,17:30,T,True
driver_availability,driver,한하준,한하준,DRV_032,,,444,소형 영내 운전교육(08:00-11:30),210,1050,1055,17:30,17:35,T,True
driver_availability,driver,한하준,한하준,DRV_032,,,444,소형 영내 운전교육(08:00-11:30),211,1055,1060,17:35,17:40,T,True
driver_availability,driver,한하준,한하준,DRV_032,,,444,소형 영내 운전교육(08:00-11:30),212,1060,1065,17:40,17:45,T,True
driver_availability,driver,한하준,한하준,DRV_032,,,444,소형 영내 운전교육(08:00-11:30),213,1065,1070,17:45,17:50,T,True
driver_availability,driver,한하준,한하준,DRV_032,,,444,소형 영내 운전교육(08:00-11:30),214,1070,1075,17:50,17:55,T,True
driver_availability,driver,한하준,한하준,DRV_032,,,444,소형 영내 운전교육(08:00-11:30),215,1075,1080,17:55,18:00,T,True
driver_availability,driver,한하준,한하준,DRV_032,,,444,소형 영내 운전교육(08:00-11:30),216,1080,1085,18:00,18:05,T,True
driver_availability,driver,한하준,한하준,DRV_032,,,444,소형 영내 운전교육(08:00-11:30),217,1085,1090,18:05,18:10,T,True
driver_availability,driver,한하준,한하준,DRV_032,,,444,소형 영내 운전교육(08:00-11:30),218,1090,1095,18:10,18:15,T,True
driver_availability,driver,한하준,한하준,DRV_032,,,444,소형 영내 운전교육(08:00-11:30),219,1095,1100,18:15,18:20,T,True
driver_availability,driver,한하준,한하준,DRV_032,,,444,소형 영내 운전교육(08:00-11:30),220,1100,1105,18:20,18:25,T,True
driver_availability,driver,한하준,한하준,DRV_032,,,444,소형 영내 운전교육(08:00-11:30),221,1105,1110,18:25,18:30,T,True
driver_availability,driver,한하준,한하준,DRV_032,,,444,소형 영내 운전교육(08:00-11:30),222,1110,1115,18:30,18:35,T,True
driver_availability,driver,한하준,한하준,DRV_032,,,444,소형 영내 운전교육(08:00-11:30),223,1115,1120,18:35,18:40,T,True
driver_availability,driver,한하준,한하준,DRV_032,,,444,소형 영내 운전교육(08:00-11:30),224,1120,1125,18:40,18:45,T,True
driver_availability,driver,한하준,한하준,DRV_032,,,444,소형 영내 운전교육(08:00-11:30),225,1125,1130,18:45,18:50,T,True
driver_availability,driver,한하준,한하준,DRV_032,,,444,소형 영내 운전교육(08:00-11:30),226,1130,1135,18:50,18:55,T,True
driver_availability,driver,한하준,한하준,DRV_032,,,444,소형 영내 운전교육(08:00-11:30),227,1135,1140,18:55,19:00,T,True
driver_availability,driver,한하준,한하준,DRV_032,,,444,소형 영내 운전교육(08:00-11:30),228,1140,1145,19:00,19:05,T,True
driver_availability,driver,한하준,한하준,DRV_032,,,444,소형 영내 운전교육(08:00-11:30),229,1145,1150,19:05,19:10,T,True
driver_availability,driver,한하준,한하준,DRV_032,,,444,소형 영내 운전교육(08:00-11:30),230,1150,1155,19:10,19:15,T,True
driver_availability,driver,한하준,한하준,DRV_032,,,444,소형 영내 운전교육(08:00-11:30),231,1155,1160,19:15,19:20,T,True
driver_availability,driver,한하준,한하준,DRV_032,,,444,소형 영내 운전교육(08:00-11:30),232,1160,1165,19:20,19:25,T,True
driver_availability,driver,한하준,한하준,DRV_032,,,444,소형 영내 운전교육(08:00-11:30),233,1165,1170,19:25,19:30,T,True
driver_availability,driver,한하준,한하준,DRV_032,,,444,소형 영내 운전교육(08:00-11:30),234,1170,1175,19:30,19:35,T,True
driver_availability,driver,한하준,한하준,DRV_032,,,444,소형 영내 운전교육(08:00-11:30),235,1175,1180,19:35,19:40,T,True
driver_availability,driver,한하준,한하준,DRV_032,,,444,소형 영내 운전교육(08:00-11:30),236,1180,1185,19:40,19:45,T,True
driver_availability,driver,한하준,한하준,DRV_032,,,444,소형 영내 운전교육(08:00-11:30),237,1185,1190,19:45,19:50,T,True
driver_availability,driver,한하준,한하준,DRV_032,,,444,소형 영내 운전교육(08:00-11:30),238,1190,1195,19:50,19:55,T,True
driver_availability,driver,한하준,한하준,DRV_032,,,444,소형 영내 운전교육(08:00-11:30),239,1195,1200,19:55,20:00,T,True
driver_availability,driver,한하준,한하준,DRV_032,,,444,소형 영내 운전교육(08:00-11:30),240,1200,1205,20:00,20:05,T,True
driver_availability,driver,한하준,한하준,DRV_032,,,444,소형 영내 운전교육(08:00-11:30),241,1205,1210,20:05,20:10,T,True
driver_availability,driver,한하준,한하준,DRV_032,,,444,소형 영내 운전교육(08:00-11:30),242,1210,1215,20:10,20:15,T,True
driver_availability,driver,한하준,한하준,DRV_032,,,444,소형 영내 운전교육(08:00-11:30),243,1215,1220,20:15,20:20,T,True
driver_availability,driver,한하준,한하준,DRV_032,,,444,소형 영내 운전교육(08:00-11:30),244,1220,1225,20:20,20:25,T,True
driver_availability,driver,한하준,한하준,DRV_032,,,444,소형 영내 운전교육(08:00-11:30),245,1225,1230,20:25,20:30,T,True
driver_availability,driver,한하준,한하준,DRV_032,,,444,소형 영내 운전교육(08:00-11:30),246,1230,1235,20:30,20:35,T,True
driver_availability,driver,한하준,한하준,DRV_032,,,444,소형 영내 운전교육(08:00-11:30),247,1235,1240,20:35,20:40,T,True
driver_availability,driver,한하준,한하준,DRV_032,,,444,소형 영내 운전교육(08:00-11:30),248,1240,1245,20:40,20:45,T,True
driver_availability,driver,한하준,한하준,DRV_032,,,444,소형 영내 운전교육(08:00-11:30),249,1245,1250,20:45,20:50,T,True
driver_availability,driver,한하준,한하준,DRV_032,,,444,소형 영내 운전교육(08:00-11:30),250,1250,1255,20:50,20:55,T,True
driver_availability,driver,한하준,한하준,DRV_032,,,444,소형 영내 운전교육(08:00-11:30),251,1255,1260,20:55,21:00,T,True
driver_availability,driver,한하준,한하준,DRV_032,,,444,소형 영내 운전교육(08:00-11:30),252,1260,1265,21:00,21:05,T,True
driver_availability,driver,한하준,한하준,DRV_032,,,444,소형 영내 운전교육(08:00-11:30),253,1265,1270,21:05,21:10,T,True
driver_availability,driver,한하준,한하준,DRV_032,,,444,소형 영내 운전교육(08:00-11:30),254,1270,1275,21:10,21:15,T,True
driver_availability,driver,한하준,한하준,DRV_032,,,444,소형 영내 운전교육(08:00-11:30),255,1275,1280,21:15,21:20,T,True
driver_availability,driver,한하준,한하준,DRV_032,,,444,소형 영내 운전교육(08:00-11:30),256,1280,1285,21:20,21:25,T,True
driver_availability,driver,한하준,한하준,DRV_032,,,444,소형 영내 운전교육(08:00-11:30),257,1285,1290,21:25,21:30,T,True
driver_availability,driver,한하준,한하준,DRV_032,,,444,소형 영내 운전교육(08:00-11:30),258,1290,1295,21:30,21:35,T,True
driver_availability,driver,한하준,한하준,DRV_032,,,444,소형 영내 운전교육(08:00-11:30),259,1295,1300,21:35,21:40,T,True
driver_availability,driver,한하준,한하준,DRV_032,,,444,소형 영내 운전교육(08:00-11:30),260,1300,1305,21:40,21:45,T,True
driver_availability,driver,한하준,한하준,DRV_032,,,444,소형 영내 운전교육(08:00-11:30),261,1305,1310,21:45,21:50,T,True
driver_availability,driver,한하준,한하준,DRV_032,,,444,소형 영내 운전교육(08:00-11:30),262,1310,1315,21:50,21:55,T,True
driver_availability,driver,한하준,한하준,DRV_032,,,444,소형 영내 운전교육(08:00-11:30),263,1315,1320,21:55,22:00,T,True
driver_availability,driver,한하준,한하준,DRV_032,,,444,소형 영내 운전교육(08:00-11:30),264,1320,1325,22:00,22:05,T,True
driver_availability,driver,한하준,한하준,DRV_032,,,444,소형 영내 운전교육(08:00-11:30),265,1325,1330,22:05,22:10,T,True
driver_availability,driver,한하준,한하준,DRV_032,,,444,소형 영내 운전교육(08:00-11:30),266,1330,1335,22:10,22:15,T,True
driver_availability,driver,한하준,한하준,DRV_032,,,444,소형 영내 운전교육(08:00-11:30),267,1335,1340,22:15,22:20,T,True
driver_availability,driver,한하준,한하준,DRV_032,,,444,소형 영내 운전교육(08:00-11:30),268,1340,1345,22:20,22:25,T,True
driver_availability,driver,한하준,한하준,DRV_032,,,444,소형 영내 운전교육(08:00-11:30),269,1345,1350,22:25,22:30,T,True
driver_availability,driver,한하준,한하준,DRV_032,,,444,소형 영내 운전교육(08:00-11:30),270,1350,1355,22:30,22:35,T,True
driver_availability,driver,한하준,한하준,DRV_032,,,444,소형 영내 운전교육(08:00-11:30),271,1355,1360,22:35,22:40,T,True
driver_availability,driver,한하준,한하준,DRV_032,,,444,소형 영내 운전교육(08:00-11:30),272,1360,1365,22:40,22:45,T,True
driver_availability,driver,한하준,한하준,DRV_032,,,444,소형 영내 운전교육(08:00-11:30),273,1365,1370,22:45,22:50,T,True
driver_availability,driver,한하준,한하준,DRV_032,,,444,소형 영내 운전교육(08:00-11:30),274,1370,1375,22:50,22:55,T,True
driver_availability,driver,한하준,한하준,DRV_032,,,444,소형 영내 운전교육(08:00-11:30),275,1375,1380,22:55,23:00,T,True
driver_availability,driver,한하준,한하준,DRV_032,,,444,소형 영내 운전교육(08:00-11:30),276,1380,1385,23:00,23:05,T,True
driver_availability,driver,한하준,한하준,DRV_032,,,444,소형 영내 운전교육(08:00-11:30),277,1385,1390,23:05,23:10,T,True
driver_availability,driver,한하준,한하준,DRV_032,,,444,소형 영내 운전교육(08:00-11:30),278,1390,1395,23:10,23:15,T,True
driver_availability,driver,한하준,한하준,DRV_032,,,444,소형 영내 운전교육(08:00-11:30),279,1395,1400,23:15,23:20,T,True
driver_availability,driver,한하준,한하준,DRV_032,,,444,소형 영내 운전교육(08:00-11:30),280,1400,1405,23:20,23:25,T,True
driver_availability,driver,한하준,한하준,DRV_032,,,444,소형 영내 운전교육(08:00-11:30),281,1405,1410,23:25,23:30,T,True
driver_availability,driver,한하준,한하준,DRV_032,,,444,소형 영내 운전교육(08:00-11:30),282,1410,1415,23:30,23:35,T,True
driver_availability,driver,한하준,한하준,DRV_032,,,444,소형 영내 운전교육(08:00-11:30),283,1415,1420,23:35,23:40,T,True
driver_availability,driver,한하준,한하준,DRV_032,,,444,소형 영내 운전교육(08:00-11:30),284,1420,1425,23:40,23:45,T,True
driver_availability,driver,한하준,한하준,DRV_032,,,444,소형 영내 운전교육(08:00-11:30),285,1425,1430,23:45,23:50,T,True
driver_availability,driver,한하준,한하준,DRV_032,,,444,소형 영내 운전교육(08:00-11:30),286,1430,1435,23:50,23:55,T,True
driver_availability,driver,한하준,한하준,DRV_032,,,444,소형 영내 운전교육(08:00-11:30),287,1435,1440,23:55,24:00,T,True
driver_availability,driver,황찬유,황찬유,DRV_033,,,444,신병 캠프(08:00-17:00),0,0,5,00:00,00:05,T,True
driver_availability,driver,황찬유,황찬유,DRV_033,,,444,신병 캠프(08:00-17:00),1,5,10,00:05,00:10,T,True
driver_availability,driver,황찬유,황찬유,DRV_033,,,444,신병 캠프(08:00-17:00),2,10,15,00:10,00:15,T,True
driver_availability,driver,황찬유,황찬유,DRV_033,,,444,신병 캠프(08:00-17:00),3,15,20,00:15,00:20,T,True
driver_availability,driver,황찬유,황찬유,DRV_033,,,444,신병 캠프(08:00-17:00),4,20,25,00:20,00:25,T,True
driver_availability,driver,황찬유,황찬유,DRV_033,,,444,신병 캠프(08:00-17:00),5,25,30,00:25,00:30,T,True
driver_availability,driver,황찬유,황찬유,DRV_033,,,444,신병 캠프(08:00-17:00),6,30,35,00:30,00:35,T,True
driver_availability,driver,황찬유,황찬유,DRV_033,,,444,신병 캠프(08:00-17:00),7,35,40,00:35,00:40,T,True
driver_availability,driver,황찬유,황찬유,DRV_033,,,444,신병 캠프(08:00-17:00),8,40,45,00:40,00:45,T,True
driver_availability,driver,황찬유,황찬유,DRV_033,,,444,신병 캠프(08:00-17:00),9,45,50,00:45,00:50,T,True
driver_availability,driver,황찬유,황찬유,DRV_033,,,444,신병 캠프(08:00-17:00),10,50,55,00:50,00:55,T,True
driver_availability,driver,황찬유,황찬유,DRV_033,,,444,신병 캠프(08:00-17:00),11,55,60,00:55,01:00,T,True
driver_availability,driver,황찬유,황찬유,DRV_033,,,444,신병 캠프(08:00-17:00),12,60,65,01:00,01:05,T,True
driver_availability,driver,황찬유,황찬유,DRV_033,,,444,신병 캠프(08:00-17:00),13,65,70,01:05,01:10,T,True
driver_availability,driver,황찬유,황찬유,DRV_033,,,444,신병 캠프(08:00-17:00),14,70,75,01:10,01:15,T,True
driver_availability,driver,황찬유,황찬유,DRV_033,,,444,신병 캠프(08:00-17:00),15,75,80,01:15,01:20,T,True
driver_availability,driver,황찬유,황찬유,DRV_033,,,444,신병 캠프(08:00-17:00),16,80,85,01:20,01:25,T,True
driver_availability,driver,황찬유,황찬유,DRV_033,,,444,신병 캠프(08:00-17:00),17,85,90,01:25,01:30,T,True
driver_availability,driver,황찬유,황찬유,DRV_033,,,444,신병 캠프(08:00-17:00),18,90,95,01:30,01:35,T,True
driver_availability,driver,황찬유,황찬유,DRV_033,,,444,신병 캠프(08:00-17:00),19,95,100,01:35,01:40,T,True
driver_availability,driver,황찬유,황찬유,DRV_033,,,444,신병 캠프(08:00-17:00),20,100,105,01:40,01:45,T,True
driver_availability,driver,황찬유,황찬유,DRV_033,,,444,신병 캠프(08:00-17:00),21,105,110,01:45,01:50,T,True
driver_availability,driver,황찬유,황찬유,DRV_033,,,444,신병 캠프(08:00-17:00),22,110,115,01:50,01:55,T,True
driver_availability,driver,황찬유,황찬유,DRV_033,,,444,신병 캠프(08:00-17:00),23,115,120,01:55,02:00,T,True
driver_availability,driver,황찬유,황찬유,DRV_033,,,444,신병 캠프(08:00-17:00),24,120,125,02:00,02:05,T,True
driver_availability,driver,황찬유,황찬유,DRV_033,,,444,신병 캠프(08:00-17:00),25,125,130,02:05,02:10,T,True
driver_availability,driver,황찬유,황찬유,DRV_033,,,444,신병 캠프(08:00-17:00),26,130,135,02:10,02:15,T,True
driver_availability,driver,황찬유,황찬유,DRV_033,,,444,신병 캠프(08:00-17:00),27,135,140,02:15,02:20,T,True
driver_availability,driver,황찬유,황찬유,DRV_033,,,444,신병 캠프(08:00-17:00),28,140,145,02:20,02:25,T,True
driver_availability,driver,황찬유,황찬유,DRV_033,,,444,신병 캠프(08:00-17:00),29,145,150,02:25,02:30,T,True
driver_availability,driver,황찬유,황찬유,DRV_033,,,444,신병 캠프(08:00-17:00),30,150,155,02:30,02:35,T,True
driver_availability,driver,황찬유,황찬유,DRV_033,,,444,신병 캠프(08:00-17:00),31,155,160,02:35,02:40,T,True
driver_availability,driver,황찬유,황찬유,DRV_033,,,444,신병 캠프(08:00-17:00),32,160,165,02:40,02:45,T,True
driver_availability,driver,황찬유,황찬유,DRV_033,,,444,신병 캠프(08:00-17:00),33,165,170,02:45,02:50,T,True
driver_availability,driver,황찬유,황찬유,DRV_033,,,444,신병 캠프(08:00-17:00),34,170,175,02:50,02:55,T,True
driver_availability,driver,황찬유,황찬유,DRV_033,,,444,신병 캠프(08:00-17:00),35,175,180,02:55,03:00,T,True
driver_availability,driver,황찬유,황찬유,DRV_033,,,444,신병 캠프(08:00-17:00),36,180,185,03:00,03:05,T,True
driver_availability,driver,황찬유,황찬유,DRV_033,,,444,신병 캠프(08:00-17:00),37,185,190,03:05,03:10,T,True
driver_availability,driver,황찬유,황찬유,DRV_033,,,444,신병 캠프(08:00-17:00),38,190,195,03:10,03:15,T,True
driver_availability,driver,황찬유,황찬유,DRV_033,,,444,신병 캠프(08:00-17:00),39,195,200,03:15,03:20,T,True
driver_availability,driver,황찬유,황찬유,DRV_033,,,444,신병 캠프(08:00-17:00),40,200,205,03:20,03:25,T,True
driver_availability,driver,황찬유,황찬유,DRV_033,,,444,신병 캠프(08:00-17:00),41,205,210,03:25,03:30,T,True
driver_availability,driver,황찬유,황찬유,DRV_033,,,444,신병 캠프(08:00-17:00),42,210,215,03:30,03:35,T,True
driver_availability,driver,황찬유,황찬유,DRV_033,,,444,신병 캠프(08:00-17:00),43,215,220,03:35,03:40,T,True
driver_availability,driver,황찬유,황찬유,DRV_033,,,444,신병 캠프(08:00-17:00),44,220,225,03:40,03:45,T,True
driver_availability,driver,황찬유,황찬유,DRV_033,,,444,신병 캠프(08:00-17:00),45,225,230,03:45,03:50,T,True
driver_availability,driver,황찬유,황찬유,DRV_033,,,444,신병 캠프(08:00-17:00),46,230,235,03:50,03:55,T,True
driver_availability,driver,황찬유,황찬유,DRV_033,,,444,신병 캠프(08:00-17:00),47,235,240,03:55,04:00,T,True
driver_availability,driver,황찬유,황찬유,DRV_033,,,444,신병 캠프(08:00-17:00),48,240,245,04:00,04:05,T,True
driver_availability,driver,황찬유,황찬유,DRV_033,,,444,신병 캠프(08:00-17:00),49,245,250,04:05,04:10,T,True
driver_availability,driver,황찬유,황찬유,DRV_033,,,444,신병 캠프(08:00-17:00),50,250,255,04:10,04:15,T,True
driver_availability,driver,황찬유,황찬유,DRV_033,,,444,신병 캠프(08:00-17:00),51,255,260,04:15,04:20,T,True
driver_availability,driver,황찬유,황찬유,DRV_033,,,444,신병 캠프(08:00-17:00),52,260,265,04:20,04:25,T,True
driver_availability,driver,황찬유,황찬유,DRV_033,,,444,신병 캠프(08:00-17:00),53,265,270,04:25,04:30,T,True
driver_availability,driver,황찬유,황찬유,DRV_033,,,444,신병 캠프(08:00-17:00),54,270,275,04:30,04:35,T,True
driver_availability,driver,황찬유,황찬유,DRV_033,,,444,신병 캠프(08:00-17:00),55,275,280,04:35,04:40,T,True
driver_availability,driver,황찬유,황찬유,DRV_033,,,444,신병 캠프(08:00-17:00),56,280,285,04:40,04:45,T,True
driver_availability,driver,황찬유,황찬유,DRV_033,,,444,신병 캠프(08:00-17:00),57,285,290,04:45,04:50,T,True
driver_availability,driver,황찬유,황찬유,DRV_033,,,444,신병 캠프(08:00-17:00),58,290,295,04:50,04:55,T,True
driver_availability,driver,황찬유,황찬유,DRV_033,,,444,신병 캠프(08:00-17:00),59,295,300,04:55,05:00,T,True
driver_availability,driver,황찬유,황찬유,DRV_033,,,444,신병 캠프(08:00-17:00),60,300,305,05:00,05:05,T,True
driver_availability,driver,황찬유,황찬유,DRV_033,,,444,신병 캠프(08:00-17:00),61,305,310,05:05,05:10,T,True
driver_availability,driver,황찬유,황찬유,DRV_033,,,444,신병 캠프(08:00-17:00),62,310,315,05:10,05:15,T,True
driver_availability,driver,황찬유,황찬유,DRV_033,,,444,신병 캠프(08:00-17:00),63,315,320,05:15,05:20,T,True
driver_availability,driver,황찬유,황찬유,DRV_033,,,444,신병 캠프(08:00-17:00),64,320,325,05:20,05:25,T,True
driver_availability,driver,황찬유,황찬유,DRV_033,,,444,신병 캠프(08:00-17:00),65,325,330,05:25,05:30,T,True
driver_availability,driver,황찬유,황찬유,DRV_033,,,444,신병 캠프(08:00-17:00),66,330,335,05:30,05:35,T,True
driver_availability,driver,황찬유,황찬유,DRV_033,,,444,신병 캠프(08:00-17:00),67,335,340,05:35,05:40,T,True
driver_availability,driver,황찬유,황찬유,DRV_033,,,444,신병 캠프(08:00-17:00),68,340,345,05:40,05:45,T,True
driver_availability,driver,황찬유,황찬유,DRV_033,,,444,신병 캠프(08:00-17:00),69,345,350,05:45,05:50,T,True
driver_availability,driver,황찬유,황찬유,DRV_033,,,444,신병 캠프(08:00-17:00),70,350,355,05:50,05:55,T,True
driver_availability,driver,황찬유,황찬유,DRV_033,,,444,신병 캠프(08:00-17:00),71,355,360,05:55,06:00,T,True
driver_availability,driver,황찬유,황찬유,DRV_033,,,444,신병 캠프(08:00-17:00),72,360,365,06:00,06:05,T,True
driver_availability,driver,황찬유,황찬유,DRV_033,,,444,신병 캠프(08:00-17:00),73,365,370,06:05,06:10,T,True
driver_availability,driver,황찬유,황찬유,DRV_033,,,444,신병 캠프(08:00-17:00),74,370,375,06:10,06:15,T,True
driver_availability,driver,황찬유,황찬유,DRV_033,,,444,신병 캠프(08:00-17:00),75,375,380,06:15,06:20,T,True
driver_availability,driver,황찬유,황찬유,DRV_033,,,444,신병 캠프(08:00-17:00),76,380,385,06:20,06:25,T,True
driver_availability,driver,황찬유,황찬유,DRV_033,,,444,신병 캠프(08:00-17:00),77,385,390,06:25,06:30,T,True
driver_availability,driver,황찬유,황찬유,DRV_033,,,444,신병 캠프(08:00-17:00),78,390,395,06:30,06:35,T,True
driver_availability,driver,황찬유,황찬유,DRV_033,,,444,신병 캠프(08:00-17:00),79,395,400,06:35,06:40,T,True
driver_availability,driver,황찬유,황찬유,DRV_033,,,444,신병 캠프(08:00-17:00),80,400,405,06:40,06:45,T,True
driver_availability,driver,황찬유,황찬유,DRV_033,,,444,신병 캠프(08:00-17:00),81,405,410,06:45,06:50,T,True
driver_availability,driver,황찬유,황찬유,DRV_033,,,444,신병 캠프(08:00-17:00),82,410,415,06:50,06:55,T,True
driver_availability,driver,황찬유,황찬유,DRV_033,,,444,신병 캠프(08:00-17:00),83,415,420,06:55,07:00,T,True
driver_availability,driver,황찬유,황찬유,DRV_033,,,444,신병 캠프(08:00-17:00),84,420,425,07:00,07:05,T,True
driver_availability,driver,황찬유,황찬유,DRV_033,,,444,신병 캠프(08:00-17:00),85,425,430,07:05,07:10,T,True
driver_availability,driver,황찬유,황찬유,DRV_033,,,444,신병 캠프(08:00-17:00),86,430,435,07:10,07:15,T,True
driver_availability,driver,황찬유,황찬유,DRV_033,,,444,신병 캠프(08:00-17:00),87,435,440,07:15,07:20,T,True
driver_availability,driver,황찬유,황찬유,DRV_033,,,444,신병 캠프(08:00-17:00),88,440,445,07:20,07:25,T,True
driver_availability,driver,황찬유,황찬유,DRV_033,,,444,신병 캠프(08:00-17:00),89,445,450,07:25,07:30,T,True
driver_availability,driver,황찬유,황찬유,DRV_033,,,444,신병 캠프(08:00-17:00),90,450,455,07:30,07:35,T,True
driver_availability,driver,황찬유,황찬유,DRV_033,,,444,신병 캠프(08:00-17:00),91,455,460,07:35,07:40,T,True
driver_availability,driver,황찬유,황찬유,DRV_033,,,444,신병 캠프(08:00-17:00),92,460,465,07:40,07:45,T,True
driver_availability,driver,황찬유,황찬유,DRV_033,,,444,신병 캠프(08:00-17:00),93,465,470,07:45,07:50,T,True
driver_availability,driver,황찬유,황찬유,DRV_033,,,444,신병 캠프(08:00-17:00),94,470,475,07:50,07:55,T,True
driver_availability,driver,황찬유,황찬유,DRV_033,,,444,신병 캠프(08:00-17:00),95,475,480,07:55,08:00,T,True
driver_availability,driver,황찬유,황찬유,DRV_033,,,444,신병 캠프(08:00-17:00),96,480,485,08:00,08:05,F,False
driver_availability,driver,황찬유,황찬유,DRV_033,,,444,신병 캠프(08:00-17:00),97,485,490,08:05,08:10,F,False
driver_availability,driver,황찬유,황찬유,DRV_033,,,444,신병 캠프(08:00-17:00),98,490,495,08:10,08:15,F,False
driver_availability,driver,황찬유,황찬유,DRV_033,,,444,신병 캠프(08:00-17:00),99,495,500,08:15,08:20,F,False
driver_availability,driver,황찬유,황찬유,DRV_033,,,444,신병 캠프(08:00-17:00),100,500,505,08:20,08:25,F,False
driver_availability,driver,황찬유,황찬유,DRV_033,,,444,신병 캠프(08:00-17:00),101,505,510,08:25,08:30,F,False
driver_availability,driver,황찬유,황찬유,DRV_033,,,444,신병 캠프(08:00-17:00),102,510,515,08:30,08:35,F,False
driver_availability,driver,황찬유,황찬유,DRV_033,,,444,신병 캠프(08:00-17:00),103,515,520,08:35,08:40,F,False
driver_availability,driver,황찬유,황찬유,DRV_033,,,444,신병 캠프(08:00-17:00),104,520,525,08:40,08:45,F,False
driver_availability,driver,황찬유,황찬유,DRV_033,,,444,신병 캠프(08:00-17:00),105,525,530,08:45,08:50,F,False
driver_availability,driver,황찬유,황찬유,DRV_033,,,444,신병 캠프(08:00-17:00),106,530,535,08:50,08:55,F,False
driver_availability,driver,황찬유,황찬유,DRV_033,,,444,신병 캠프(08:00-17:00),107,535,540,08:55,09:00,F,False
driver_availability,driver,황찬유,황찬유,DRV_033,,,444,신병 캠프(08:00-17:00),108,540,545,09:00,09:05,F,False
driver_availability,driver,황찬유,황찬유,DRV_033,,,444,신병 캠프(08:00-17:00),109,545,550,09:05,09:10,F,False
driver_availability,driver,황찬유,황찬유,DRV_033,,,444,신병 캠프(08:00-17:00),110,550,555,09:10,09:15,F,False
driver_availability,driver,황찬유,황찬유,DRV_033,,,444,신병 캠프(08:00-17:00),111,555,560,09:15,09:20,F,False
driver_availability,driver,황찬유,황찬유,DRV_033,,,444,신병 캠프(08:00-17:00),112,560,565,09:20,09:25,F,False
driver_availability,driver,황찬유,황찬유,DRV_033,,,444,신병 캠프(08:00-17:00),113,565,570,09:25,09:30,F,False
driver_availability,driver,황찬유,황찬유,DRV_033,,,444,신병 캠프(08:00-17:00),114,570,575,09:30,09:35,F,False
driver_availability,driver,황찬유,황찬유,DRV_033,,,444,신병 캠프(08:00-17:00),115,575,580,09:35,09:40,F,False
driver_availability,driver,황찬유,황찬유,DRV_033,,,444,신병 캠프(08:00-17:00),116,580,585,09:40,09:45,F,False
driver_availability,driver,황찬유,황찬유,DRV_033,,,444,신병 캠프(08:00-17:00),117,585,590,09:45,09:50,F,False
driver_availability,driver,황찬유,황찬유,DRV_033,,,444,신병 캠프(08:00-17:00),118,590,595,09:50,09:55,F,False
driver_availability,driver,황찬유,황찬유,DRV_033,,,444,신병 캠프(08:00-17:00),119,595,600,09:55,10:00,F,False
driver_availability,driver,황찬유,황찬유,DRV_033,,,444,신병 캠프(08:00-17:00),120,600,605,10:00,10:05,F,False
driver_availability,driver,황찬유,황찬유,DRV_033,,,444,신병 캠프(08:00-17:00),121,605,610,10:05,10:10,F,False
driver_availability,driver,황찬유,황찬유,DRV_033,,,444,신병 캠프(08:00-17:00),122,610,615,10:10,10:15,F,False
driver_availability,driver,황찬유,황찬유,DRV_033,,,444,신병 캠프(08:00-17:00),123,615,620,10:15,10:20,F,False
driver_availability,driver,황찬유,황찬유,DRV_033,,,444,신병 캠프(08:00-17:00),124,620,625,10:20,10:25,F,False
driver_availability,driver,황찬유,황찬유,DRV_033,,,444,신병 캠프(08:00-17:00),125,625,630,10:25,10:30,F,False
driver_availability,driver,황찬유,황찬유,DRV_033,,,444,신병 캠프(08:00-17:00),126,630,635,10:30,10:35,F,False
driver_availability,driver,황찬유,황찬유,DRV_033,,,444,신병 캠프(08:00-17:00),127,635,640,10:35,10:40,F,False
driver_availability,driver,황찬유,황찬유,DRV_033,,,444,신병 캠프(08:00-17:00),128,640,645,10:40,10:45,F,False
driver_availability,driver,황찬유,황찬유,DRV_033,,,444,신병 캠프(08:00-17:00),129,645,650,10:45,10:50,F,False
driver_availability,driver,황찬유,황찬유,DRV_033,,,444,신병 캠프(08:00-17:00),130,650,655,10:50,10:55,F,False
driver_availability,driver,황찬유,황찬유,DRV_033,,,444,신병 캠프(08:00-17:00),131,655,660,10:55,11:00,F,False
driver_availability,driver,황찬유,황찬유,DRV_033,,,444,신병 캠프(08:00-17:00),132,660,665,11:00,11:05,F,False
driver_availability,driver,황찬유,황찬유,DRV_033,,,444,신병 캠프(08:00-17:00),133,665,670,11:05,11:10,F,False
driver_availability,driver,황찬유,황찬유,DRV_033,,,444,신병 캠프(08:00-17:00),134,670,675,11:10,11:15,F,False
driver_availability,driver,황찬유,황찬유,DRV_033,,,444,신병 캠프(08:00-17:00),135,675,680,11:15,11:20,F,False
driver_availability,driver,황찬유,황찬유,DRV_033,,,444,신병 캠프(08:00-17:00),136,680,685,11:20,11:25,F,False
driver_availability,driver,황찬유,황찬유,DRV_033,,,444,신병 캠프(08:00-17:00),137,685,690,11:25,11:30,F,False
driver_availability,driver,황찬유,황찬유,DRV_033,,,444,신병 캠프(08:00-17:00),138,690,695,11:30,11:35,F,False
driver_availability,driver,황찬유,황찬유,DRV_033,,,444,신병 캠프(08:00-17:00),139,695,700,11:35,11:40,F,False
driver_availability,driver,황찬유,황찬유,DRV_033,,,444,신병 캠프(08:00-17:00),140,700,705,11:40,11:45,F,False
driver_availability,driver,황찬유,황찬유,DRV_033,,,444,신병 캠프(08:00-17:00),141,705,710,11:45,11:50,F,False
driver_availability,driver,황찬유,황찬유,DRV_033,,,444,신병 캠프(08:00-17:00),142,710,715,11:50,11:55,F,False
driver_availability,driver,황찬유,황찬유,DRV_033,,,444,신병 캠프(08:00-17:00),143,715,720,11:55,12:00,F,False
driver_availability,driver,황찬유,황찬유,DRV_033,,,444,신병 캠프(08:00-17:00),144,720,725,12:00,12:05,F,False
driver_availability,driver,황찬유,황찬유,DRV_033,,,444,신병 캠프(08:00-17:00),145,725,730,12:05,12:10,F,False
driver_availability,driver,황찬유,황찬유,DRV_033,,,444,신병 캠프(08:00-17:00),146,730,735,12:10,12:15,F,False
driver_availability,driver,황찬유,황찬유,DRV_033,,,444,신병 캠프(08:00-17:00),147,735,740,12:15,12:20,F,False
driver_availability,driver,황찬유,황찬유,DRV_033,,,444,신병 캠프(08:00-17:00),148,740,745,12:20,12:25,F,False
driver_availability,driver,황찬유,황찬유,DRV_033,,,444,신병 캠프(08:00-17:00),149,745,750,12:25,12:30,F,False
driver_availability,driver,황찬유,황찬유,DRV_033,,,444,신병 캠프(08:00-17:00),150,750,755,12:30,12:35,F,False
driver_availability,driver,황찬유,황찬유,DRV_033,,,444,신병 캠프(08:00-17:00),151,755,760,12:35,12:40,F,False
driver_availability,driver,황찬유,황찬유,DRV_033,,,444,신병 캠프(08:00-17:00),152,760,765,12:40,12:45,F,False
driver_availability,driver,황찬유,황찬유,DRV_033,,,444,신병 캠프(08:00-17:00),153,765,770,12:45,12:50,F,False
driver_availability,driver,황찬유,황찬유,DRV_033,,,444,신병 캠프(08:00-17:00),154,770,775,12:50,12:55,F,False
driver_availability,driver,황찬유,황찬유,DRV_033,,,444,신병 캠프(08:00-17:00),155,775,780,12:55,13:00,F,False
driver_availability,driver,황찬유,황찬유,DRV_033,,,444,신병 캠프(08:00-17:00),156,780,785,13:00,13:05,F,False
driver_availability,driver,황찬유,황찬유,DRV_033,,,444,신병 캠프(08:00-17:00),157,785,790,13:05,13:10,F,False
driver_availability,driver,황찬유,황찬유,DRV_033,,,444,신병 캠프(08:00-17:00),158,790,795,13:10,13:15,F,False
driver_availability,driver,황찬유,황찬유,DRV_033,,,444,신병 캠프(08:00-17:00),159,795,800,13:15,13:20,F,False
driver_availability,driver,황찬유,황찬유,DRV_033,,,444,신병 캠프(08:00-17:00),160,800,805,13:20,13:25,F,False
driver_availability,driver,황찬유,황찬유,DRV_033,,,444,신병 캠프(08:00-17:00),161,805,810,13:25,13:30,F,False
driver_availability,driver,황찬유,황찬유,DRV_033,,,444,신병 캠프(08:00-17:00),162,810,815,13:30,13:35,F,False
driver_availability,driver,황찬유,황찬유,DRV_033,,,444,신병 캠프(08:00-17:00),163,815,820,13:35,13:40,F,False
driver_availability,driver,황찬유,황찬유,DRV_033,,,444,신병 캠프(08:00-17:00),164,820,825,13:40,13:45,F,False
driver_availability,driver,황찬유,황찬유,DRV_033,,,444,신병 캠프(08:00-17:00),165,825,830,13:45,13:50,F,False
driver_availability,driver,황찬유,황찬유,DRV_033,,,444,신병 캠프(08:00-17:00),166,830,835,13:50,13:55,F,False
driver_availability,driver,황찬유,황찬유,DRV_033,,,444,신병 캠프(08:00-17:00),167,835,840,13:55,14:00,F,False
driver_availability,driver,황찬유,황찬유,DRV_033,,,444,신병 캠프(08:00-17:00),168,840,845,14:00,14:05,F,False
driver_availability,driver,황찬유,황찬유,DRV_033,,,444,신병 캠프(08:00-17:00),169,845,850,14:05,14:10,F,False
driver_availability,driver,황찬유,황찬유,DRV_033,,,444,신병 캠프(08:00-17:00),170,850,855,14:10,14:15,F,False
driver_availability,driver,황찬유,황찬유,DRV_033,,,444,신병 캠프(08:00-17:00),171,855,860,14:15,14:20,F,False
driver_availability,driver,황찬유,황찬유,DRV_033,,,444,신병 캠프(08:00-17:00),172,860,865,14:20,14:25,F,False
driver_availability,driver,황찬유,황찬유,DRV_033,,,444,신병 캠프(08:00-17:00),173,865,870,14:25,14:30,F,False
driver_availability,driver,황찬유,황찬유,DRV_033,,,444,신병 캠프(08:00-17:00),174,870,875,14:30,14:35,F,False
driver_availability,driver,황찬유,황찬유,DRV_033,,,444,신병 캠프(08:00-17:00),175,875,880,14:35,14:40,F,False
driver_availability,driver,황찬유,황찬유,DRV_033,,,444,신병 캠프(08:00-17:00),176,880,885,14:40,14:45,F,False
driver_availability,driver,황찬유,황찬유,DRV_033,,,444,신병 캠프(08:00-17:00),177,885,890,14:45,14:50,F,False
driver_availability,driver,황찬유,황찬유,DRV_033,,,444,신병 캠프(08:00-17:00),178,890,895,14:50,14:55,F,False
driver_availability,driver,황찬유,황찬유,DRV_033,,,444,신병 캠프(08:00-17:00),179,895,900,14:55,15:00,F,False
driver_availability,driver,황찬유,황찬유,DRV_033,,,444,신병 캠프(08:00-17:00),180,900,905,15:00,15:05,F,False
driver_availability,driver,황찬유,황찬유,DRV_033,,,444,신병 캠프(08:00-17:00),181,905,910,15:05,15:10,F,False
driver_availability,driver,황찬유,황찬유,DRV_033,,,444,신병 캠프(08:00-17:00),182,910,915,15:10,15:15,F,False
driver_availability,driver,황찬유,황찬유,DRV_033,,,444,신병 캠프(08:00-17:00),183,915,920,15:15,15:20,F,False
driver_availability,driver,황찬유,황찬유,DRV_033,,,444,신병 캠프(08:00-17:00),184,920,925,15:20,15:25,F,False
driver_availability,driver,황찬유,황찬유,DRV_033,,,444,신병 캠프(08:00-17:00),185,925,930,15:25,15:30,F,False
driver_availability,driver,황찬유,황찬유,DRV_033,,,444,신병 캠프(08:00-17:00),186,930,935,15:30,15:35,F,False
driver_availability,driver,황찬유,황찬유,DRV_033,,,444,신병 캠프(08:00-17:00),187,935,940,15:35,15:40,F,False
driver_availability,driver,황찬유,황찬유,DRV_033,,,444,신병 캠프(08:00-17:00),188,940,945,15:40,15:45,F,False
driver_availability,driver,황찬유,황찬유,DRV_033,,,444,신병 캠프(08:00-17:00),189,945,950,15:45,15:50,F,False
driver_availability,driver,황찬유,황찬유,DRV_033,,,444,신병 캠프(08:00-17:00),190,950,955,15:50,15:55,F,False
driver_availability,driver,황찬유,황찬유,DRV_033,,,444,신병 캠프(08:00-17:00),191,955,960,15:55,16:00,F,False
driver_availability,driver,황찬유,황찬유,DRV_033,,,444,신병 캠프(08:00-17:00),192,960,965,16:00,16:05,F,False
driver_availability,driver,황찬유,황찬유,DRV_033,,,444,신병 캠프(08:00-17:00),193,965,970,16:05,16:10,F,False
driver_availability,driver,황찬유,황찬유,DRV_033,,,444,신병 캠프(08:00-17:00),194,970,975,16:10,16:15,F,False
driver_availability,driver,황찬유,황찬유,DRV_033,,,444,신병 캠프(08:00-17:00),195,975,980,16:15,16:20,F,False
driver_availability,driver,황찬유,황찬유,DRV_033,,,444,신병 캠프(08:00-17:00),196,980,985,16:20,16:25,F,False
driver_availability,driver,황찬유,황찬유,DRV_033,,,444,신병 캠프(08:00-17:00),197,985,990,16:25,16:30,F,False
driver_availability,driver,황찬유,황찬유,DRV_033,,,444,신병 캠프(08:00-17:00),198,990,995,16:30,16:35,F,False
driver_availability,driver,황찬유,황찬유,DRV_033,,,444,신병 캠프(08:00-17:00),199,995,1000,16:35,16:40,F,False
driver_availability,driver,황찬유,황찬유,DRV_033,,,444,신병 캠프(08:00-17:00),200,1000,1005,16:40,16:45,F,False
driver_availability,driver,황찬유,황찬유,DRV_033,,,444,신병 캠프(08:00-17:00),201,1005,1010,16:45,16:50,F,False
driver_availability,driver,황찬유,황찬유,DRV_033,,,444,신병 캠프(08:00-17:00),202,1010,1015,16:50,16:55,F,False
driver_availability,driver,황찬유,황찬유,DRV_033,,,444,신병 캠프(08:00-17:00),203,1015,1020,16:55,17:00,F,False
driver_availability,driver,황찬유,황찬유,DRV_033,,,444,신병 캠프(08:00-17:00),204,1020,1025,17:00,17:05,T,True
driver_availability,driver,황찬유,황찬유,DRV_033,,,444,신병 캠프(08:00-17:00),205,1025,1030,17:05,17:10,T,True
driver_availability,driver,황찬유,황찬유,DRV_033,,,444,신병 캠프(08:00-17:00),206,1030,1035,17:10,17:15,T,True
driver_availability,driver,황찬유,황찬유,DRV_033,,,444,신병 캠프(08:00-17:00),207,1035,1040,17:15,17:20,T,True
driver_availability,driver,황찬유,황찬유,DRV_033,,,444,신병 캠프(08:00-17:00),208,1040,1045,17:20,17:25,T,True
driver_availability,driver,황찬유,황찬유,DRV_033,,,444,신병 캠프(08:00-17:00),209,1045,1050,17:25,17:30,T,True
driver_availability,driver,황찬유,황찬유,DRV_033,,,444,신병 캠프(08:00-17:00),210,1050,1055,17:30,17:35,T,True
driver_availability,driver,황찬유,황찬유,DRV_033,,,444,신병 캠프(08:00-17:00),211,1055,1060,17:35,17:40,T,True
driver_availability,driver,황찬유,황찬유,DRV_033,,,444,신병 캠프(08:00-17:00),212,1060,1065,17:40,17:45,T,True
driver_availability,driver,황찬유,황찬유,DRV_033,,,444,신병 캠프(08:00-17:00),213,1065,1070,17:45,17:50,T,True
driver_availability,driver,황찬유,황찬유,DRV_033,,,444,신병 캠프(08:00-17:00),214,1070,1075,17:50,17:55,T,True
driver_availability,driver,황찬유,황찬유,DRV_033,,,444,신병 캠프(08:00-17:00),215,1075,1080,17:55,18:00,T,True
driver_availability,driver,황찬유,황찬유,DRV_033,,,444,신병 캠프(08:00-17:00),216,1080,1085,18:00,18:05,T,True
driver_availability,driver,황찬유,황찬유,DRV_033,,,444,신병 캠프(08:00-17:00),217,1085,1090,18:05,18:10,T,True
driver_availability,driver,황찬유,황찬유,DRV_033,,,444,신병 캠프(08:00-17:00),218,1090,1095,18:10,18:15,T,True
driver_availability,driver,황찬유,황찬유,DRV_033,,,444,신병 캠프(08:00-17:00),219,1095,1100,18:15,18:20,T,True
driver_availability,driver,황찬유,황찬유,DRV_033,,,444,신병 캠프(08:00-17:00),220,1100,1105,18:20,18:25,T,True
driver_availability,driver,황찬유,황찬유,DRV_033,,,444,신병 캠프(08:00-17:00),221,1105,1110,18:25,18:30,T,True
driver_availability,driver,황찬유,황찬유,DRV_033,,,444,신병 캠프(08:00-17:00),222,1110,1115,18:30,18:35,T,True
driver_availability,driver,황찬유,황찬유,DRV_033,,,444,신병 캠프(08:00-17:00),223,1115,1120,18:35,18:40,T,True
driver_availability,driver,황찬유,황찬유,DRV_033,,,444,신병 캠프(08:00-17:00),224,1120,1125,18:40,18:45,T,True
driver_availability,driver,황찬유,황찬유,DRV_033,,,444,신병 캠프(08:00-17:00),225,1125,1130,18:45,18:50,T,True
driver_availability,driver,황찬유,황찬유,DRV_033,,,444,신병 캠프(08:00-17:00),226,1130,1135,18:50,18:55,T,True
driver_availability,driver,황찬유,황찬유,DRV_033,,,444,신병 캠프(08:00-17:00),227,1135,1140,18:55,19:00,T,True
driver_availability,driver,황찬유,황찬유,DRV_033,,,444,신병 캠프(08:00-17:00),228,1140,1145,19:00,19:05,T,True
driver_availability,driver,황찬유,황찬유,DRV_033,,,444,신병 캠프(08:00-17:00),229,1145,1150,19:05,19:10,T,True
driver_availability,driver,황찬유,황찬유,DRV_033,,,444,신병 캠프(08:00-17:00),230,1150,1155,19:10,19:15,T,True
driver_availability,driver,황찬유,황찬유,DRV_033,,,444,신병 캠프(08:00-17:00),231,1155,1160,19:15,19:20,T,True
driver_availability,driver,황찬유,황찬유,DRV_033,,,444,신병 캠프(08:00-17:00),232,1160,1165,19:20,19:25,T,True
driver_availability,driver,황찬유,황찬유,DRV_033,,,444,신병 캠프(08:00-17:00),233,1165,1170,19:25,19:30,T,True
driver_availability,driver,황찬유,황찬유,DRV_033,,,444,신병 캠프(08:00-17:00),234,1170,1175,19:30,19:35,T,True
driver_availability,driver,황찬유,황찬유,DRV_033,,,444,신병 캠프(08:00-17:00),235,1175,1180,19:35,19:40,T,True
driver_availability,driver,황찬유,황찬유,DRV_033,,,444,신병 캠프(08:00-17:00),236,1180,1185,19:40,19:45,T,True
driver_availability,driver,황찬유,황찬유,DRV_033,,,444,신병 캠프(08:00-17:00),237,1185,1190,19:45,19:50,T,True
driver_availability,driver,황찬유,황찬유,DRV_033,,,444,신병 캠프(08:00-17:00),238,1190,1195,19:50,19:55,T,True
driver_availability,driver,황찬유,황찬유,DRV_033,,,444,신병 캠프(08:00-17:00),239,1195,1200,19:55,20:00,T,True
driver_availability,driver,황찬유,황찬유,DRV_033,,,444,신병 캠프(08:00-17:00),240,1200,1205,20:00,20:05,T,True
driver_availability,driver,황찬유,황찬유,DRV_033,,,444,신병 캠프(08:00-17:00),241,1205,1210,20:05,20:10,T,True
driver_availability,driver,황찬유,황찬유,DRV_033,,,444,신병 캠프(08:00-17:00),242,1210,1215,20:10,20:15,T,True
driver_availability,driver,황찬유,황찬유,DRV_033,,,444,신병 캠프(08:00-17:00),243,1215,1220,20:15,20:20,T,True
driver_availability,driver,황찬유,황찬유,DRV_033,,,444,신병 캠프(08:00-17:00),244,1220,1225,20:20,20:25,T,True
driver_availability,driver,황찬유,황찬유,DRV_033,,,444,신병 캠프(08:00-17:00),245,1225,1230,20:25,20:30,T,True
driver_availability,driver,황찬유,황찬유,DRV_033,,,444,신병 캠프(08:00-17:00),246,1230,1235,20:30,20:35,T,True
driver_availability,driver,황찬유,황찬유,DRV_033,,,444,신병 캠프(08:00-17:00),247,1235,1240,20:35,20:40,T,True
driver_availability,driver,황찬유,황찬유,DRV_033,,,444,신병 캠프(08:00-17:00),248,1240,1245,20:40,20:45,T,True
driver_availability,driver,황찬유,황찬유,DRV_033,,,444,신병 캠프(08:00-17:00),249,1245,1250,20:45,20:50,T,True
driver_availability,driver,황찬유,황찬유,DRV_033,,,444,신병 캠프(08:00-17:00),250,1250,1255,20:50,20:55,T,True
driver_availability,driver,황찬유,황찬유,DRV_033,,,444,신병 캠프(08:00-17:00),251,1255,1260,20:55,21:00,T,True
driver_availability,driver,황찬유,황찬유,DRV_033,,,444,신병 캠프(08:00-17:00),252,1260,1265,21:00,21:05,T,True
driver_availability,driver,황찬유,황찬유,DRV_033,,,444,신병 캠프(08:00-17:00),253,1265,1270,21:05,21:10,T,True
driver_availability,driver,황찬유,황찬유,DRV_033,,,444,신병 캠프(08:00-17:00),254,1270,1275,21:10,21:15,T,True
driver_availability,driver,황찬유,황찬유,DRV_033,,,444,신병 캠프(08:00-17:00),255,1275,1280,21:15,21:20,T,True
driver_availability,driver,황찬유,황찬유,DRV_033,,,444,신병 캠프(08:00-17:00),256,1280,1285,21:20,21:25,T,True
driver_availability,driver,황찬유,황찬유,DRV_033,,,444,신병 캠프(08:00-17:00),257,1285,1290,21:25,21:30,T,True
driver_availability,driver,황찬유,황찬유,DRV_033,,,444,신병 캠프(08:00-17:00),258,1290,1295,21:30,21:35,T,True
driver_availability,driver,황찬유,황찬유,DRV_033,,,444,신병 캠프(08:00-17:00),259,1295,1300,21:35,21:40,T,True
driver_availability,driver,황찬유,황찬유,DRV_033,,,444,신병 캠프(08:00-17:00),260,1300,1305,21:40,21:45,T,True
driver_availability,driver,황찬유,황찬유,DRV_033,,,444,신병 캠프(08:00-17:00),261,1305,1310,21:45,21:50,T,True
driver_availability,driver,황찬유,황찬유,DRV_033,,,444,신병 캠프(08:00-17:00),262,1310,1315,21:50,21:55,T,True
driver_availability,driver,황찬유,황찬유,DRV_033,,,444,신병 캠프(08:00-17:00),263,1315,1320,21:55,22:00,T,True
driver_availability,driver,황찬유,황찬유,DRV_033,,,444,신병 캠프(08:00-17:00),264,1320,1325,22:00,22:05,T,True
driver_availability,driver,황찬유,황찬유,DRV_033,,,444,신병 캠프(08:00-17:00),265,1325,1330,22:05,22:10,T,True
driver_availability,driver,황찬유,황찬유,DRV_033,,,444,신병 캠프(08:00-17:00),266,1330,1335,22:10,22:15,T,True
driver_availability,driver,황찬유,황찬유,DRV_033,,,444,신병 캠프(08:00-17:00),267,1335,1340,22:15,22:20,T,True
driver_availability,driver,황찬유,황찬유,DRV_033,,,444,신병 캠프(08:00-17:00),268,1340,1345,22:20,22:25,T,True
driver_availability,driver,황찬유,황찬유,DRV_033,,,444,신병 캠프(08:00-17:00),269,1345,1350,22:25,22:30,T,True
driver_availability,driver,황찬유,황찬유,DRV_033,,,444,신병 캠프(08:00-17:00),270,1350,1355,22:30,22:35,T,True
driver_availability,driver,황찬유,황찬유,DRV_033,,,444,신병 캠프(08:00-17:00),271,1355,1360,22:35,22:40,T,True
driver_availability,driver,황찬유,황찬유,DRV_033,,,444,신병 캠프(08:00-17:00),272,1360,1365,22:40,22:45,T,True
driver_availability,driver,황찬유,황찬유,DRV_033,,,444,신병 캠프(08:00-17:00),273,1365,1370,22:45,22:50,T,True
driver_availability,driver,황찬유,황찬유,DRV_033,,,444,신병 캠프(08:00-17:00),274,1370,1375,22:50,22:55,T,True
driver_availability,driver,황찬유,황찬유,DRV_033,,,444,신병 캠프(08:00-17:00),275,1375,1380,22:55,23:00,T,True
driver_availability,driver,황찬유,황찬유,DRV_033,,,444,신병 캠프(08:00-17:00),276,1380,1385,23:00,23:05,T,True
driver_availability,driver,황찬유,황찬유,DRV_033,,,444,신병 캠프(08:00-17:00),277,1385,1390,23:05,23:10,T,True
driver_availability,driver,황찬유,황찬유,DRV_033,,,444,신병 캠프(08:00-17:00),278,1390,1395,23:10,23:15,T,True
driver_availability,driver,황찬유,황찬유,DRV_033,,,444,신병 캠프(08:00-17:00),279,1395,1400,23:15,23:20,T,True
driver_availability,driver,황찬유,황찬유,DRV_033,,,444,신병 캠프(08:00-17:00),280,1400,1405,23:20,23:25,T,True
driver_availability,driver,황찬유,황찬유,DRV_033,,,444,신병 캠프(08:00-17:00),281,1405,1410,23:25,23:30,T,True
driver_availability,driver,황찬유,황찬유,DRV_033,,,444,신병 캠프(08:00-17:00),282,1410,1415,23:30,23:35,T,True
driver_availability,driver,황찬유,황찬유,DRV_033,,,444,신병 캠프(08:00-17:00),283,1415,1420,23:35,23:40,T,True
driver_availability,driver,황찬유,황찬유,DRV_033,,,444,신병 캠프(08:00-17:00),284,1420,1425,23:40,23:45,T,True
driver_availability,driver,황찬유,황찬유,DRV_033,,,444,신병 캠프(08:00-17:00),285,1425,1430,23:45,23:50,T,True
driver_availability,driver,황찬유,황찬유,DRV_033,,,444,신병 캠프(08:00-17:00),286,1430,1435,23:50,23:55,T,True
driver_availability,driver,황찬유,황찬유,DRV_033,,,444,신병 캠프(08:00-17:00),287,1435,1440,23:55,24:00,T,True
